<?xml version="1.0" encoding="UTF-8"?>
<PeakList>
  <PeakList1D>
    <PeakList1DHeader creator="root" date="2021-09-29T10:18:41.280+08:00" expNo="1" name="0929ysfzz-zllt" owner="" procNo="1" source="D:/Zhi-Ming Zhang">
      <PeakPickDetails>F1=16.190559ppm, F2=-3.834984ppm, MI=0.00cm, MAXI=10000.00cm, PC=1.000
      </PeakPickDetails>
    </PeakList1DHeader>
    <Peak1D F1="16.189932" intensity="1.086374e-002" type="0"/>
    <Peak1D F1="11.436275" intensity="2.807146e-002" type="0"/>
    <Peak1D F1="11.374785" intensity="1.604259e-002" type="0"/>
    <Peak1D F1="11.302840" intensity="7.582953e-003" type="0"/>
    <Peak1D F1="11.140217" intensity="1.620521e-002" type="0"/>
    <Peak1D F1="10.845214" intensity="6.350485e-002" type="0"/>
    <Peak1D F1="10.237823" intensity="3.685169e-002" type="0"/>
    <Peak1D F1="10.217557" intensity="3.689779e-002" type="0"/>
    <Peak1D F1="8.120785" intensity="4.044146e-002" type="0"/>
    <Peak1D F1="7.321631" intensity="1.272539e-002" type="0"/>
    <Peak1D F1="7.257550" intensity="7.270601e-001" type="0"/>
    <Peak1D F1="7.216517" intensity="7.882115e-001" type="0"/>
    <Peak1D F1="7.178295" intensity="2.048139e-002" type="0"/>
    <Peak1D F1="7.153160" intensity="1.303938e-002" type="0"/>
    <Peak1D F1="7.074148" intensity="1.924263e-001" type="0"/>
    <Peak1D F1="7.034653" intensity="2.065287e-001" type="0"/>
    <Peak1D F1="6.927464" intensity="1.507640e-002" type="0"/>
    <Peak1D F1="6.805362" intensity="7.484034e-003" type="0"/>
    <Peak1D F1="6.766372" intensity="1.352902e-002" type="0"/>
    <Peak1D F1="6.725703" intensity="9.832017e-003" type="0"/>
    <Peak1D F1="6.599788" intensity="6.757129e-003" type="0"/>
    <Peak1D F1="6.575451" intensity="7.039024e-003" type="0"/>
    <Peak1D F1="6.418378" intensity="9.610401e-003" type="0"/>
    <Peak1D F1="6.377810" intensity="1.418746e-002" type="0"/>
    <Peak1D F1="6.354300" intensity="1.033743e-002" type="0"/>
    <Peak1D F1="6.312892" intensity="9.325064e-003" type="0"/>
    <Peak1D F1="6.268695" intensity="9.334454e-003" type="0"/>
    <Peak1D F1="6.227411" intensity="9.025446e-003" type="0"/>
    <Peak1D F1="6.176445" intensity="2.260009e-002" type="0"/>
    <Peak1D F1="6.162747" intensity="1.010517e-002" type="0"/>
    <Peak1D F1="6.134950" intensity="2.462197e-002" type="0"/>
    <Peak1D F1="6.118896" intensity="1.582051e-002" type="0"/>
    <Peak1D F1="6.098041" intensity="2.056639e-001" type="0"/>
    <Peak1D F1="6.072579" intensity="1.497647e+000" type="0"/>
    <Peak1D F1="6.058580" intensity="2.069282e-001" type="0"/>
    <Peak1D F1="6.031453" intensity="1.404684e+000" type="0"/>
    <Peak1D F1="6.008895" intensity="5.961272e-002" type="0"/>
    <Peak1D F1="5.996587" intensity="1.204106e+000" type="0"/>
    <Peak1D F1="5.969110" intensity="1.321362e+000" type="0"/>
    <Peak1D F1="5.952759" intensity="1.375700e+000" type="0"/>
    <Peak1D F1="5.925286" intensity="1.405498e+000" type="0"/>
    <Peak1D F1="5.866698" intensity="3.485018e-002" type="0"/>
    <Peak1D F1="5.846359" intensity="3.320101e-002" type="0"/>
    <Peak1D F1="5.798428" intensity="8.106205e-003" type="0"/>
    <Peak1D F1="5.770974" intensity="6.133154e-003" type="0"/>
    <Peak1D F1="5.754611" intensity="6.394388e-003" type="0"/>
    <Peak1D F1="5.727136" intensity="7.923521e-003" type="0"/>
    <Peak1D F1="5.713417" intensity="7.226034e-003" type="0"/>
    <Peak1D F1="5.649918" intensity="2.036878e-002" type="0"/>
    <Peak1D F1="5.610231" intensity="3.978480e-002" type="0"/>
    <Peak1D F1="5.570290" intensity="1.152723e-002" type="0"/>
    <Peak1D F1="5.515244" intensity="1.263517e-002" type="0"/>
    <Peak1D F1="5.497247" intensity="2.956958e-002" type="0"/>
    <Peak1D F1="5.479320" intensity="1.625806e-002" type="0"/>
    <Peak1D F1="5.457736" intensity="1.465722e-002" type="0"/>
    <Peak1D F1="5.347394" intensity="1.175155e-002" type="0"/>
    <Peak1D F1="5.303479" intensity="1.172059e-002" type="0"/>
    <Peak1D F1="5.282603" intensity="1.528797e-002" type="0"/>
    <Peak1D F1="5.257528" intensity="1.625495e-002" type="0"/>
    <Peak1D F1="5.157562" intensity="1.749552e+000" type="0"/>
    <Peak1D F1="5.155211" intensity="1.811271e+000" type="0"/>
    <Peak1D F1="5.113744" intensity="1.628896e+000" type="0"/>
    <Peak1D F1="5.111382" intensity="1.644832e+000" type="0"/>
    <Peak1D F1="5.088608" intensity="2.255068e+000" type="0"/>
    <Peak1D F1="5.086156" intensity="2.060516e+000" type="0"/>
    <Peak1D F1="5.078499" intensity="9.251300e-001" type="0"/>
    <Peak1D F1="5.075156" intensity="1.108071e+000" type="0"/>
    <Peak1D F1="5.071932" intensity="9.287505e-001" type="0"/>
    <Peak1D F1="5.061023" intensity="2.140724e+000" type="0"/>
    <Peak1D F1="5.058593" intensity="2.077523e+000" type="0"/>
    <Peak1D F1="4.960984" intensity="1.185403e-002" type="0"/>
    <Peak1D F1="4.917092" intensity="9.805096e-003" type="0"/>
    <Peak1D F1="4.887968" intensity="2.576585e-002" type="0"/>
    <Peak1D F1="4.860544" intensity="1.154929e-002" type="0"/>
    <Peak1D F1="4.818072" intensity="6.392590e-003" type="0"/>
    <Peak1D F1="4.687401" intensity="1.860833e-002" type="0"/>
    <Peak1D F1="4.655268" intensity="1.754444e-002" type="0"/>
    <Peak1D F1="4.154604" intensity="9.927584e-003" type="0"/>
    <Peak1D F1="3.839845" intensity="9.813389e-003" type="0"/>
    <Peak1D F1="3.710838" intensity="8.728751e-003" type="0"/>
    <Peak1D F1="3.429235" intensity="2.175995e-002" type="0"/>
    <Peak1D F1="3.294615" intensity="1.104685e-001" type="0"/>
    <Peak1D F1="3.161794" intensity="2.921876e-002" type="0"/>
    <Peak1D F1="3.154312" intensity="3.240623e-002" type="0"/>
    <Peak1D F1="3.087664" intensity="9.423207e-003" type="0"/>
    <Peak1D F1="3.021335" intensity="1.059808e-002" type="0"/>
    <Peak1D F1="2.657398" intensity="1.387030e-002" type="0"/>
    <Peak1D F1="2.641941" intensity="2.947372e-002" type="0"/>
    <Peak1D F1="2.626108" intensity="1.562370e-002" type="0"/>
    <Peak1D F1="2.561367" intensity="2.128576e-002" type="0"/>
    <Peak1D F1="2.545385" intensity="2.372718e-002" type="0"/>
    <Peak1D F1="2.534292" intensity="3.272777e-002" type="0"/>
    <Peak1D F1="2.518379" intensity="1.380762e-001" type="0"/>
    <Peak1D F1="2.514222" intensity="1.747939e-001" type="0"/>
    <Peak1D F1="2.509729" intensity="1.200855e-001" type="0"/>
    <Peak1D F1="2.488609" intensity="2.367404e-002" type="0"/>
    <Peak1D F1="2.471967" intensity="3.150094e-002" type="0"/>
    <Peak1D F1="2.454183" intensity="2.143795e-002" type="0"/>
    <Peak1D F1="2.407640" intensity="7.131425e-002" type="0"/>
    <Peak1D F1="2.389122" intensity="3.085973e-002" type="0"/>
    <Peak1D F1="2.334396" intensity="1.417590e-001" type="0"/>
    <Peak1D F1="2.288815" intensity="9.780359e-002" type="0"/>
    <Peak1D F1="2.275309" intensity="2.302574e-001" type="0"/>
    <Peak1D F1="2.264539" intensity="3.961157e-001" type="0"/>
    <Peak1D F1="2.250514" intensity="1.022006e+001" type="0"/>
    <Peak1D F1="2.205234" intensity="1.262808e-001" type="0"/>
    <Peak1D F1="2.172755" intensity="3.473222e-002" type="0"/>
    <Peak1D F1="2.135156" intensity="4.721221e-002" type="0"/>
    <Peak1D F1="2.111042" intensity="1.323312e-001" type="0"/>
    <Peak1D F1="2.090108" intensity="1.919752e-001" type="0"/>
    <Peak1D F1="2.078549" intensity="7.712959e-001" type="0"/>
    <Peak1D F1="2.063129" intensity="1.547895e+000" type="0"/>
    <Peak1D F1="2.047676" intensity="8.577941e-001" type="0"/>
    <Peak1D F1="2.021676" intensity="7.815430e-002" type="0"/>
    <Peak1D F1="1.951468" intensity="1.383448e+001" type="0"/>
    <Peak1D F1="1.922914" intensity="1.605879e+000" type="0"/>
    <Peak1D F1="1.911687" intensity="9.067157e-001" type="0"/>
    <Peak1D F1="1.905240" intensity="9.589262e-001" type="0"/>
    <Peak1D F1="1.883875" intensity="3.005005e-001" type="0"/>
    <Peak1D F1="1.868198" intensity="6.801636e-001" type="0"/>
    <Peak1D F1="1.850599" intensity="5.088245e-001" type="0"/>
    <Peak1D F1="1.846535" intensity="4.054626e-001" type="0"/>
    <Peak1D F1="1.835666" intensity="1.000892e+000" type="0"/>
    <Peak1D F1="1.828742" intensity="3.903055e-001" type="0"/>
    <Peak1D F1="1.814327" intensity="1.067942e+000" type="0"/>
    <Peak1D F1="1.794946" intensity="7.699541e-001" type="0"/>
    <Peak1D F1="1.778134" intensity="1.984639e-001" type="0"/>
    <Peak1D F1="1.761324" intensity="9.363644e-001" type="0"/>
    <Peak1D F1="1.743988" intensity="6.195757e+000" type="0"/>
    <Peak1D F1="1.728840" intensity="7.134098e-001" type="0"/>
    <Peak1D F1="1.720740" intensity="7.068699e-001" type="0"/>
    <Peak1D F1="1.708383" intensity="7.830576e-001" type="0"/>
    <Peak1D F1="1.687111" intensity="3.783471e-001" type="0"/>
    <Peak1D F1="1.641447" intensity="6.530884e+000" type="0"/>
    <Peak1D F1="1.620891" intensity="4.828000e-001" type="0"/>
    <Peak1D F1="1.613762" intensity="8.988474e-001" type="0"/>
    <Peak1D F1="1.605361" intensity="8.240930e-001" type="0"/>
    <Peak1D F1="1.599077" intensity="1.189184e+000" type="0"/>
    <Peak1D F1="1.590054" intensity="8.461134e-001" type="0"/>
    <Peak1D F1="1.583756" intensity="1.170385e+000" type="0"/>
    <Peak1D F1="1.573840" intensity="5.560551e-001" type="0"/>
    <Peak1D F1="1.567673" intensity="7.883998e-001" type="0"/>
    <Peak1D F1="1.555753" intensity="7.264514e+000" type="0"/>
    <Peak1D F1="1.529931" intensity="1.964166e-001" type="0"/>
    <Peak1D F1="1.506728" intensity="2.662608e-001" type="0"/>
    <Peak1D F1="1.482704" intensity="1.170079e+001" type="0"/>
    <Peak1D F1="1.473139" intensity="1.740043e+000" type="0"/>
    <Peak1D F1="1.463915" intensity="1.389199e+000" type="0"/>
    <Peak1D F1="1.457803" intensity="1.144154e+000" type="0"/>
    <Peak1D F1="1.449830" intensity="1.304642e+000" type="0"/>
    <Peak1D F1="1.423575" intensity="1.655868e-001" type="0"/>
    <Peak1D F1="1.411367" intensity="2.105671e-001" type="0"/>
    <Peak1D F1="1.398587" intensity="2.400196e-001" type="0"/>
    <Peak1D F1="1.385701" intensity="2.516441e-001" type="0"/>
    <Peak1D F1="1.380785" intensity="2.430573e-001" type="0"/>
    <Peak1D F1="1.370686" intensity="1.985518e-001" type="0"/>
    <Peak1D F1="1.360171" intensity="1.197188e-001" type="0"/>
    <Peak1D F1="1.340031" intensity="2.607773e-001" type="0"/>
    <Peak1D F1="1.321423" intensity="1.362858e-001" type="0"/>
    <Peak1D F1="1.307544" intensity="6.699664e-002" type="0"/>
    <Peak1D F1="1.289825" intensity="5.999347e-002" type="0"/>
    <Peak1D F1="1.239063" intensity="1.143885e-001" type="0"/>
    <Peak1D F1="1.225515" intensity="6.372319e-001" type="0"/>
    <Peak1D F1="1.213761" intensity="1.520328e-001" type="0"/>
    <Peak1D F1="1.195172" intensity="1.290192e-001" type="0"/>
    <Peak1D F1="1.188293" intensity="2.413041e-001" type="0"/>
    <Peak1D F1="1.173940" intensity="2.661197e-001" type="0"/>
    <Peak1D F1="1.166187" intensity="2.393825e-001" type="0"/>
    <Peak1D F1="1.140493" intensity="9.341796e-001" type="0"/>
    <Peak1D F1="1.106203" intensity="1.314538e+000" type="0"/>
    <Peak1D F1="1.093249" intensity="1.739189e-001" type="0"/>
    <Peak1D F1="1.080227" intensity="3.876341e-001" type="0"/>
    <Peak1D F1="1.058641" intensity="1.500000e+001" type="0"/>
    <Peak1D F1="1.032839" intensity="3.290124e-001" type="0"/>
    <Peak1D F1="1.023995" intensity="2.823094e-001" type="0"/>
    <Peak1D F1="1.018291" intensity="3.230422e-001" type="0"/>
    <Peak1D F1="0.986235" intensity="1.243436e-001" type="0"/>
    <Peak1D F1="0.980960" intensity="1.226610e-001" type="0"/>
    <Peak1D F1="0.963587" intensity="7.556854e-002" type="0"/>
    <Peak1D F1="0.951720" intensity="7.096729e-002" type="0"/>
    <Peak1D F1="0.900832" intensity="1.752817e-001" type="0"/>
    <Peak1D F1="0.877193" intensity="9.336002e-001" type="0"/>
    <Peak1D F1="0.855450" intensity="6.534050e-002" type="0"/>
    <Peak1D F1="0.848893" intensity="7.034954e-002" type="0"/>
    <Peak1D F1="0.841675" intensity="9.108429e-002" type="0"/>
    <Peak1D F1="0.835818" intensity="1.129133e-001" type="0"/>
    <Peak1D F1="0.823067" intensity="1.287257e-001" type="0"/>
    <Peak1D F1="0.814697" intensity="5.852986e-002" type="0"/>
    <Peak1D F1="0.804338" intensity="6.417827e-002" type="0"/>
    <Peak1D F1="0.787785" intensity="3.989792e-002" type="0"/>
    <Peak1D F1="0.735754" intensity="2.274510e-002" type="0"/>
    <Peak1D F1="0.725254" intensity="4.793139e-002" type="0"/>
    <Peak1D F1="0.592752" intensity="1.495785e-002" type="0"/>
    <Peak1D F1="-0.000149" intensity="8.933016e-002" type="0"/>
  </PeakList1D>
</PeakList>
