<?xml version="1.0" encoding="UTF-8"?>
<PeakList>
  <PeakList1D>
    <PeakList1DHeader creator="root" date="2021-09-13T15:40:54.554+08:00" expNo="1" name="0913YSFZZ" owner="" procNo="1" source="D:/Zhi-Ming Zhang">
      <PeakPickDetails>F1=16.185789ppm, F2=-3.839754ppm, MI=0.00cm, MAXI=10000.00cm, PC=1.000
      </PeakPickDetails>
    </PeakList1DHeader>
    <Peak1D F1="16.144524" intensity="8.170257e-004" type="0"/>
    <Peak1D F1="16.110178" intensity="8.220234e-004" type="0"/>
    <Peak1D F1="16.024931" intensity="7.500105e-004" type="0"/>
    <Peak1D F1="15.972336" intensity="7.360004e-004" type="0"/>
    <Peak1D F1="15.910243" intensity="6.725336e-004" type="0"/>
    <Peak1D F1="15.879924" intensity="6.696400e-004" type="0"/>
    <Peak1D F1="15.863015" intensity="6.490028e-004" type="0"/>
    <Peak1D F1="15.839050" intensity="6.480181e-004" type="0"/>
    <Peak1D F1="15.817571" intensity="6.603735e-004" type="0"/>
    <Peak1D F1="15.756401" intensity="6.140651e-004" type="0"/>
    <Peak1D F1="15.662179" intensity="5.460053e-004" type="0"/>
    <Peak1D F1="15.626270" intensity="5.004564e-004" type="0"/>
    <Peak1D F1="15.607032" intensity="5.356850e-004" type="0"/>
    <Peak1D F1="15.598961" intensity="4.853570e-004" type="0"/>
    <Peak1D F1="15.577821" intensity="4.590609e-004" type="0"/>
    <Peak1D F1="15.527194" intensity="4.430152e-004" type="0"/>
    <Peak1D F1="15.513910" intensity="4.580154e-004" type="0"/>
    <Peak1D F1="15.449489" intensity="3.879227e-004" type="0"/>
    <Peak1D F1="15.430580" intensity="3.417823e-004" type="0"/>
    <Peak1D F1="15.425696" intensity="3.462237e-004" type="0"/>
    <Peak1D F1="15.393348" intensity="3.345787e-004" type="0"/>
    <Peak1D F1="15.335444" intensity="3.015997e-004" type="0"/>
    <Peak1D F1="15.327784" intensity="3.067560e-004" type="0"/>
    <Peak1D F1="12.006008" intensity="4.717900e-004" type="0"/>
    <Peak1D F1="11.969165" intensity="6.731600e-004" type="0"/>
    <Peak1D F1="11.949854" intensity="6.677626e-004" type="0"/>
    <Peak1D F1="11.885043" intensity="3.455010e-004" type="0"/>
    <Peak1D F1="11.834938" intensity="4.616683e-004" type="0"/>
    <Peak1D F1="11.778184" intensity="6.306758e-004" type="0"/>
    <Peak1D F1="11.567115" intensity="4.342622e-004" type="0"/>
    <Peak1D F1="11.505881" intensity="2.642191e-003" type="0"/>
    <Peak1D F1="11.430382" intensity="3.952143e-003" type="0"/>
    <Peak1D F1="11.300248" intensity="8.552206e-003" type="0"/>
    <Peak1D F1="11.297182" intensity="8.349861e-003" type="0"/>
    <Peak1D F1="11.168880" intensity="1.607163e-003" type="0"/>
    <Peak1D F1="11.153890" intensity="1.969345e-003" type="0"/>
    <Peak1D F1="10.934449" intensity="3.157993e-004" type="0"/>
    <Peak1D F1="10.897282" intensity="5.725311e-004" type="0"/>
    <Peak1D F1="10.880749" intensity="5.769599e-004" type="0"/>
    <Peak1D F1="10.843584" intensity="8.012781e-002" type="0"/>
    <Peak1D F1="10.805260" intensity="1.243071e-003" type="0"/>
    <Peak1D F1="10.786060" intensity="6.710331e-004" type="0"/>
    <Peak1D F1="10.699693" intensity="4.588286e-004" type="0"/>
    <Peak1D F1="10.657063" intensity="8.261867e-004" type="0"/>
    <Peak1D F1="10.642327" intensity="6.357090e-004" type="0"/>
    <Peak1D F1="10.405357" intensity="2.989230e-004" type="0"/>
    <Peak1D F1="10.176997" intensity="4.206225e-004" type="0"/>
    <Peak1D F1="10.088896" intensity="4.979207e-004" type="0"/>
    <Peak1D F1="10.047603" intensity="3.059931e-004" type="0"/>
    <Peak1D F1="9.992607" intensity="3.166039e-004" type="0"/>
    <Peak1D F1="9.948412" intensity="3.012686e-004" type="0"/>
    <Peak1D F1="9.922392" intensity="3.087888e-004" type="0"/>
    <Peak1D F1="9.899529" intensity="2.976499e-004" type="0"/>
    <Peak1D F1="9.672554" intensity="3.591485e-004" type="0"/>
    <Peak1D F1="9.623216" intensity="3.390494e-004" type="0"/>
    <Peak1D F1="9.578793" intensity="7.760870e-004" type="0"/>
    <Peak1D F1="9.559875" intensity="9.503959e-004" type="0"/>
    <Peak1D F1="9.552483" intensity="7.411522e-004" type="0"/>
    <Peak1D F1="9.541862" intensity="4.581838e-004" type="0"/>
    <Peak1D F1="9.385407" intensity="2.012782e-003" type="0"/>
    <Peak1D F1="9.372762" intensity="3.144004e-004" type="0"/>
    <Peak1D F1="8.116131" intensity="1.896788e-003" type="0"/>
    <Peak1D F1="6.187098" intensity="6.302447e-003" type="0"/>
    <Peak1D F1="6.159534" intensity="7.713535e-003" type="0"/>
    <Peak1D F1="6.143300" intensity="7.015292e-003" type="0"/>
    <Peak1D F1="6.131427" intensity="5.285304e-004" type="0"/>
    <Peak1D F1="6.115707" intensity="8.470835e-003" type="0"/>
    <Peak1D F1="6.087334" intensity="4.975735e-004" type="0"/>
    <Peak1D F1="6.054581" intensity="7.085527e-004" type="0"/>
    <Peak1D F1="6.034299" intensity="2.931293e-002" type="0"/>
    <Peak1D F1="6.006665" intensity="5.891822e-002" type="0"/>
    <Peak1D F1="5.993478" intensity="1.372574e+000" type="0"/>
    <Peak1D F1="5.965992" intensity="1.513288e+000" type="0"/>
    <Peak1D F1="5.949631" intensity="1.582963e+000" type="0"/>
    <Peak1D F1="5.922163" intensity="1.620297e+000" type="0"/>
    <Peak1D F1="5.866110" intensity="9.460334e-003" type="0"/>
    <Peak1D F1="5.858050" intensity="8.190604e-003" type="0"/>
    <Peak1D F1="5.839675" intensity="6.084004e-003" type="0"/>
    <Peak1D F1="5.813468" intensity="4.270453e-003" type="0"/>
    <Peak1D F1="5.795382" intensity="9.167899e-003" type="0"/>
    <Peak1D F1="5.779394" intensity="1.912194e-003" type="0"/>
    <Peak1D F1="5.767957" intensity="9.275921e-003" type="0"/>
    <Peak1D F1="5.751564" intensity="9.100117e-003" type="0"/>
    <Peak1D F1="5.724112" intensity="9.252749e-003" type="0"/>
    <Peak1D F1="5.681804" intensity="3.050731e-004" type="0"/>
    <Peak1D F1="5.648160" intensity="2.194368e-002" type="0"/>
    <Peak1D F1="5.608438" intensity="4.234891e-002" type="0"/>
    <Peak1D F1="5.567407" intensity="1.334864e-002" type="0"/>
    <Peak1D F1="5.547303" intensity="2.981554e-004" type="0"/>
    <Peak1D F1="5.511807" intensity="1.224953e-002" type="0"/>
    <Peak1D F1="5.503715" intensity="6.237042e-003" type="0"/>
    <Peak1D F1="5.493890" intensity="2.467662e-002" type="0"/>
    <Peak1D F1="5.486078" intensity="1.058929e-002" type="0"/>
    <Peak1D F1="5.475703" intensity="1.408664e-002" type="0"/>
    <Peak1D F1="5.454394" intensity="1.458422e-002" type="0"/>
    <Peak1D F1="5.447484" intensity="5.347785e-003" type="0"/>
    <Peak1D F1="5.436345" intensity="7.131817e-003" type="0"/>
    <Peak1D F1="5.429495" intensity="2.171638e-003" type="0"/>
    <Peak1D F1="5.362926" intensity="3.172651e-004" type="0"/>
    <Peak1D F1="5.346617" intensity="1.103090e-002" type="0"/>
    <Peak1D F1="5.319973" intensity="2.090321e-003" type="0"/>
    <Peak1D F1="5.302899" intensity="9.646575e-003" type="0"/>
    <Peak1D F1="5.281928" intensity="1.398831e-002" type="0"/>
    <Peak1D F1="5.261138" intensity="7.742035e-003" type="0"/>
    <Peak1D F1="5.254637" intensity="1.442351e-002" type="0"/>
    <Peak1D F1="5.223087" intensity="3.704855e-003" type="0"/>
    <Peak1D F1="5.211005" intensity="4.190641e-003" type="0"/>
    <Peak1D F1="5.154975" intensity="2.192153e+000" type="0"/>
    <Peak1D F1="5.152972" intensity="2.081010e+000" type="0"/>
    <Peak1D F1="5.111182" intensity="2.053449e+000" type="0"/>
    <Peak1D F1="5.109199" intensity="1.914672e+000" type="0"/>
    <Peak1D F1="5.085824" intensity="2.748515e+000" type="0"/>
    <Peak1D F1="5.083607" intensity="2.530699e+000" type="0"/>
    <Peak1D F1="5.078692" intensity="1.351527e+000" type="0"/>
    <Peak1D F1="5.075310" intensity="1.450159e+000" type="0"/>
    <Peak1D F1="5.058264" intensity="2.772619e+000" type="0"/>
    <Peak1D F1="4.975466" intensity="2.030107e-002" type="0"/>
    <Peak1D F1="4.958466" intensity="2.810431e-002" type="0"/>
    <Peak1D F1="4.942215" intensity="1.370085e-002" type="0"/>
    <Peak1D F1="4.926307" intensity="1.265328e-002" type="0"/>
    <Peak1D F1="4.914711" intensity="2.119267e-002" type="0"/>
    <Peak1D F1="4.885140" intensity="4.087066e-002" type="0"/>
    <Peak1D F1="4.866839" intensity="1.534201e-002" type="0"/>
    <Peak1D F1="4.857879" intensity="2.063947e-002" type="0"/>
    <Peak1D F1="4.803900" intensity="3.742302e-003" type="0"/>
    <Peak1D F1="4.793462" intensity="3.604420e-003" type="0"/>
    <Peak1D F1="4.725228" intensity="7.660571e-003" type="0"/>
    <Peak1D F1="4.688241" intensity="2.909838e-002" type="0"/>
    <Peak1D F1="4.654997" intensity="2.584595e-002" type="0"/>
    <Peak1D F1="4.619823" intensity="2.482654e-003" type="0"/>
    <Peak1D F1="4.602746" intensity="1.499092e-003" type="0"/>
    <Peak1D F1="4.595623" intensity="1.721955e-003" type="0"/>
    <Peak1D F1="4.581071" intensity="1.782359e-003" type="0"/>
    <Peak1D F1="4.567271" intensity="2.193942e-003" type="0"/>
    <Peak1D F1="4.553002" intensity="1.570125e-003" type="0"/>
    <Peak1D F1="4.530333" intensity="1.844749e-003" type="0"/>
    <Peak1D F1="4.511011" intensity="1.545852e-003" type="0"/>
    <Peak1D F1="4.504272" intensity="1.393172e-003" type="0"/>
    <Peak1D F1="4.485638" intensity="1.155245e-003" type="0"/>
    <Peak1D F1="4.461001" intensity="1.460317e-003" type="0"/>
    <Peak1D F1="4.449671" intensity="1.297837e-003" type="0"/>
    <Peak1D F1="4.438434" intensity="3.357039e-003" type="0"/>
    <Peak1D F1="4.403239" intensity="2.394788e-002" type="0"/>
    <Peak1D F1="4.361222" intensity="2.814430e-003" type="0"/>
    <Peak1D F1="4.331630" intensity="5.510734e-003" type="0"/>
    <Peak1D F1="4.305506" intensity="5.220378e-004" type="0"/>
    <Peak1D F1="4.285057" intensity="4.040260e-004" type="0"/>
    <Peak1D F1="4.270685" intensity="7.679990e-004" type="0"/>
    <Peak1D F1="4.204973" intensity="5.904617e-003" type="0"/>
    <Peak1D F1="4.136140" intensity="2.524158e-003" type="0"/>
    <Peak1D F1="4.119130" intensity="5.224158e-003" type="0"/>
    <Peak1D F1="4.102200" intensity="2.531508e-003" type="0"/>
    <Peak1D F1="4.028694" intensity="4.162739e-004" type="0"/>
    <Peak1D F1="3.921333" intensity="5.312994e-004" type="0"/>
    <Peak1D F1="3.909709" intensity="5.124280e-004" type="0"/>
    <Peak1D F1="3.861042" intensity="1.348299e-003" type="0"/>
    <Peak1D F1="3.849670" intensity="1.412466e-003" type="0"/>
    <Peak1D F1="3.792871" intensity="1.118857e-003" type="0"/>
    <Peak1D F1="3.780063" intensity="9.350846e-004" type="0"/>
    <Peak1D F1="3.411211" intensity="1.817202e-002" type="0"/>
    <Peak1D F1="3.264776" intensity="4.028903e-001" type="0"/>
    <Peak1D F1="2.652929" intensity="1.350144e-002" type="0"/>
    <Peak1D F1="2.637201" intensity="2.997378e-002" type="0"/>
    <Peak1D F1="2.621275" intensity="1.471591e-002" type="0"/>
    <Peak1D F1="2.595613" intensity="4.892229e-003" type="0"/>
    <Peak1D F1="2.578083" intensity="5.547546e-003" type="0"/>
    <Peak1D F1="2.561022" intensity="2.142228e-002" type="0"/>
    <Peak1D F1="2.543125" intensity="2.507136e-002" type="0"/>
    <Peak1D F1="2.534108" intensity="3.024662e-002" type="0"/>
    <Peak1D F1="2.510013" intensity="2.113357e-001" type="0"/>
    <Peak1D F1="2.505672" intensity="2.666937e-001" type="0"/>
    <Peak1D F1="2.501363" intensity="1.990046e-001" type="0"/>
    <Peak1D F1="2.483162" intensity="1.392200e-002" type="0"/>
    <Peak1D F1="2.473127" intensity="1.038015e-002" type="0"/>
    <Peak1D F1="2.457323" intensity="3.668576e-003" type="0"/>
    <Peak1D F1="2.438523" intensity="2.246873e-003" type="0"/>
    <Peak1D F1="2.196404" intensity="2.723291e-003" type="0"/>
    <Peak1D F1="2.187981" intensity="8.878749e-004" type="0"/>
    <Peak1D F1="2.181391" intensity="1.019223e-003" type="0"/>
    <Peak1D F1="2.151881" intensity="4.575951e-003" type="0"/>
    <Peak1D F1="2.105196" intensity="1.141995e-001" type="0"/>
    <Peak1D F1="2.086895" intensity="4.519784e-002" type="0"/>
    <Peak1D F1="2.075768" intensity="2.729013e-002" type="0"/>
    <Peak1D F1="2.062403" intensity="2.306206e-002" type="0"/>
    <Peak1D F1="2.057877" intensity="2.176739e-002" type="0"/>
    <Peak1D F1="2.051816" intensity="2.131634e-002" type="0"/>
    <Peak1D F1="2.043126" intensity="2.393094e-002" type="0"/>
    <Peak1D F1="2.032689" intensity="2.414331e-002" type="0"/>
    <Peak1D F1="2.017961" intensity="4.702030e-002" type="0"/>
    <Peak1D F1="2.003542" intensity="7.210632e-002" type="0"/>
    <Peak1D F1="1.962228" intensity="1.022826e+000" type="0"/>
    <Peak1D F1="1.945416" intensity="1.500000e+001" type="0"/>
    <Peak1D F1="1.932316" intensity="1.656231e+000" type="0"/>
    <Peak1D F1="1.923871" intensity="2.205336e+000" type="0"/>
    <Peak1D F1="1.913043" intensity="9.678319e-001" type="0"/>
    <Peak1D F1="1.905995" intensity="1.327821e+000" type="0"/>
    <Peak1D F1="1.885138" intensity="4.099895e-001" type="0"/>
    <Peak1D F1="1.869340" intensity="8.189711e-001" type="0"/>
    <Peak1D F1="1.851906" intensity="6.132599e-001" type="0"/>
    <Peak1D F1="1.847391" intensity="4.607137e-001" type="0"/>
    <Peak1D F1="1.836814" intensity="1.162872e+000" type="0"/>
    <Peak1D F1="1.830005" intensity="4.334439e-001" type="0"/>
    <Peak1D F1="1.817035" intensity="1.214475e+000" type="0"/>
    <Peak1D F1="1.796217" intensity="6.962864e-001" type="0"/>
    <Peak1D F1="1.782795" intensity="2.020415e-001" type="0"/>
    <Peak1D F1="1.776338" intensity="1.670161e-001" type="0"/>
    <Peak1D F1="1.758767" intensity="9.560777e-001" type="0"/>
    <Peak1D F1="1.742914" intensity="9.687691e-001" type="0"/>
    <Peak1D F1="1.734795" intensity="8.042015e-001" type="0"/>
    <Peak1D F1="1.726263" intensity="6.829205e-001" type="0"/>
    <Peak1D F1="1.718175" intensity="7.577677e-001" type="0"/>
    <Peak1D F1="1.705940" intensity="9.007097e-001" type="0"/>
    <Peak1D F1="1.684645" intensity="4.320635e-001" type="0"/>
    <Peak1D F1="1.642354" intensity="7.799846e+000" type="0"/>
    <Peak1D F1="1.595219" intensity="1.373436e-001" type="0"/>
    <Peak1D F1="1.555771" intensity="8.608076e+000" type="0"/>
    <Peak1D F1="1.505473" intensity="3.240414e-001" type="0"/>
    <Peak1D F1="1.481557" intensity="1.254598e+001" type="0"/>
    <Peak1D F1="1.450464" intensity="4.919449e-001" type="0"/>
    <Peak1D F1="1.412870" intensity="1.199499e-001" type="0"/>
    <Peak1D F1="1.398208" intensity="1.484985e-001" type="0"/>
    <Peak1D F1="1.370879" intensity="7.908093e-002" type="0"/>
    <Peak1D F1="1.359375" intensity="5.269280e-002" type="0"/>
    <Peak1D F1="1.352098" intensity="5.239633e-002" type="0"/>
    <Peak1D F1="1.339594" intensity="2.652355e-001" type="0"/>
    <Peak1D F1="1.320575" intensity="1.197364e-001" type="0"/>
    <Peak1D F1="1.288000" intensity="3.211100e-002" type="0"/>
    <Peak1D F1="1.269967" intensity="2.981936e-002" type="0"/>
    <Peak1D F1="1.258537" intensity="3.180801e-002" type="0"/>
    <Peak1D F1="1.223418" intensity="6.752069e-001" type="0"/>
    <Peak1D F1="1.200417" intensity="3.744001e-002" type="0"/>
    <Peak1D F1="1.185863" intensity="2.474905e-001" type="0"/>
    <Peak1D F1="1.163582" intensity="1.769815e-001" type="0"/>
    <Peak1D F1="1.155159" intensity="4.290884e-002" type="0"/>
    <Peak1D F1="1.129463" intensity="1.982415e-002" type="0"/>
    <Peak1D F1="1.118805" intensity="2.190333e-002" type="0"/>
    <Peak1D F1="1.106530" intensity="1.874460e-002" type="0"/>
    <Peak1D F1="1.086669" intensity="1.498218e-002" type="0"/>
    <Peak1D F1="1.077263" intensity="1.570672e-002" type="0"/>
    <Peak1D F1="1.064098" intensity="1.753967e-002" type="0"/>
    <Peak1D F1="1.055549" intensity="1.497515e-002" type="0"/>
    <Peak1D F1="1.042005" intensity="1.432488e-002" type="0"/>
    <Peak1D F1="1.027980" intensity="1.440141e-002" type="0"/>
    <Peak1D F1="1.004433" intensity="1.205807e-002" type="0"/>
    <Peak1D F1="0.978842" intensity="9.054211e-003" type="0"/>
    <Peak1D F1="0.972425" intensity="8.839807e-003" type="0"/>
    <Peak1D F1="0.964469" intensity="8.641565e-003" type="0"/>
    <Peak1D F1="0.949975" intensity="1.023707e-002" type="0"/>
    <Peak1D F1="0.930076" intensity="9.544439e-003" type="0"/>
    <Peak1D F1="0.911567" intensity="1.052215e-002" type="0"/>
    <Peak1D F1="0.887208" intensity="9.992386e-003" type="0"/>
    <Peak1D F1="0.866074" intensity="1.095657e-002" type="0"/>
    <Peak1D F1="0.855788" intensity="1.270307e-002" type="0"/>
    <Peak1D F1="0.842121" intensity="6.582906e-002" type="0"/>
    <Peak1D F1="0.823414" intensity="1.241908e-001" type="0"/>
    <Peak1D F1="0.804723" intensity="6.014207e-002" type="0"/>
    <Peak1D F1="0.760058" intensity="6.832286e-003" type="0"/>
    <Peak1D F1="0.739844" intensity="4.778818e-003" type="0"/>
    <Peak1D F1="0.683190" intensity="3.186535e-003" type="0"/>
    <Peak1D F1="0.664576" intensity="3.316739e-003" type="0"/>
    <Peak1D F1="0.645763" intensity="2.768946e-003" type="0"/>
    <Peak1D F1="0.638502" intensity="2.892898e-003" type="0"/>
    <Peak1D F1="0.620394" intensity="2.849888e-003" type="0"/>
    <Peak1D F1="0.605515" intensity="2.547924e-003" type="0"/>
    <Peak1D F1="0.587284" intensity="2.529824e-003" type="0"/>
    <Peak1D F1="0.512241" intensity="1.831513e-003" type="0"/>
    <Peak1D F1="0.482253" intensity="1.651858e-003" type="0"/>
    <Peak1D F1="0.446447" intensity="1.568761e-003" type="0"/>
    <Peak1D F1="0.402206" intensity="1.458874e-003" type="0"/>
    <Peak1D F1="0.363712" intensity="1.423768e-003" type="0"/>
    <Peak1D F1="0.319381" intensity="1.254212e-003" type="0"/>
    <Peak1D F1="0.279406" intensity="1.135557e-003" type="0"/>
    <Peak1D F1="0.271344" intensity="1.093960e-003" type="0"/>
    <Peak1D F1="0.166056" intensity="9.673606e-004" type="0"/>
    <Peak1D F1="0.145914" intensity="9.889118e-004" type="0"/>
    <Peak1D F1="0.049106" intensity="7.784424e-004" type="0"/>
    <Peak1D F1="-0.000157" intensity="5.075988e-002" type="0"/>
    <Peak1D F1="-0.125870" intensity="5.118579e-004" type="0"/>
    <Peak1D F1="-0.149244" intensity="6.220241e-004" type="0"/>
    <Peak1D F1="-0.160243" intensity="4.920887e-004" type="0"/>
    <Peak1D F1="-0.214203" intensity="3.727939e-004" type="0"/>
    <Peak1D F1="-0.222568" intensity="3.838799e-004" type="0"/>
    <Peak1D F1="-0.250184" intensity="3.462396e-004" type="0"/>
    <Peak1D F1="-0.267740" intensity="3.321170e-004" type="0"/>
    <Peak1D F1="-0.323180" intensity="3.337824e-004" type="0"/>
    <Peak1D F1="-3.098235" intensity="3.317494e-004" type="0"/>
    <Peak1D F1="-3.120635" intensity="3.111655e-004" type="0"/>
    <Peak1D F1="-3.150517" intensity="3.225193e-004" type="0"/>
    <Peak1D F1="-3.164446" intensity="3.052989e-004" type="0"/>
    <Peak1D F1="-3.181156" intensity="3.054495e-004" type="0"/>
    <Peak1D F1="-3.215932" intensity="3.357236e-004" type="0"/>
    <Peak1D F1="-3.230128" intensity="3.399769e-004" type="0"/>
    <Peak1D F1="-3.292447" intensity="3.586328e-004" type="0"/>
    <Peak1D F1="-3.298832" intensity="3.886560e-004" type="0"/>
    <Peak1D F1="-3.322287" intensity="3.689817e-004" type="0"/>
    <Peak1D F1="-3.358539" intensity="3.819304e-004" type="0"/>
    <Peak1D F1="-3.402418" intensity="4.052381e-004" type="0"/>
    <Peak1D F1="-3.464963" intensity="4.219560e-004" type="0"/>
    <Peak1D F1="-3.496759" intensity="4.365392e-004" type="0"/>
    <Peak1D F1="-3.541835" intensity="4.979008e-004" type="0"/>
    <Peak1D F1="-3.572858" intensity="5.224079e-004" type="0"/>
    <Peak1D F1="-3.599184" intensity="4.653929e-004" type="0"/>
    <Peak1D F1="-3.626332" intensity="4.719387e-004" type="0"/>
    <Peak1D F1="-3.662358" intensity="4.989597e-004" type="0"/>
    <Peak1D F1="-3.695693" intensity="5.248309e-004" type="0"/>
    <Peak1D F1="-3.820648" intensity="5.526699e-004" type="0"/>
  </PeakList1D>
</PeakList>
