<?xml version="1.0" encoding="UTF-8"?>
<PeakList>
  <PeakList1D>
    <PeakList1DHeader creator="root" date="2021-09-30T21:18:03.636+08:00" expNo="1" name="0930RS" owner="" procNo="1" source="D:/Zhi-Ming Zhang">
      <PeakPickDetails>F1=16.280640ppm, F2=-3.744905ppm, MI=0.00cm, MAXI=10000.00cm, PC=1.000
      </PeakPickDetails>
    </PeakList1DHeader>
    <Peak1D F1="8.138305" intensity="3.619068e-002" type="0"/>
    <Peak1D F1="6.128588" intensity="2.973670e+000" type="0"/>
    <Peak1D F1="5.140665" intensity="5.842388e-002" type="0"/>
    <Peak1D F1="5.123393" intensity="6.510454e-002" type="0"/>
    <Peak1D F1="5.075279" intensity="3.972495e-002" type="0"/>
    <Peak1D F1="5.021774" intensity="4.995429e-002" type="0"/>
    <Peak1D F1="4.995391" intensity="1.447955e-001" type="0"/>
    <Peak1D F1="4.978352" intensity="3.862100e-001" type="0"/>
    <Peak1D F1="4.968125" intensity="3.248932e-001" type="0"/>
    <Peak1D F1="4.960965" intensity="4.024100e-001" type="0"/>
    <Peak1D F1="4.950704" intensity="3.044822e-001" type="0"/>
    <Peak1D F1="4.933274" intensity="1.046876e-001" type="0"/>
    <Peak1D F1="4.333623" intensity="3.164503e-002" type="0"/>
    <Peak1D F1="4.315567" intensity="5.225616e-002" type="0"/>
    <Peak1D F1="4.296283" intensity="1.965546e-001" type="0"/>
    <Peak1D F1="4.279315" intensity="4.644978e-001" type="0"/>
    <Peak1D F1="4.262309" intensity="4.849452e-001" type="0"/>
    <Peak1D F1="4.246793" intensity="2.851473e-001" type="0"/>
    <Peak1D F1="4.231743" intensity="1.848692e-001" type="0"/>
    <Peak1D F1="4.213975" intensity="9.905636e-002" type="0"/>
    <Peak1D F1="4.172744" intensity="1.481621e+000" type="0"/>
    <Peak1D F1="4.155553" intensity="4.362501e+000" type="0"/>
    <Peak1D F1="4.138266" intensity="4.529487e+000" type="0"/>
    <Peak1D F1="4.121071" intensity="1.731567e+000" type="0"/>
    <Peak1D F1="4.072144" intensity="9.748808e-002" type="0"/>
    <Peak1D F1="4.056698" intensity="9.607313e-002" type="0"/>
    <Peak1D F1="4.034440" intensity="7.860254e-002" type="0"/>
    <Peak1D F1="4.007239" intensity="9.013662e-002" type="0"/>
    <Peak1D F1="3.973106" intensity="4.170902e-002" type="0"/>
    <Peak1D F1="3.955675" intensity="3.740567e-002" type="0"/>
    <Peak1D F1="3.792273" intensity="6.136246e-002" type="0"/>
    <Peak1D F1="3.779013" intensity="8.412060e-002" type="0"/>
    <Peak1D F1="3.766350" intensity="6.641085e-002" type="0"/>
    <Peak1D F1="3.606246" intensity="5.102491e-002" type="0"/>
    <Peak1D F1="3.593733" intensity="5.551883e-002" type="0"/>
    <Peak1D F1="3.580193" intensity="6.326459e-002" type="0"/>
    <Peak1D F1="3.566396" intensity="5.513491e-002" type="0"/>
    <Peak1D F1="3.552763" intensity="3.874593e-002" type="0"/>
    <Peak1D F1="3.508195" intensity="6.525003e-002" type="0"/>
    <Peak1D F1="3.495761" intensity="5.608075e-002" type="0"/>
    <Peak1D F1="3.479215" intensity="3.379323e-001" type="0"/>
    <Peak1D F1="3.465690" intensity="3.077978e-001" type="0"/>
    <Peak1D F1="3.435815" intensity="9.912491e-002" type="0"/>
    <Peak1D F1="3.421050" intensity="8.291979e-002" type="0"/>
    <Peak1D F1="3.408037" intensity="5.009587e-002" type="0"/>
    <Peak1D F1="3.393232" intensity="3.862580e-002" type="0"/>
    <Peak1D F1="2.603781" intensity="3.831122e-001" type="0"/>
    <Peak1D F1="2.547258" intensity="3.442174e-002" type="0"/>
    <Peak1D F1="2.487289" intensity="1.486236e-001" type="0"/>
    <Peak1D F1="2.366960" intensity="1.179227e-002" type="0"/>
    <Peak1D F1="2.262415" intensity="1.510224e-002" type="0"/>
    <Peak1D F1="2.243876" intensity="1.388774e-002" type="0"/>
    <Peak1D F1="2.216395" intensity="1.708970e-002" type="0"/>
    <Peak1D F1="2.070490" intensity="2.484928e-002" type="0"/>
    <Peak1D F1="1.956264" intensity="1.289614e-001" type="0"/>
    <Peak1D F1="1.614264" intensity="1.345716e-002" type="0"/>
    <Peak1D F1="1.596691" intensity="1.565672e-002" type="0"/>
    <Peak1D F1="1.507317" intensity="1.641204e-001" type="0"/>
    <Peak1D F1="1.490091" intensity="2.464410e-001" type="0"/>
    <Peak1D F1="1.468798" intensity="3.992344e-001" type="0"/>
    <Peak1D F1="1.453390" intensity="2.261390e+000" type="0"/>
    <Peak1D F1="1.435871" intensity="2.143520e+000" type="0"/>
    <Peak1D F1="1.357997" intensity="1.518000e+000" type="0"/>
    <Peak1D F1="1.342088" intensity="2.140576e+000" type="0"/>
    <Peak1D F1="1.328007" intensity="2.099713e+000" type="0"/>
    <Peak1D F1="1.310432" intensity="1.469579e+001" type="0"/>
    <Peak1D F1="1.292804" intensity="1.500000e+001" type="0"/>
    <Peak1D F1="1.148560" intensity="1.564277e-001" type="0"/>
    <Peak1D F1="1.131603" intensity="1.397247e-001" type="0"/>
    <Peak1D F1="1.095332" intensity="5.405072e-002" type="0"/>
    <Peak1D F1="1.079535" intensity="6.111231e-002" type="0"/>
    <Peak1D F1="1.069747" intensity="7.404664e-002" type="0"/>
    <Peak1D F1="1.056080" intensity="5.475577e-002" type="0"/>
    <Peak1D F1="1.047239" intensity="5.458071e-002" type="0"/>
    <Peak1D F1="1.028758" intensity="4.958013e-002" type="0"/>
    <Peak1D F1="1.009059" intensity="2.505203e-002" type="0"/>
    <Peak1D F1="0.946775" intensity="4.309323e-002" type="0"/>
    <Peak1D F1="0.929026" intensity="6.120665e-002" type="0"/>
    <Peak1D F1="0.909516" intensity="6.245468e-002" type="0"/>
    <Peak1D F1="0.899604" intensity="5.868462e-002" type="0"/>
    <Peak1D F1="0.865192" intensity="3.718178e-002" type="0"/>
    <Peak1D F1="0.848486" intensity="3.256452e-002" type="0"/>
    <Peak1D F1="-0.000153" intensity="2.597049e-002" type="0"/>
  </PeakList1D>
</PeakList>
