<?xml version="1.0" encoding="UTF-8"?>
<PeakList>
  <PeakList1D>
    <PeakList1DHeader creator="root" date="2021-09-26T20:05:59.234+08:00" expNo="1" name="0926xj18" owner="" procNo="1" source="D:/Zhi-Ming Zhang">
      <PeakPickDetails>F1=16.195610ppm, F2=-3.829933ppm, MI=0.00cm, MAXI=10000.00cm, PC=1.000
      </PeakPickDetails>
    </PeakList1DHeader>
    <Peak1D F1="16.188925" intensity="2.990188e-003" type="0"/>
    <Peak1D F1="15.979959" intensity="2.450744e-003" type="0"/>
    <Peak1D F1="15.960322" intensity="2.468413e-003" type="0"/>
    <Peak1D F1="15.919155" intensity="2.318125e-003" type="0"/>
    <Peak1D F1="12.821444" intensity="2.522950e-003" type="0"/>
    <Peak1D F1="12.796918" intensity="2.691003e-003" type="0"/>
    <Peak1D F1="12.636848" intensity="4.863558e-003" type="0"/>
    <Peak1D F1="12.219060" intensity="2.151121e-002" type="0"/>
    <Peak1D F1="11.918729" intensity="4.114358e-002" type="0"/>
    <Peak1D F1="11.521223" intensity="1.573396e-002" type="0"/>
    <Peak1D F1="11.287100" intensity="1.187962e-002" type="0"/>
    <Peak1D F1="11.149139" intensity="4.264388e-003" type="0"/>
    <Peak1D F1="11.054030" intensity="3.661381e-003" type="0"/>
    <Peak1D F1="10.218365" intensity="4.236597e-003" type="0"/>
    <Peak1D F1="9.959908" intensity="2.861247e-002" type="0"/>
    <Peak1D F1="9.939955" intensity="2.870099e-002" type="0"/>
    <Peak1D F1="9.863307" intensity="9.213408e-003" type="0"/>
    <Peak1D F1="9.843026" intensity="9.281752e-003" type="0"/>
    <Peak1D F1="9.771343" intensity="1.569607e-002" type="0"/>
    <Peak1D F1="9.609683" intensity="2.782424e-003" type="0"/>
    <Peak1D F1="9.590097" intensity="2.886693e-003" type="0"/>
    <Peak1D F1="8.895820" intensity="4.415488e-003" type="0"/>
    <Peak1D F1="8.535779" intensity="1.395750e-001" type="0"/>
    <Peak1D F1="8.385487" intensity="1.590321e-002" type="0"/>
    <Peak1D F1="8.237671" intensity="3.449172e-003" type="0"/>
    <Peak1D F1="8.147386" intensity="4.639272e-003" type="0"/>
    <Peak1D F1="8.099579" intensity="2.021954e-002" type="0"/>
    <Peak1D F1="7.396393" intensity="1.004122e-002" type="0"/>
    <Peak1D F1="7.391737" intensity="5.858590e-003" type="0"/>
    <Peak1D F1="7.381468" intensity="4.538427e-003" type="0"/>
    <Peak1D F1="7.376752" intensity="3.090914e-003" type="0"/>
    <Peak1D F1="7.307996" intensity="2.589742e-003" type="0"/>
    <Peak1D F1="7.303367" intensity="2.627693e-003" type="0"/>
    <Peak1D F1="7.266329" intensity="2.599011e-003" type="0"/>
    <Peak1D F1="7.261766" intensity="2.849388e-003" type="0"/>
    <Peak1D F1="7.126405" intensity="2.410448e-003" type="0"/>
    <Peak1D F1="7.083375" intensity="2.403308e-003" type="0"/>
    <Peak1D F1="7.064278" intensity="3.276635e-003" type="0"/>
    <Peak1D F1="7.047519" intensity="5.246902e-003" type="0"/>
    <Peak1D F1="7.013792" intensity="3.618263e-003" type="0"/>
    <Peak1D F1="7.004031" intensity="2.482884e-003" type="0"/>
    <Peak1D F1="6.977931" intensity="1.307006e-002" type="0"/>
    <Peak1D F1="6.956620" intensity="1.115103e-002" type="0"/>
    <Peak1D F1="6.949220" intensity="6.187233e-003" type="0"/>
    <Peak1D F1="6.932921" intensity="6.262031e-003" type="0"/>
    <Peak1D F1="6.927931" intensity="6.594478e-003" type="0"/>
    <Peak1D F1="6.917018" intensity="1.922134e-002" type="0"/>
    <Peak1D F1="6.896782" intensity="3.026254e-002" type="0"/>
    <Peak1D F1="6.891538" intensity="1.935064e-002" type="0"/>
    <Peak1D F1="6.882324" intensity="8.679813e-003" type="0"/>
    <Peak1D F1="6.876538" intensity="1.100101e-002" type="0"/>
    <Peak1D F1="6.856149" intensity="1.024875e-002" type="0"/>
    <Peak1D F1="6.832107" intensity="1.101598e-002" type="0"/>
    <Peak1D F1="6.800303" intensity="1.536704e-002" type="0"/>
    <Peak1D F1="6.784557" intensity="1.996544e-002" type="0"/>
    <Peak1D F1="6.778827" intensity="2.179782e-002" type="0"/>
    <Peak1D F1="6.766150" intensity="3.621127e-002" type="0"/>
    <Peak1D F1="6.760794" intensity="3.188048e-002" type="0"/>
    <Peak1D F1="6.722976" intensity="2.565445e+000" type="0"/>
    <Peak1D F1="6.703155" intensity="5.228233e+000" type="0"/>
    <Peak1D F1="6.677034" intensity="1.861043e-002" type="0"/>
    <Peak1D F1="6.668525" intensity="2.006878e-002" type="0"/>
    <Peak1D F1="6.649949" intensity="1.507618e-002" type="0"/>
    <Peak1D F1="6.609266" intensity="1.453606e-002" type="0"/>
    <Peak1D F1="6.569869" intensity="1.475030e+000" type="0"/>
    <Peak1D F1="6.565039" intensity="1.346687e+000" type="0"/>
    <Peak1D F1="6.549977" intensity="1.140162e+000" type="0"/>
    <Peak1D F1="6.545146" intensity="1.070536e+000" type="0"/>
    <Peak1D F1="6.522353" intensity="1.689797e-002" type="0"/>
    <Peak1D F1="6.509002" intensity="9.522936e-003" type="0"/>
    <Peak1D F1="6.503606" intensity="9.271947e-003" type="0"/>
    <Peak1D F1="6.303535" intensity="1.880210e-002" type="0"/>
    <Peak1D F1="6.263711" intensity="1.507681e-002" type="0"/>
    <Peak1D F1="6.117292" intensity="2.773807e-003" type="0"/>
    <Peak1D F1="6.100096" intensity="3.721255e-003" type="0"/>
    <Peak1D F1="6.075060" intensity="2.304776e-003" type="0"/>
    <Peak1D F1="6.006803" intensity="2.819899e-003" type="0"/>
    <Peak1D F1="5.989274" intensity="7.635942e-003" type="0"/>
    <Peak1D F1="5.969576" intensity="3.261739e-001" type="0"/>
    <Peak1D F1="5.952730" intensity="7.145563e-001" type="0"/>
    <Peak1D F1="5.944586" intensity="3.783413e-001" type="0"/>
    <Peak1D F1="5.935962" intensity="3.768294e-001" type="0"/>
    <Peak1D F1="5.927578" intensity="1.063383e+000" type="0"/>
    <Peak1D F1="5.910399" intensity="1.081971e+000" type="0"/>
    <Peak1D F1="5.902075" intensity="4.118937e-001" type="0"/>
    <Peak1D F1="5.893449" intensity="4.069984e-001" type="0"/>
    <Peak1D F1="5.885219" intensity="8.108080e-001" type="0"/>
    <Peak1D F1="5.868468" intensity="3.742569e-001" type="0"/>
    <Peak1D F1="5.790602" intensity="1.049652e-002" type="0"/>
    <Peak1D F1="5.788100" intensity="1.196506e-002" type="0"/>
    <Peak1D F1="5.770968" intensity="9.164228e-003" type="0"/>
    <Peak1D F1="5.768320" intensity="8.260621e-003" type="0"/>
    <Peak1D F1="5.733207" intensity="4.195022e-003" type="0"/>
    <Peak1D F1="5.716153" intensity="3.526729e-003" type="0"/>
    <Peak1D F1="5.579162" intensity="2.738757e-003" type="0"/>
    <Peak1D F1="5.554718" intensity="2.718350e-003" type="0"/>
    <Peak1D F1="5.541043" intensity="3.244013e-003" type="0"/>
    <Peak1D F1="5.517676" intensity="6.734302e-003" type="0"/>
    <Peak1D F1="5.514019" intensity="7.722754e-003" type="0"/>
    <Peak1D F1="5.506130" intensity="9.930128e-003" type="0"/>
    <Peak1D F1="5.490981" intensity="8.360210e-003" type="0"/>
    <Peak1D F1="5.487725" intensity="8.939450e-003" type="0"/>
    <Peak1D F1="5.468886" intensity="4.702434e-003" type="0"/>
    <Peak1D F1="5.451618" intensity="2.367188e-002" type="0"/>
    <Peak1D F1="5.436183" intensity="4.333548e-002" type="0"/>
    <Peak1D F1="5.420633" intensity="2.989693e-002" type="0"/>
    <Peak1D F1="5.416907" intensity="3.443244e-002" type="0"/>
    <Peak1D F1="5.413453" intensity="4.564909e-002" type="0"/>
    <Peak1D F1="5.398014" intensity="8.839491e-002" type="0"/>
    <Peak1D F1="5.382727" intensity="5.848290e-002" type="0"/>
    <Peak1D F1="5.348619" intensity="2.311033e-001" type="0"/>
    <Peak1D F1="5.344732" intensity="3.900126e-001" type="0"/>
    <Peak1D F1="5.331467" intensity="9.138689e-001" type="0"/>
    <Peak1D F1="5.326861" intensity="1.005035e+000" type="0"/>
    <Peak1D F1="5.321949" intensity="1.287092e+000" type="0"/>
    <Peak1D F1="5.318625" intensity="1.652521e+000" type="0"/>
    <Peak1D F1="5.316163" intensity="1.486588e+000" type="0"/>
    <Peak1D F1="5.309148" intensity="7.799911e-001" type="0"/>
    <Peak1D F1="5.300260" intensity="1.521672e+000" type="0"/>
    <Peak1D F1="5.286141" intensity="3.353867e-001" type="0"/>
    <Peak1D F1="5.282533" intensity="5.448724e-001" type="0"/>
    <Peak1D F1="5.279234" intensity="3.210692e-001" type="0"/>
    <Peak1D F1="5.267307" intensity="4.019824e-002" type="0"/>
    <Peak1D F1="5.250108" intensity="1.651438e-002" type="0"/>
    <Peak1D F1="5.245774" intensity="1.879575e-002" type="0"/>
    <Peak1D F1="5.226514" intensity="3.192359e-001" type="0"/>
    <Peak1D F1="5.223478" intensity="5.019031e-001" type="0"/>
    <Peak1D F1="5.220096" intensity="2.968247e-001" type="0"/>
    <Peak1D F1="5.208841" intensity="6.104636e-001" type="0"/>
    <Peak1D F1="5.205426" intensity="9.906003e-001" type="0"/>
    <Peak1D F1="5.201620" intensity="6.337612e-001" type="0"/>
    <Peak1D F1="5.196929" intensity="3.874199e-001" type="0"/>
    <Peak1D F1="5.191199" intensity="3.805305e-001" type="0"/>
    <Peak1D F1="5.187300" intensity="5.228508e-001" type="0"/>
    <Peak1D F1="5.182820" intensity="5.470535e-001" type="0"/>
    <Peak1D F1="5.178844" intensity="6.646219e-001" type="0"/>
    <Peak1D F1="5.175235" intensity="3.823140e-001" type="0"/>
    <Peak1D F1="5.164230" intensity="2.105825e-001" type="0"/>
    <Peak1D F1="5.160729" intensity="3.341435e-001" type="0"/>
    <Peak1D F1="5.157090" intensity="1.892814e-001" type="0"/>
    <Peak1D F1="5.114394" intensity="5.319678e-001" type="0"/>
    <Peak1D F1="5.111121" intensity="4.959974e-001" type="0"/>
    <Peak1D F1="5.100610" intensity="8.771548e-001" type="0"/>
    <Peak1D F1="5.097557" intensity="1.055201e+000" type="0"/>
    <Peak1D F1="5.094372" intensity="8.752463e-001" type="0"/>
    <Peak1D F1="5.087325" intensity="4.039005e-001" type="0"/>
    <Peak1D F1="5.083439" intensity="5.112084e-001" type="0"/>
    <Peak1D F1="5.080104" intensity="5.815547e-001" type="0"/>
    <Peak1D F1="5.076893" intensity="4.626924e-001" type="0"/>
    <Peak1D F1="5.064521" intensity="5.372757e-001" type="0"/>
    <Peak1D F1="5.060563" intensity="1.164262e+000" type="0"/>
    <Peak1D F1="5.055639" intensity="1.237814e+000" type="0"/>
    <Peak1D F1="5.051812" intensity="5.728371e-001" type="0"/>
    <Peak1D F1="5.021939" intensity="4.790758e-001" type="0"/>
    <Peak1D F1="5.018065" intensity="1.065752e+000" type="0"/>
    <Peak1D F1="5.013122" intensity="1.172509e+000" type="0"/>
    <Peak1D F1="5.009004" intensity="6.515102e-001" type="0"/>
    <Peak1D F1="5.005287" intensity="7.565122e-001" type="0"/>
    <Peak1D F1="5.002516" intensity="1.274068e+000" type="0"/>
    <Peak1D F1="4.999961" intensity="1.115576e+000" type="0"/>
    <Peak1D F1="4.997423" intensity="1.074545e+000" type="0"/>
    <Peak1D F1="4.977519" intensity="1.176428e+000" type="0"/>
    <Peak1D F1="4.974865" intensity="1.031824e+000" type="0"/>
    <Peak1D F1="4.972421" intensity="9.930475e-001" type="0"/>
    <Peak1D F1="4.933751" intensity="2.692934e-003" type="0"/>
    <Peak1D F1="4.921134" intensity="5.857625e-003" type="0"/>
    <Peak1D F1="4.907687" intensity="5.298391e-003" type="0"/>
    <Peak1D F1="4.890330" intensity="6.801440e-003" type="0"/>
    <Peak1D F1="4.869885" intensity="3.475417e-003" type="0"/>
    <Peak1D F1="4.865901" intensity="5.633546e-003" type="0"/>
    <Peak1D F1="4.861102" intensity="5.824795e-003" type="0"/>
    <Peak1D F1="4.823277" intensity="7.413188e-003" type="0"/>
    <Peak1D F1="4.818548" intensity="7.786315e-003" type="0"/>
    <Peak1D F1="4.803883" intensity="8.245155e-003" type="0"/>
    <Peak1D F1="4.778759" intensity="8.681694e-003" type="0"/>
    <Peak1D F1="4.709685" intensity="7.287982e-003" type="0"/>
    <Peak1D F1="4.667831" intensity="1.263397e-002" type="0"/>
    <Peak1D F1="4.625771" intensity="2.019735e-002" type="0"/>
    <Peak1D F1="4.609900" intensity="2.151878e-002" type="0"/>
    <Peak1D F1="4.419339" intensity="7.182942e-002" type="0"/>
    <Peak1D F1="4.230106" intensity="2.901162e-002" type="0"/>
    <Peak1D F1="4.213213" intensity="3.487708e-002" type="0"/>
    <Peak1D F1="4.195865" intensity="3.636980e-002" type="0"/>
    <Peak1D F1="4.172936" intensity="3.350944e-002" type="0"/>
    <Peak1D F1="4.156647" intensity="3.088487e-002" type="0"/>
    <Peak1D F1="4.143981" intensity="1.591448e-002" type="0"/>
    <Peak1D F1="4.132969" intensity="1.756028e-002" type="0"/>
    <Peak1D F1="4.117316" intensity="1.619405e-002" type="0"/>
    <Peak1D F1="4.105653" intensity="1.439432e-002" type="0"/>
    <Peak1D F1="4.098556" intensity="1.430583e-002" type="0"/>
    <Peak1D F1="4.064998" intensity="2.192105e-002" type="0"/>
    <Peak1D F1="4.001067" intensity="2.729264e+000" type="0"/>
    <Peak1D F1="3.985068" intensity="2.704735e+000" type="0"/>
    <Peak1D F1="3.929195" intensity="1.017373e-001" type="0"/>
    <Peak1D F1="3.905548" intensity="1.067624e-002" type="0"/>
    <Peak1D F1="3.895551" intensity="1.044048e-002" type="0"/>
    <Peak1D F1="3.880827" intensity="1.086981e-002" type="0"/>
    <Peak1D F1="3.858621" intensity="1.280614e-002" type="0"/>
    <Peak1D F1="3.848379" intensity="7.819873e-002" type="0"/>
    <Peak1D F1="3.836759" intensity="3.062611e-002" type="0"/>
    <Peak1D F1="3.825689" intensity="3.684242e-002" type="0"/>
    <Peak1D F1="3.813581" intensity="4.946883e-002" type="0"/>
    <Peak1D F1="3.808535" intensity="3.748515e-002" type="0"/>
    <Peak1D F1="3.797718" intensity="6.032841e-002" type="0"/>
    <Peak1D F1="3.779143" intensity="1.191581e-001" type="0"/>
    <Peak1D F1="3.751717" intensity="1.500000e+001" type="0"/>
    <Peak1D F1="3.705532" intensity="3.513985e-002" type="0"/>
    <Peak1D F1="3.699573" intensity="5.776541e-002" type="0"/>
    <Peak1D F1="3.691895" intensity="2.947464e-002" type="0"/>
    <Peak1D F1="3.681194" intensity="8.520397e-003" type="0"/>
    <Peak1D F1="3.671245" intensity="9.518998e-003" type="0"/>
    <Peak1D F1="3.668841" intensity="8.806508e-003" type="0"/>
    <Peak1D F1="3.657793" intensity="9.364170e-003" type="0"/>
    <Peak1D F1="3.648831" intensity="6.049481e-003" type="0"/>
    <Peak1D F1="3.632745" intensity="5.333663e-003" type="0"/>
    <Peak1D F1="3.611928" intensity="6.737552e-003" type="0"/>
    <Peak1D F1="3.602877" intensity="7.892200e-003" type="0"/>
    <Peak1D F1="3.587550" intensity="1.521690e-002" type="0"/>
    <Peak1D F1="3.569704" intensity="9.277759e-002" type="0"/>
    <Peak1D F1="3.561185" intensity="1.007308e-002" type="0"/>
    <Peak1D F1="3.513125" intensity="7.240286e-003" type="0"/>
    <Peak1D F1="3.497888" intensity="7.636737e-003" type="0"/>
    <Peak1D F1="3.482995" intensity="4.930532e-003" type="0"/>
    <Peak1D F1="3.467988" intensity="4.707836e-003" type="0"/>
    <Peak1D F1="3.456277" intensity="2.384203e-003" type="0"/>
    <Peak1D F1="3.450634" intensity="3.004977e-003" type="0"/>
    <Peak1D F1="3.433890" intensity="6.679399e-003" type="0"/>
    <Peak1D F1="3.415935" intensity="1.556357e-002" type="0"/>
    <Peak1D F1="3.398589" intensity="1.217848e-002" type="0"/>
    <Peak1D F1="3.354674" intensity="2.524806e-003" type="0"/>
    <Peak1D F1="3.334790" intensity="7.736235e-003" type="0"/>
    <Peak1D F1="3.319492" intensity="1.085470e-002" type="0"/>
    <Peak1D F1="3.304041" intensity="1.498400e-002" type="0"/>
    <Peak1D F1="3.259376" intensity="2.523928e+000" type="0"/>
    <Peak1D F1="3.242591" intensity="2.519722e+000" type="0"/>
    <Peak1D F1="3.186684" intensity="4.513677e-003" type="0"/>
    <Peak1D F1="3.099497" intensity="1.038023e-002" type="0"/>
    <Peak1D F1="3.082729" intensity="9.032351e-003" type="0"/>
    <Peak1D F1="3.023457" intensity="4.637677e-003" type="0"/>
    <Peak1D F1="3.006021" intensity="4.067912e-003" type="0"/>
    <Peak1D F1="2.867008" intensity="2.139319e+000" type="0"/>
    <Peak1D F1="2.849005" intensity="2.143882e+000" type="0"/>
    <Peak1D F1="2.812520" intensity="1.583874e-001" type="0"/>
    <Peak1D F1="2.797397" intensity="1.504326e-001" type="0"/>
    <Peak1D F1="2.705235" intensity="6.702390e-003" type="0"/>
    <Peak1D F1="2.687310" intensity="1.049054e-002" type="0"/>
    <Peak1D F1="2.634474" intensity="1.058244e-002" type="0"/>
    <Peak1D F1="2.628341" intensity="2.945446e-002" type="0"/>
    <Peak1D F1="2.611036" intensity="8.670244e-002" type="0"/>
    <Peak1D F1="2.593749" intensity="1.181602e-001" type="0"/>
    <Peak1D F1="2.576519" intensity="8.857970e-002" type="0"/>
    <Peak1D F1="2.559397" intensity="3.824108e-002" type="0"/>
    <Peak1D F1="2.540871" intensity="2.147583e-002" type="0"/>
    <Peak1D F1="2.524105" intensity="3.701482e-001" type="0"/>
    <Peak1D F1="2.519645" intensity="4.816619e-001" type="0"/>
    <Peak1D F1="2.515227" intensity="3.594779e-001" type="0"/>
    <Peak1D F1="2.497359" intensity="9.212947e-002" type="0"/>
    <Peak1D F1="2.481760" intensity="1.452930e-001" type="0"/>
    <Peak1D F1="2.475155" intensity="1.192920e-001" type="0"/>
    <Peak1D F1="2.449707" intensity="1.496708e+000" type="0"/>
    <Peak1D F1="2.446764" intensity="1.536071e+000" type="0"/>
    <Peak1D F1="2.443711" intensity="1.637889e+000" type="0"/>
    <Peak1D F1="2.440870" intensity="1.711426e+000" type="0"/>
    <Peak1D F1="2.434398" intensity="1.568532e+000" type="0"/>
    <Peak1D F1="2.431238" intensity="1.678856e+000" type="0"/>
    <Peak1D F1="2.428984" intensity="1.728299e+000" type="0"/>
    <Peak1D F1="2.397349" intensity="3.962750e-002" type="0"/>
    <Peak1D F1="2.392487" intensity="4.181137e-002" type="0"/>
    <Peak1D F1="2.379915" intensity="1.320510e-002" type="0"/>
    <Peak1D F1="2.373975" intensity="1.168684e-002" type="0"/>
    <Peak1D F1="2.357964" intensity="7.187547e-003" type="0"/>
    <Peak1D F1="2.346171" intensity="1.736664e-002" type="0"/>
    <Peak1D F1="2.329519" intensity="2.221007e-002" type="0"/>
    <Peak1D F1="2.310341" intensity="4.347485e-002" type="0"/>
    <Peak1D F1="2.289424" intensity="2.778201e-001" type="0"/>
    <Peak1D F1="2.271973" intensity="1.145070e+000" type="0"/>
    <Peak1D F1="2.254423" intensity="2.316222e+000" type="0"/>
    <Peak1D F1="2.248608" intensity="2.537878e+000" type="0"/>
    <Peak1D F1="2.242789" intensity="2.129360e+000" type="0"/>
    <Peak1D F1="2.237288" intensity="3.846681e+000" type="0"/>
    <Peak1D F1="2.231122" intensity="1.918467e+000" type="0"/>
    <Peak1D F1="2.224725" intensity="2.065442e+000" type="0"/>
    <Peak1D F1="2.221117" intensity="1.750078e+000" type="0"/>
    <Peak1D F1="2.211203" intensity="6.589614e-001" type="0"/>
    <Peak1D F1="2.205876" intensity="7.665423e-001" type="0"/>
    <Peak1D F1="2.202672" intensity="6.858630e-001" type="0"/>
    <Peak1D F1="2.201509" intensity="6.829029e-001" type="0"/>
    <Peak1D F1="2.190954" intensity="2.427180e-001" type="0"/>
    <Peak1D F1="2.184094" intensity="6.733662e-001" type="0"/>
    <Peak1D F1="2.178818" intensity="6.718217e-001" type="0"/>
    <Peak1D F1="2.173822" intensity="7.701476e-001" type="0"/>
    <Peak1D F1="2.168446" intensity="7.419627e-001" type="0"/>
    <Peak1D F1="2.162624" intensity="4.100007e-001" type="0"/>
    <Peak1D F1="2.143453" intensity="1.329771e+000" type="0"/>
    <Peak1D F1="2.142276" intensity="1.328247e+000" type="0"/>
    <Peak1D F1="2.124557" intensity="2.012411e+000" type="0"/>
    <Peak1D F1="2.105541" intensity="1.447308e+000" type="0"/>
    <Peak1D F1="2.096026" intensity="7.231503e-001" type="0"/>
    <Peak1D F1="2.079670" intensity="1.683967e+000" type="0"/>
    <Peak1D F1="2.070512" intensity="1.475194e+000" type="0"/>
    <Peak1D F1="2.058600" intensity="2.213877e+000" type="0"/>
    <Peak1D F1="2.043405" intensity="1.960712e+000" type="0"/>
    <Peak1D F1="2.033694" intensity="1.565375e+000" type="0"/>
    <Peak1D F1="2.027349" intensity="1.266461e+000" type="0"/>
    <Peak1D F1="2.014427" intensity="8.675923e+000" type="0"/>
    <Peak1D F1="2.002203" intensity="2.382026e+000" type="0"/>
    <Peak1D F1="1.986579" intensity="2.483222e+000" type="0"/>
    <Peak1D F1="1.967715" intensity="2.596656e+000" type="0"/>
    <Peak1D F1="1.949958" intensity="1.290950e+000" type="0"/>
    <Peak1D F1="1.935110" intensity="3.025378e-001" type="0"/>
    <Peak1D F1="1.926382" intensity="1.877355e-001" type="0"/>
    <Peak1D F1="1.923019" intensity="1.789557e-001" type="0"/>
    <Peak1D F1="1.919294" intensity="1.903932e-001" type="0"/>
    <Peak1D F1="1.916074" intensity="1.959428e-001" type="0"/>
    <Peak1D F1="1.912478" intensity="1.962667e-001" type="0"/>
    <Peak1D F1="1.904889" intensity="1.744880e-001" type="0"/>
    <Peak1D F1="1.897491" intensity="1.591211e-001" type="0"/>
    <Peak1D F1="1.894501" intensity="1.442756e-001" type="0"/>
    <Peak1D F1="1.889323" intensity="1.333123e-001" type="0"/>
    <Peak1D F1="1.873482" intensity="1.070086e-001" type="0"/>
    <Peak1D F1="1.853813" intensity="1.458724e-001" type="0"/>
    <Peak1D F1="1.843069" intensity="2.014404e-001" type="0"/>
    <Peak1D F1="1.833644" intensity="3.540969e-001" type="0"/>
    <Peak1D F1="1.827283" intensity="4.936872e-001" type="0"/>
    <Peak1D F1="1.821934" intensity="4.452455e-001" type="0"/>
    <Peak1D F1="1.818650" intensity="3.820563e-001" type="0"/>
    <Peak1D F1="1.812571" intensity="3.626938e-001" type="0"/>
    <Peak1D F1="1.803220" intensity="6.388280e-001" type="0"/>
    <Peak1D F1="1.798538" intensity="6.934581e-001" type="0"/>
    <Peak1D F1="1.778646" intensity="1.841481e-001" type="0"/>
    <Peak1D F1="1.768682" intensity="2.251711e-001" type="0"/>
    <Peak1D F1="1.762465" intensity="2.292368e-001" type="0"/>
    <Peak1D F1="1.759263" intensity="2.359256e-001" type="0"/>
    <Peak1D F1="1.752328" intensity="3.228834e-001" type="0"/>
    <Peak1D F1="1.742429" intensity="3.175763e-001" type="0"/>
    <Peak1D F1="1.735824" intensity="2.961994e-001" type="0"/>
    <Peak1D F1="1.731712" intensity="3.236845e-001" type="0"/>
    <Peak1D F1="1.726972" intensity="3.361149e-001" type="0"/>
    <Peak1D F1="1.721500" intensity="2.787687e-001" type="0"/>
    <Peak1D F1="1.715001" intensity="2.877780e-001" type="0"/>
    <Peak1D F1="1.711652" intensity="2.971943e-001" type="0"/>
    <Peak1D F1="1.704143" intensity="2.709974e-001" type="0"/>
    <Peak1D F1="1.694578" intensity="2.562336e-001" type="0"/>
    <Peak1D F1="1.684502" intensity="3.541546e-001" type="0"/>
    <Peak1D F1="1.671088" intensity="2.918305e-001" type="0"/>
    <Peak1D F1="1.668271" intensity="2.769522e-001" type="0"/>
    <Peak1D F1="1.650215" intensity="7.104961e+000" type="0"/>
    <Peak1D F1="1.648542" intensity="7.155019e+000" type="0"/>
    <Peak1D F1="1.634349" intensity="1.192902e+000" type="0"/>
    <Peak1D F1="1.615794" intensity="1.593531e+000" type="0"/>
    <Peak1D F1="1.597214" intensity="9.081561e+000" type="0"/>
    <Peak1D F1="1.576199" intensity="8.589423e+000" type="0"/>
    <Peak1D F1="1.563657" intensity="1.853316e+000" type="0"/>
    <Peak1D F1="1.545209" intensity="5.081512e-001" type="0"/>
    <Peak1D F1="1.523584" intensity="1.323502e-001" type="0"/>
    <Peak1D F1="1.517699" intensity="1.192101e-001" type="0"/>
    <Peak1D F1="1.502329" intensity="1.079579e-001" type="0"/>
    <Peak1D F1="1.493498" intensity="1.213850e-001" type="0"/>
    <Peak1D F1="1.476699" intensity="9.644876e-002" type="0"/>
    <Peak1D F1="1.467188" intensity="1.281055e-001" type="0"/>
    <Peak1D F1="1.450584" intensity="3.387088e-001" type="0"/>
    <Peak1D F1="1.431942" intensity="1.022166e+000" type="0"/>
    <Peak1D F1="1.415990" intensity="1.390005e+000" type="0"/>
    <Peak1D F1="1.413569" intensity="1.274338e+000" type="0"/>
    <Peak1D F1="1.397837" intensity="1.682638e+000" type="0"/>
    <Peak1D F1="1.382170" intensity="1.103602e+000" type="0"/>
    <Peak1D F1="1.379580" intensity="1.279665e+000" type="0"/>
    <Peak1D F1="1.363828" intensity="8.230125e-001" type="0"/>
    <Peak1D F1="1.352430" intensity="5.619264e-001" type="0"/>
    <Peak1D F1="1.345533" intensity="6.773001e-001" type="0"/>
    <Peak1D F1="1.322113" intensity="1.240635e+000" type="0"/>
    <Peak1D F1="1.293472" intensity="1.152369e+000" type="0"/>
    <Peak1D F1="1.270042" intensity="3.650001e-001" type="0"/>
    <Peak1D F1="1.262641" intensity="4.453557e-001" type="0"/>
    <Peak1D F1="1.245230" intensity="7.667103e-002" type="0"/>
    <Peak1D F1="1.238434" intensity="1.302268e-001" type="0"/>
    <Peak1D F1="1.230424" intensity="2.078073e-001" type="0"/>
    <Peak1D F1="1.222866" intensity="9.817930e-002" type="0"/>
    <Peak1D F1="1.212270" intensity="1.026102e-001" type="0"/>
    <Peak1D F1="1.207611" intensity="1.098008e-001" type="0"/>
    <Peak1D F1="1.203886" intensity="5.311495e-002" type="0"/>
    <Peak1D F1="1.193311" intensity="6.849840e-002" type="0"/>
    <Peak1D F1="1.188370" intensity="3.615225e-002" type="0"/>
    <Peak1D F1="1.180849" intensity="1.896651e-002" type="0"/>
    <Peak1D F1="1.172591" intensity="2.274926e-002" type="0"/>
    <Peak1D F1="1.163261" intensity="1.502386e-002" type="0"/>
    <Peak1D F1="1.158175" intensity="1.342226e-002" type="0"/>
    <Peak1D F1="1.151617" intensity="1.700194e-002" type="0"/>
    <Peak1D F1="1.148329" intensity="2.070491e-002" type="0"/>
    <Peak1D F1="1.141322" intensity="3.474971e-002" type="0"/>
    <Peak1D F1="1.135027" intensity="3.123114e-002" type="0"/>
    <Peak1D F1="1.127594" intensity="1.686347e-002" type="0"/>
    <Peak1D F1="1.121429" intensity="5.337664e-002" type="0"/>
    <Peak1D F1="1.118088" intensity="6.919993e-002" type="0"/>
    <Peak1D F1="1.102973" intensity="1.326681e-001" type="0"/>
    <Peak1D F1="1.092884" intensity="1.135429e-001" type="0"/>
    <Peak1D F1="1.072720" intensity="1.284478e+001" type="0"/>
    <Peak1D F1="1.055236" intensity="1.279357e+001" type="0"/>
    <Peak1D F1="1.033825" intensity="1.818347e-001" type="0"/>
    <Peak1D F1="1.023906" intensity="1.496575e+000" type="0"/>
    <Peak1D F1="1.006655" intensity="1.477257e+000" type="0"/>
    <Peak1D F1="0.994071" intensity="1.225924e-001" type="0"/>
    <Peak1D F1="0.991373" intensity="1.405282e-001" type="0"/>
    <Peak1D F1="0.964419" intensity="6.946854e+000" type="0"/>
    <Peak1D F1="0.947424" intensity="1.266044e+001" type="0"/>
    <Peak1D F1="0.928548" intensity="4.797441e+000" type="0"/>
    <Peak1D F1="0.913891" intensity="1.850830e+000" type="0"/>
    <Peak1D F1="0.906464" intensity="1.047367e+000" type="0"/>
    <Peak1D F1="0.893407" intensity="6.824297e+000" type="0"/>
    <Peak1D F1="0.888106" intensity="1.607038e+000" type="0"/>
    <Peak1D F1="0.879854" intensity="6.449837e+000" type="0"/>
    <Peak1D F1="0.874746" intensity="1.362394e+001" type="0"/>
    <Peak1D F1="0.863347" intensity="5.989075e+000" type="0"/>
    <Peak1D F1="0.856173" intensity="6.832395e+000" type="0"/>
    <Peak1D F1="0.814574" intensity="4.979471e+000" type="0"/>
    <Peak1D F1="0.798096" intensity="5.731641e+000" type="0"/>
    <Peak1D F1="0.782104" intensity="1.348555e+000" type="0"/>
    <Peak1D F1="0.769566" intensity="2.084390e-001" type="0"/>
    <Peak1D F1="0.756485" intensity="1.364039e-001" type="0"/>
    <Peak1D F1="0.735338" intensity="1.235653e-001" type="0"/>
    <Peak1D F1="0.729019" intensity="9.089004e-002" type="0"/>
    <Peak1D F1="0.722281" intensity="1.082301e-001" type="0"/>
    <Peak1D F1="0.716673" intensity="1.562745e-001" type="0"/>
    <Peak1D F1="0.710421" intensity="8.801846e-002" type="0"/>
    <Peak1D F1="0.706044" intensity="9.360985e-002" type="0"/>
    <Peak1D F1="0.698157" intensity="9.882758e-002" type="0"/>
    <Peak1D F1="0.679533" intensity="5.130157e-002" type="0"/>
    <Peak1D F1="0.656762" intensity="7.149066e-002" type="0"/>
    <Peak1D F1="0.648526" intensity="1.101108e-001" type="0"/>
    <Peak1D F1="0.640548" intensity="7.258002e-002" type="0"/>
    <Peak1D F1="0.631625" intensity="1.018305e-001" type="0"/>
    <Peak1D F1="0.577680" intensity="2.800019e-002" type="0"/>
    <Peak1D F1="0.547931" intensity="2.478414e-002" type="0"/>
    <Peak1D F1="0.524536" intensity="2.214112e-002" type="0"/>
    <Peak1D F1="0.518882" intensity="2.212283e-002" type="0"/>
    <Peak1D F1="0.507273" intensity="2.080094e-002" type="0"/>
    <Peak1D F1="0.495419" intensity="2.039464e-002" type="0"/>
    <Peak1D F1="0.489501" intensity="2.077031e-002" type="0"/>
    <Peak1D F1="0.475657" intensity="1.908990e-002" type="0"/>
    <Peak1D F1="0.458913" intensity="1.772899e-002" type="0"/>
    <Peak1D F1="0.446892" intensity="1.734751e-002" type="0"/>
    <Peak1D F1="0.426479" intensity="1.633837e-002" type="0"/>
    <Peak1D F1="0.393028" intensity="1.486324e-002" type="0"/>
    <Peak1D F1="0.376997" intensity="1.381562e-002" type="0"/>
    <Peak1D F1="0.351429" intensity="1.322403e-002" type="0"/>
    <Peak1D F1="0.332371" intensity="1.265194e-002" type="0"/>
    <Peak1D F1="0.314989" intensity="1.207818e-002" type="0"/>
    <Peak1D F1="0.296285" intensity="1.170628e-002" type="0"/>
    <Peak1D F1="0.278097" intensity="1.100077e-002" type="0"/>
    <Peak1D F1="0.257672" intensity="1.030525e-002" type="0"/>
    <Peak1D F1="0.239261" intensity="9.884474e-003" type="0"/>
    <Peak1D F1="0.226681" intensity="9.564596e-003" type="0"/>
    <Peak1D F1="0.215003" intensity="9.286005e-003" type="0"/>
    <Peak1D F1="0.191570" intensity="8.595210e-003" type="0"/>
    <Peak1D F1="0.188713" intensity="8.594713e-003" type="0"/>
    <Peak1D F1="0.183706" intensity="8.630420e-003" type="0"/>
    <Peak1D F1="0.147098" intensity="8.250070e-003" type="0"/>
    <Peak1D F1="0.135201" intensity="7.778073e-003" type="0"/>
    <Peak1D F1="0.079895" intensity="6.921011e-003" type="0"/>
    <Peak1D F1="0.007924" intensity="9.834067e-003" type="0"/>
    <Peak1D F1="-0.000155" intensity="1.330685e-001" type="0"/>
    <Peak1D F1="-0.008366" intensity="1.120636e-002" type="0"/>
    <Peak1D F1="-0.046721" intensity="5.367079e-003" type="0"/>
    <Peak1D F1="-0.150339" intensity="4.504727e-003" type="0"/>
    <Peak1D F1="-0.178245" intensity="4.001717e-003" type="0"/>
    <Peak1D F1="-0.214437" intensity="3.558592e-003" type="0"/>
    <Peak1D F1="-0.231267" intensity="3.525477e-003" type="0"/>
    <Peak1D F1="-0.258977" intensity="3.270957e-003" type="0"/>
    <Peak1D F1="-0.339426" intensity="2.687281e-003" type="0"/>
    <Peak1D F1="-0.385045" intensity="2.452039e-003" type="0"/>
    <Peak1D F1="-0.414939" intensity="2.258419e-003" type="0"/>
    <Peak1D F1="-3.604599" intensity="2.334446e-003" type="0"/>
    <Peak1D F1="-3.689917" intensity="2.502134e-003" type="0"/>
    <Peak1D F1="-3.699596" intensity="2.517665e-003" type="0"/>
    <Peak1D F1="-3.762926" intensity="2.707356e-003" type="0"/>
  </PeakList1D>
</PeakList>
