<?xml version="1.0" encoding="UTF-8"?>
<PeakList>
  <PeakList1D>
    <PeakList1DHeader creator="root" date="2021-09-29T10:29:05.577+08:00" expNo="1" name="0929KC" owner="" procNo="1" source="D:/Zhi-Ming Zhang">
      <PeakPickDetails>F1=16.153431ppm, F2=-3.872111ppm, MI=0.00cm, MAXI=10000.00cm, PC=1.000
      </PeakPickDetails>
    </PeakList1DHeader>
    <Peak1D F1="9.602922" intensity="3.496099e-002" type="0"/>
    <Peak1D F1="8.147260" intensity="6.814765e-003" type="0"/>
    <Peak1D F1="7.995645" intensity="1.975297e-002" type="0"/>
    <Peak1D F1="7.776950" intensity="3.443554e-002" type="0"/>
    <Peak1D F1="7.587754" intensity="8.992414e-002" type="0"/>
    <Peak1D F1="7.564223" intensity="6.267163e-002" type="0"/>
    <Peak1D F1="7.530986" intensity="4.683927e+000" type="0"/>
    <Peak1D F1="7.529074" intensity="5.244524e+000" type="0"/>
    <Peak1D F1="7.526546" intensity="5.422659e+000" type="0"/>
    <Peak1D F1="7.524560" intensity="5.426839e+000" type="0"/>
    <Peak1D F1="7.490479" intensity="9.387355e-002" type="0"/>
    <Peak1D F1="7.465813" intensity="4.185317e-002" type="0"/>
    <Peak1D F1="7.456896" intensity="4.510155e-002" type="0"/>
    <Peak1D F1="7.270619" intensity="3.935656e-002" type="0"/>
    <Peak1D F1="7.060804" intensity="9.693273e-003" type="0"/>
    <Peak1D F1="7.042379" intensity="9.941805e-003" type="0"/>
    <Peak1D F1="7.034962" intensity="9.972785e-003" type="0"/>
    <Peak1D F1="6.715466" intensity="1.893865e-002" type="0"/>
    <Peak1D F1="6.711271" intensity="1.962277e-002" type="0"/>
    <Peak1D F1="6.706501" intensity="1.954997e-002" type="0"/>
    <Peak1D F1="6.702301" intensity="1.878830e-002" type="0"/>
    <Peak1D F1="6.591969" intensity="2.849808e-002" type="0"/>
    <Peak1D F1="6.584282" intensity="3.225895e-002" type="0"/>
    <Peak1D F1="6.579583" intensity="2.936994e-002" type="0"/>
    <Peak1D F1="6.500703" intensity="4.108965e-002" type="0"/>
    <Peak1D F1="6.493035" intensity="4.310497e-002" type="0"/>
    <Peak1D F1="6.411636" intensity="2.230142e-001" type="0"/>
    <Peak1D F1="6.376289" intensity="3.365906e+000" type="0"/>
    <Peak1D F1="6.371537" intensity="3.722030e+000" type="0"/>
    <Peak1D F1="6.368434" intensity="4.249825e+000" type="0"/>
    <Peak1D F1="6.363729" intensity="4.003671e+000" type="0"/>
    <Peak1D F1="6.284779" intensity="4.689542e+000" type="0"/>
    <Peak1D F1="6.276817" intensity="4.220438e+000" type="0"/>
    <Peak1D F1="6.190843" intensity="8.873405e-002" type="0"/>
    <Peak1D F1="6.173703" intensity="6.034872e-002" type="0"/>
    <Peak1D F1="6.167370" intensity="5.011737e-002" type="0"/>
    <Peak1D F1="6.155699" intensity="4.384582e-002" type="0"/>
    <Peak1D F1="6.148230" intensity="5.305337e-002" type="0"/>
    <Peak1D F1="6.143306" intensity="4.557823e-002" type="0"/>
    <Peak1D F1="6.113371" intensity="1.920024e-002" type="0"/>
    <Peak1D F1="6.078031" intensity="5.863941e-002" type="0"/>
    <Peak1D F1="6.066515" intensity="6.634936e-002" type="0"/>
    <Peak1D F1="6.056901" intensity="5.301280e-002" type="0"/>
    <Peak1D F1="6.021876" intensity="2.089002e-002" type="0"/>
    <Peak1D F1="5.943667" intensity="1.668448e-002" type="0"/>
    <Peak1D F1="5.848100" intensity="1.981966e-002" type="0"/>
    <Peak1D F1="5.829044" intensity="1.623384e-002" type="0"/>
    <Peak1D F1="5.755043" intensity="1.722577e-002" type="0"/>
    <Peak1D F1="5.704971" intensity="1.986842e-002" type="0"/>
    <Peak1D F1="5.513258" intensity="2.083799e-002" type="0"/>
    <Peak1D F1="5.381121" intensity="3.115157e-002" type="0"/>
    <Peak1D F1="5.369778" intensity="3.233642e-002" type="0"/>
    <Peak1D F1="5.005061" intensity="3.202733e-001" type="0"/>
    <Peak1D F1="4.728649" intensity="4.927562e-002" type="0"/>
    <Peak1D F1="4.696798" intensity="1.026082e-001" type="0"/>
    <Peak1D F1="4.669506" intensity="4.453894e-002" type="0"/>
    <Peak1D F1="4.615534" intensity="1.883070e-001" type="0"/>
    <Peak1D F1="4.583328" intensity="6.015406e-002" type="0"/>
    <Peak1D F1="4.552115" intensity="7.067510e-002" type="0"/>
    <Peak1D F1="4.540017" intensity="7.799565e-002" type="0"/>
    <Peak1D F1="4.530592" intensity="8.128624e-002" type="0"/>
    <Peak1D F1="4.515344" intensity="1.370149e-001" type="0"/>
    <Peak1D F1="4.440011" intensity="1.500000e+001" type="0"/>
    <Peak1D F1="4.421104" intensity="3.690453e-001" type="0"/>
    <Peak1D F1="4.393854" intensity="5.771996e-002" type="0"/>
    <Peak1D F1="4.383559" intensity="2.389381e-001" type="0"/>
    <Peak1D F1="4.261377" intensity="1.238195e-001" type="0"/>
    <Peak1D F1="4.089558" intensity="9.949309e-003" type="0"/>
    <Peak1D F1="4.047573" intensity="9.942864e-003" type="0"/>
    <Peak1D F1="4.009915" intensity="1.018063e-002" type="0"/>
    <Peak1D F1="3.991584" intensity="1.122423e-001" type="0"/>
    <Peak1D F1="3.968205" intensity="1.178338e-002" type="0"/>
    <Peak1D F1="3.946196" intensity="2.146741e-002" type="0"/>
    <Peak1D F1="3.926963" intensity="3.100061e-002" type="0"/>
    <Peak1D F1="3.858994" intensity="6.573757e-003" type="0"/>
    <Peak1D F1="3.845796" intensity="1.116983e-002" type="0"/>
    <Peak1D F1="3.754982" intensity="1.773123e-002" type="0"/>
    <Peak1D F1="3.742521" intensity="8.885903e-003" type="0"/>
    <Peak1D F1="3.723753" intensity="1.057096e-002" type="0"/>
    <Peak1D F1="3.639858" intensity="9.457536e-003" type="0"/>
    <Peak1D F1="3.622340" intensity="2.596974e-002" type="0"/>
    <Peak1D F1="3.606097" intensity="1.957580e-002" type="0"/>
    <Peak1D F1="3.527783" intensity="1.547518e-002" type="0"/>
    <Peak1D F1="3.510419" intensity="1.661494e-002" type="0"/>
    <Peak1D F1="3.485385" intensity="1.406726e-002" type="0"/>
    <Peak1D F1="3.458180" intensity="1.616721e-002" type="0"/>
    <Peak1D F1="3.446231" intensity="1.349892e-002" type="0"/>
    <Peak1D F1="3.438765" intensity="1.623975e-002" type="0"/>
    <Peak1D F1="3.422487" intensity="2.100360e-002" type="0"/>
    <Peak1D F1="3.410466" intensity="3.240804e-002" type="0"/>
    <Peak1D F1="3.405458" intensity="3.708760e-002" type="0"/>
    <Peak1D F1="3.397118" intensity="3.457679e-002" type="0"/>
    <Peak1D F1="3.392863" intensity="2.918387e-002" type="0"/>
    <Peak1D F1="3.355728" intensity="1.350238e-002" type="0"/>
    <Peak1D F1="3.341893" intensity="1.018431e-002" type="0"/>
    <Peak1D F1="3.071075" intensity="5.144384e-003" type="0"/>
    <Peak1D F1="3.024683" intensity="7.867293e-003" type="0"/>
    <Peak1D F1="3.005342" intensity="7.265687e-003" type="0"/>
    <Peak1D F1="2.995379" intensity="6.254284e-003" type="0"/>
    <Peak1D F1="2.481877" intensity="8.464499e-002" type="0"/>
    <Peak1D F1="2.477473" intensity="1.085509e-001" type="0"/>
    <Peak1D F1="2.473034" intensity="7.650413e-002" type="0"/>
    <Peak1D F1="2.450673" intensity="9.194578e-003" type="0"/>
    <Peak1D F1="2.433151" intensity="7.175301e-003" type="0"/>
    <Peak1D F1="2.398618" intensity="1.027314e-002" type="0"/>
    <Peak1D F1="2.234014" intensity="8.178885e-003" type="0"/>
    <Peak1D F1="2.195352" intensity="6.876112e-002" type="0"/>
    <Peak1D F1="2.059829" intensity="3.566587e-002" type="0"/>
    <Peak1D F1="2.041504" intensity="1.108094e-002" type="0"/>
    <Peak1D F1="2.001665" intensity="6.739842e-003" type="0"/>
    <Peak1D F1="1.957467" intensity="1.426333e-002" type="0"/>
    <Peak1D F1="1.805168" intensity="8.336093e-003" type="0"/>
    <Peak1D F1="1.793132" intensity="9.138531e-003" type="0"/>
    <Peak1D F1="1.775277" intensity="1.305806e-002" type="0"/>
    <Peak1D F1="1.757593" intensity="1.152159e-002" type="0"/>
    <Peak1D F1="1.659890" intensity="5.028929e-003" type="0"/>
    <Peak1D F1="1.567388" intensity="6.252723e-003" type="0"/>
    <Peak1D F1="1.430029" intensity="1.324182e-002" type="0"/>
    <Peak1D F1="1.078614" intensity="5.109671e-003" type="0"/>
    <Peak1D F1="0.883816" intensity="1.443129e-002" type="0"/>
    <Peak1D F1="0.866793" intensity="1.141878e-002" type="0"/>
    <Peak1D F1="-0.000151" intensity="5.021222e-002" type="0"/>
  </PeakList1D>
</PeakList>
