<?xml version="1.0" encoding="UTF-8"?>
<PeakList>
  <PeakList1D>
    <PeakList1DHeader creator="root" date="2021-09-26T19:56:03.719+08:00" expNo="1" name="09296xj16" owner="" procNo="1" source="D:/Zhi-Ming Zhang">
      <PeakPickDetails>F1=16.196430ppm, F2=-3.829113ppm, MI=0.00cm, MAXI=10000.00cm, PC=1.000
      </PeakPickDetails>
    </PeakList1DHeader>
    <Peak1D F1="16.092684" intensity="6.796459e-004" type="0"/>
    <Peak1D F1="15.993070" intensity="5.918290e-004" type="0"/>
    <Peak1D F1="15.937400" intensity="5.940575e-004" type="0"/>
    <Peak1D F1="15.846053" intensity="6.020290e-004" type="0"/>
    <Peak1D F1="15.805393" intensity="5.766401e-004" type="0"/>
    <Peak1D F1="15.781373" intensity="5.519856e-004" type="0"/>
    <Peak1D F1="15.752331" intensity="4.720429e-004" type="0"/>
    <Peak1D F1="15.691816" intensity="6.026293e-004" type="0"/>
    <Peak1D F1="15.659046" intensity="5.206850e-004" type="0"/>
    <Peak1D F1="15.645299" intensity="5.415477e-004" type="0"/>
    <Peak1D F1="15.630341" intensity="5.123067e-004" type="0"/>
    <Peak1D F1="15.603469" intensity="4.691273e-004" type="0"/>
    <Peak1D F1="15.592169" intensity="5.356356e-004" type="0"/>
    <Peak1D F1="15.550907" intensity="4.453719e-004" type="0"/>
    <Peak1D F1="15.518034" intensity="4.445971e-004" type="0"/>
    <Peak1D F1="13.070797" intensity="5.200603e-004" type="0"/>
    <Peak1D F1="12.883383" intensity="4.477278e-004" type="0"/>
    <Peak1D F1="12.832231" intensity="4.359850e-004" type="0"/>
    <Peak1D F1="12.741721" intensity="5.731060e-004" type="0"/>
    <Peak1D F1="12.669880" intensity="4.650916e-004" type="0"/>
    <Peak1D F1="12.642121" intensity="4.872588e-004" type="0"/>
    <Peak1D F1="12.633130" intensity="4.525871e-004" type="0"/>
    <Peak1D F1="12.584822" intensity="5.315722e-004" type="0"/>
    <Peak1D F1="12.512392" intensity="4.431378e-004" type="0"/>
    <Peak1D F1="12.447842" intensity="4.841330e-004" type="0"/>
    <Peak1D F1="12.417434" intensity="5.402440e-004" type="0"/>
    <Peak1D F1="12.362230" intensity="5.040186e-004" type="0"/>
    <Peak1D F1="12.336374" intensity="4.376680e-004" type="0"/>
    <Peak1D F1="12.227562" intensity="4.237129e-004" type="0"/>
    <Peak1D F1="12.155069" intensity="5.012307e-004" type="0"/>
    <Peak1D F1="12.141511" intensity="4.631405e-004" type="0"/>
    <Peak1D F1="11.535719" intensity="4.989981e-004" type="0"/>
    <Peak1D F1="11.342473" intensity="4.494873e-004" type="0"/>
    <Peak1D F1="10.886436" intensity="2.277381e-003" type="0"/>
    <Peak1D F1="10.293923" intensity="8.876953e-003" type="0"/>
    <Peak1D F1="10.263674" intensity="4.422333e-003" type="0"/>
    <Peak1D F1="10.219498" intensity="2.650080e-003" type="0"/>
    <Peak1D F1="10.077947" intensity="1.174350e-003" type="0"/>
    <Peak1D F1="9.970313" intensity="2.056864e-002" type="0"/>
    <Peak1D F1="9.950227" intensity="2.091422e-002" type="0"/>
    <Peak1D F1="9.909749" intensity="4.849161e-004" type="0"/>
    <Peak1D F1="9.871072" intensity="7.505663e-003" type="0"/>
    <Peak1D F1="9.850922" intensity="7.751491e-003" type="0"/>
    <Peak1D F1="9.823566" intensity="9.538858e-004" type="0"/>
    <Peak1D F1="9.796386" intensity="1.722059e-002" type="0"/>
    <Peak1D F1="9.748803" intensity="9.521173e-004" type="0"/>
    <Peak1D F1="9.738120" intensity="1.226792e-003" type="0"/>
    <Peak1D F1="9.708993" intensity="3.743782e-002" type="0"/>
    <Peak1D F1="9.678276" intensity="1.303760e-003" type="0"/>
    <Peak1D F1="9.653280" intensity="5.851293e-003" type="0"/>
    <Peak1D F1="9.629773" intensity="5.010476e-003" type="0"/>
    <Peak1D F1="9.609899" intensity="6.765164e-003" type="0"/>
    <Peak1D F1="9.560181" intensity="7.772844e-003" type="0"/>
    <Peak1D F1="9.549759" intensity="1.089576e-002" type="0"/>
    <Peak1D F1="9.528255" intensity="6.010760e-002" type="0"/>
    <Peak1D F1="9.488508" intensity="6.349895e+000" type="0"/>
    <Peak1D F1="9.447150" intensity="4.968224e-002" type="0"/>
    <Peak1D F1="9.426957" intensity="1.396598e-002" type="0"/>
    <Peak1D F1="9.419625" intensity="9.525804e-003" type="0"/>
    <Peak1D F1="9.402330" intensity="4.149819e-003" type="0"/>
    <Peak1D F1="9.390246" intensity="2.057805e-003" type="0"/>
    <Peak1D F1="9.378291" intensity="2.470594e-003" type="0"/>
    <Peak1D F1="9.358032" intensity="7.866506e-004" type="0"/>
    <Peak1D F1="9.262217" intensity="3.582001e-002" type="0"/>
    <Peak1D F1="9.019414" intensity="6.588954e-004" type="0"/>
    <Peak1D F1="8.968802" intensity="3.479794e-003" type="0"/>
    <Peak1D F1="8.903038" intensity="4.534110e-003" type="0"/>
    <Peak1D F1="8.853074" intensity="5.664794e-003" type="0"/>
    <Peak1D F1="8.687495" intensity="3.246615e+000" type="0"/>
    <Peak1D F1="8.513007" intensity="1.293079e-003" type="0"/>
    <Peak1D F1="8.305482" intensity="5.433394e-003" type="0"/>
    <Peak1D F1="8.291421" intensity="1.555432e-003" type="0"/>
    <Peak1D F1="8.202271" intensity="1.851031e-003" type="0"/>
    <Peak1D F1="8.160359" intensity="2.136533e-002" type="0"/>
    <Peak1D F1="8.086977" intensity="1.134914e-003" type="0"/>
    <Peak1D F1="7.612438" intensity="1.852802e-002" type="0"/>
    <Peak1D F1="7.604052" intensity="1.946743e-002" type="0"/>
    <Peak1D F1="7.585021" intensity="3.312470e-003" type="0"/>
    <Peak1D F1="7.575205" intensity="2.724576e-003" type="0"/>
    <Peak1D F1="7.547302" intensity="6.189524e-003" type="0"/>
    <Peak1D F1="7.511805" intensity="1.448605e-003" type="0"/>
    <Peak1D F1="7.464220" intensity="5.447243e-003" type="0"/>
    <Peak1D F1="7.454767" intensity="6.390424e-003" type="0"/>
    <Peak1D F1="7.392978" intensity="3.301523e+000" type="0"/>
    <Peak1D F1="7.384829" intensity="3.426521e+000" type="0"/>
    <Peak1D F1="7.343921" intensity="1.717701e-002" type="0"/>
    <Peak1D F1="7.332937" intensity="1.103097e-002" type="0"/>
    <Peak1D F1="7.323572" intensity="9.964780e-003" type="0"/>
    <Peak1D F1="7.297596" intensity="1.606332e-003" type="0"/>
    <Peak1D F1="7.286322" intensity="1.117843e-003" type="0"/>
    <Peak1D F1="7.169337" intensity="1.805829e-002" type="0"/>
    <Peak1D F1="7.161409" intensity="2.153136e-002" type="0"/>
    <Peak1D F1="7.101773" intensity="8.398093e-003" type="0"/>
    <Peak1D F1="7.095030" intensity="9.194580e-003" type="0"/>
    <Peak1D F1="7.073473" intensity="3.563304e-003" type="0"/>
    <Peak1D F1="7.052441" intensity="3.574836e-003" type="0"/>
    <Peak1D F1="7.015698" intensity="1.107088e-002" type="0"/>
    <Peak1D F1="6.994223" intensity="8.925852e-003" type="0"/>
    <Peak1D F1="6.977405" intensity="8.278427e-003" type="0"/>
    <Peak1D F1="6.958011" intensity="2.295400e-002" type="0"/>
    <Peak1D F1="6.928288" intensity="2.847430e-002" type="0"/>
    <Peak1D F1="6.913349" intensity="1.334017e-002" type="0"/>
    <Peak1D F1="6.894802" intensity="1.055012e-002" type="0"/>
    <Peak1D F1="6.864477" intensity="1.159047e-002" type="0"/>
    <Peak1D F1="6.833496" intensity="1.826101e-002" type="0"/>
    <Peak1D F1="6.763702" intensity="2.557202e+000" type="0"/>
    <Peak1D F1="6.740647" intensity="4.941947e+000" type="0"/>
    <Peak1D F1="6.693151" intensity="3.013044e-002" type="0"/>
    <Peak1D F1="6.681428" intensity="2.738109e-002" type="0"/>
    <Peak1D F1="6.646460" intensity="2.594974e-002" type="0"/>
    <Peak1D F1="6.595016" intensity="2.328358e+000" type="0"/>
    <Peak1D F1="6.575152" intensity="1.889709e+000" type="0"/>
    <Peak1D F1="6.542725" intensity="4.668387e-002" type="0"/>
    <Peak1D F1="6.487948" intensity="6.757953e-003" type="0"/>
    <Peak1D F1="6.463505" intensity="7.041978e-003" type="0"/>
    <Peak1D F1="6.456378" intensity="6.442948e-003" type="0"/>
    <Peak1D F1="6.391802" intensity="3.164423e+000" type="0"/>
    <Peak1D F1="6.384799" intensity="3.207631e+000" type="0"/>
    <Peak1D F1="6.331746" intensity="1.164972e-002" type="0"/>
    <Peak1D F1="6.321652" intensity="1.390881e-002" type="0"/>
    <Peak1D F1="6.286745" intensity="1.661518e-003" type="0"/>
    <Peak1D F1="6.262644" intensity="1.205984e-003" type="0"/>
    <Peak1D F1="6.235438" intensity="9.650569e-003" type="0"/>
    <Peak1D F1="6.167563" intensity="1.674210e-002" type="0"/>
    <Peak1D F1="6.160807" intensity="2.018344e-002" type="0"/>
    <Peak1D F1="6.135530" intensity="3.799804e-003" type="0"/>
    <Peak1D F1="6.118421" intensity="3.360701e-003" type="0"/>
    <Peak1D F1="6.093349" intensity="2.176325e-003" type="0"/>
    <Peak1D F1="5.987732" intensity="3.268802e-001" type="0"/>
    <Peak1D F1="5.970898" intensity="6.875376e-001" type="0"/>
    <Peak1D F1="5.963499" intensity="4.484695e-001" type="0"/>
    <Peak1D F1="5.953592" intensity="4.499488e-001" type="0"/>
    <Peak1D F1="5.945848" intensity="1.077548e+000" type="0"/>
    <Peak1D F1="5.928629" intensity="1.101025e+000" type="0"/>
    <Peak1D F1="5.911560" intensity="4.770622e-001" type="0"/>
    <Peak1D F1="5.903641" intensity="8.102541e-001" type="0"/>
    <Peak1D F1="5.886756" intensity="3.939622e-001" type="0"/>
    <Peak1D F1="5.842373" intensity="4.099493e-003" type="0"/>
    <Peak1D F1="5.826735" intensity="5.013541e-003" type="0"/>
    <Peak1D F1="5.806363" intensity="1.725822e-002" type="0"/>
    <Peak1D F1="5.786858" intensity="1.182592e-002" type="0"/>
    <Peak1D F1="5.751664" intensity="1.973990e-003" type="0"/>
    <Peak1D F1="5.734513" intensity="1.889062e-003" type="0"/>
    <Peak1D F1="5.709147" intensity="5.244475e-004" type="0"/>
    <Peak1D F1="5.536664" intensity="1.425492e-003" type="0"/>
    <Peak1D F1="5.520659" intensity="5.408686e-003" type="0"/>
    <Peak1D F1="5.503940" intensity="1.976204e-003" type="0"/>
    <Peak1D F1="5.408330" intensity="1.767619e-003" type="0"/>
    <Peak1D F1="5.348482" intensity="7.723829e-001" type="0"/>
    <Peak1D F1="5.333221" intensity="1.508112e+000" type="0"/>
    <Peak1D F1="5.317785" intensity="8.142297e-001" type="0"/>
    <Peak1D F1="5.267241" intensity="2.310481e-002" type="0"/>
    <Peak1D F1="5.223781" intensity="1.913958e-002" type="0"/>
    <Peak1D F1="5.191433" intensity="1.947017e-002" type="0"/>
    <Peak1D F1="5.112749" intensity="7.132325e-001" type="0"/>
    <Peak1D F1="5.097512" intensity="1.391774e+000" type="0"/>
    <Peak1D F1="5.077041" intensity="2.506014e+000" type="0"/>
    <Peak1D F1="5.033676" intensity="1.899253e+000" type="0"/>
    <Peak1D F1="5.030337" intensity="1.859869e+000" type="0"/>
    <Peak1D F1="5.023885" intensity="2.140091e+000" type="0"/>
    <Peak1D F1="5.022389" intensity="2.134730e+000" type="0"/>
    <Peak1D F1="4.996773" intensity="1.899935e+000" type="0"/>
    <Peak1D F1="4.909280" intensity="1.437796e-002" type="0"/>
    <Peak1D F1="4.883052" intensity="1.621907e-002" type="0"/>
    <Peak1D F1="4.839375" intensity="9.476650e-003" type="0"/>
    <Peak1D F1="4.823555" intensity="1.178567e-002" type="0"/>
    <Peak1D F1="4.798399" intensity="9.506132e-003" type="0"/>
    <Peak1D F1="4.687197" intensity="2.347880e-003" type="0"/>
    <Peak1D F1="4.659934" intensity="2.460249e-003" type="0"/>
    <Peak1D F1="4.642433" intensity="6.944038e-003" type="0"/>
    <Peak1D F1="4.625760" intensity="6.542965e-003" type="0"/>
    <Peak1D F1="4.485788" intensity="1.114619e+000" type="0"/>
    <Peak1D F1="4.374677" intensity="7.416272e-003" type="0"/>
    <Peak1D F1="4.321214" intensity="1.338805e-003" type="0"/>
    <Peak1D F1="4.179516" intensity="1.491705e-002" type="0"/>
    <Peak1D F1="4.009955" intensity="2.403134e+000" type="0"/>
    <Peak1D F1="3.944629" intensity="1.051531e-001" type="0"/>
    <Peak1D F1="3.932933" intensity="2.844803e-002" type="0"/>
    <Peak1D F1="3.885416" intensity="1.197724e-002" type="0"/>
    <Peak1D F1="3.863082" intensity="8.002630e-002" type="0"/>
    <Peak1D F1="3.838103" intensity="3.924527e-002" type="0"/>
    <Peak1D F1="3.828241" intensity="6.187847e-002" type="0"/>
    <Peak1D F1="3.766952" intensity="1.500000e+001" type="0"/>
    <Peak1D F1="3.716433" intensity="9.437714e-002" type="0"/>
    <Peak1D F1="3.706057" intensity="7.215847e-002" type="0"/>
    <Peak1D F1="3.698694" intensity="4.684002e-002" type="0"/>
    <Peak1D F1="3.681288" intensity="2.772963e-002" type="0"/>
    <Peak1D F1="3.625754" intensity="2.141826e-002" type="0"/>
    <Peak1D F1="3.608164" intensity="2.278277e-002" type="0"/>
    <Peak1D F1="3.584738" intensity="1.267724e-001" type="0"/>
    <Peak1D F1="3.529919" intensity="4.677612e-001" type="0"/>
    <Peak1D F1="3.428191" intensity="3.302866e-002" type="0"/>
    <Peak1D F1="3.411461" intensity="3.050433e-002" type="0"/>
    <Peak1D F1="3.372656" intensity="8.850877e-003" type="0"/>
    <Peak1D F1="3.342062" intensity="1.590300e-002" type="0"/>
    <Peak1D F1="3.271429" intensity="4.108543e+000" type="0"/>
    <Peak1D F1="3.254740" intensity="4.130560e+000" type="0"/>
    <Peak1D F1="3.111898" intensity="2.115655e-002" type="0"/>
    <Peak1D F1="3.095325" intensity="2.027884e-002" type="0"/>
    <Peak1D F1="2.848691" intensity="2.520140e-003" type="0"/>
    <Peak1D F1="2.835366" intensity="6.928573e-003" type="0"/>
    <Peak1D F1="2.821386" intensity="2.517576e-003" type="0"/>
    <Peak1D F1="2.679882" intensity="5.195086e-003" type="0"/>
    <Peak1D F1="2.664869" intensity="6.347127e-003" type="0"/>
    <Peak1D F1="2.649470" intensity="8.752028e-003" type="0"/>
    <Peak1D F1="2.633818" intensity="2.864022e-003" type="0"/>
    <Peak1D F1="2.593329" intensity="4.638173e-003" type="0"/>
    <Peak1D F1="2.574744" intensity="1.315597e-002" type="0"/>
    <Peak1D F1="2.555514" intensity="1.100475e-002" type="0"/>
    <Peak1D F1="2.519139" intensity="6.317297e-001" type="0"/>
    <Peak1D F1="2.463544" intensity="1.148867e-002" type="0"/>
    <Peak1D F1="2.446430" intensity="2.050685e-002" type="0"/>
    <Peak1D F1="2.433811" intensity="2.555230e-002" type="0"/>
    <Peak1D F1="2.372730" intensity="1.687863e+001" type="0"/>
    <Peak1D F1="2.325686" intensity="9.405561e-002" type="0"/>
    <Peak1D F1="2.311747" intensity="5.407574e-002" type="0"/>
    <Peak1D F1="2.303545" intensity="4.080455e-002" type="0"/>
    <Peak1D F1="2.287205" intensity="2.453600e-002" type="0"/>
    <Peak1D F1="2.262300" intensity="1.765885e-002" type="0"/>
    <Peak1D F1="2.239162" intensity="2.908796e-002" type="0"/>
    <Peak1D F1="2.209976" intensity="1.259994e-001" type="0"/>
    <Peak1D F1="2.185176" intensity="4.492200e-002" type="0"/>
    <Peak1D F1="2.157786" intensity="3.736549e-002" type="0"/>
    <Peak1D F1="2.135957" intensity="1.402800e-001" type="0"/>
    <Peak1D F1="2.093734" intensity="5.611665e-001" type="0"/>
    <Peak1D F1="2.076167" intensity="1.639293e+000" type="0"/>
    <Peak1D F1="2.057401" intensity="2.144567e+000" type="0"/>
    <Peak1D F1="2.039998" intensity="1.151070e+000" type="0"/>
    <Peak1D F1="1.989039" intensity="2.253858e+000" type="0"/>
    <Peak1D F1="1.969397" intensity="2.389404e+000" type="0"/>
    <Peak1D F1="1.951718" intensity="1.057313e+000" type="0"/>
    <Peak1D F1="1.854200" intensity="1.398553e-002" type="0"/>
    <Peak1D F1="1.832565" intensity="1.776239e-002" type="0"/>
    <Peak1D F1="1.805199" intensity="6.761859e-002" type="0"/>
    <Peak1D F1="1.756945" intensity="6.905392e-002" type="0"/>
    <Peak1D F1="1.728561" intensity="8.253367e-002" type="0"/>
    <Peak1D F1="1.687999" intensity="1.992884e-001" type="0"/>
    <Peak1D F1="1.649774" intensity="9.330163e+000" type="0"/>
    <Peak1D F1="1.601761" intensity="1.002491e+001" type="0"/>
    <Peak1D F1="1.574124" intensity="1.034400e+001" type="0"/>
    <Peak1D F1="1.515712" intensity="8.503409e-002" type="0"/>
    <Peak1D F1="1.492300" intensity="9.825486e-002" type="0"/>
    <Peak1D F1="1.443504" intensity="8.283338e-002" type="0"/>
    <Peak1D F1="1.416693" intensity="8.107177e-002" type="0"/>
    <Peak1D F1="1.400333" intensity="2.949899e-002" type="0"/>
    <Peak1D F1="1.385371" intensity="2.053942e-002" type="0"/>
    <Peak1D F1="1.364481" intensity="1.389182e-002" type="0"/>
    <Peak1D F1="1.331782" intensity="1.140289e-002" type="0"/>
    <Peak1D F1="1.316466" intensity="1.285027e-002" type="0"/>
    <Peak1D F1="1.305058" intensity="1.273511e-002" type="0"/>
    <Peak1D F1="1.266181" intensity="3.020981e-002" type="0"/>
    <Peak1D F1="1.257369" intensity="2.116554e-002" type="0"/>
    <Peak1D F1="1.228203" intensity="6.485470e-002" type="0"/>
    <Peak1D F1="1.219927" intensity="9.205337e-002" type="0"/>
    <Peak1D F1="1.198235" intensity="5.673761e-002" type="0"/>
    <Peak1D F1="1.159242" intensity="2.499209e-002" type="0"/>
    <Peak1D F1="1.126641" intensity="2.077191e-002" type="0"/>
    <Peak1D F1="1.116017" intensity="2.328728e-002" type="0"/>
    <Peak1D F1="1.081800" intensity="3.300588e-002" type="0"/>
    <Peak1D F1="1.063555" intensity="1.179113e-002" type="0"/>
    <Peak1D F1="1.044285" intensity="1.051985e-002" type="0"/>
    <Peak1D F1="1.029593" intensity="8.636244e-003" type="0"/>
    <Peak1D F1="0.979114" intensity="1.142788e-002" type="0"/>
    <Peak1D F1="0.965616" intensity="1.636522e-002" type="0"/>
    <Peak1D F1="0.936749" intensity="8.565110e-003" type="0"/>
    <Peak1D F1="0.919304" intensity="7.092107e-003" type="0"/>
    <Peak1D F1="0.905112" intensity="5.481635e-003" type="0"/>
    <Peak1D F1="0.886962" intensity="1.094936e-002" type="0"/>
    <Peak1D F1="0.872120" intensity="1.279203e-002" type="0"/>
    <Peak1D F1="0.858962" intensity="9.520818e-003" type="0"/>
    <Peak1D F1="0.841107" intensity="5.144509e-003" type="0"/>
    <Peak1D F1="0.812539" intensity="2.660264e-003" type="0"/>
    <Peak1D F1="0.766183" intensity="5.165537e-003" type="0"/>
    <Peak1D F1="0.750480" intensity="4.144570e-003" type="0"/>
    <Peak1D F1="0.662330" intensity="2.345286e-003" type="0"/>
    <Peak1D F1="0.647055" intensity="2.295521e-003" type="0"/>
    <Peak1D F1="-0.000156" intensity="7.541281e-002" type="0"/>
    <Peak1D F1="-0.999722" intensity="5.179378e-004" type="0"/>
    <Peak1D F1="-1.040604" intensity="5.747698e-004" type="0"/>
    <Peak1D F1="-1.051195" intensity="5.188707e-004" type="0"/>
    <Peak1D F1="-1.114840" intensity="5.272785e-004" type="0"/>
    <Peak1D F1="-1.132582" intensity="6.649717e-004" type="0"/>
    <Peak1D F1="-1.156176" intensity="4.767326e-004" type="0"/>
    <Peak1D F1="-1.179786" intensity="7.136210e-004" type="0"/>
    <Peak1D F1="-1.203634" intensity="6.233487e-004" type="0"/>
    <Peak1D F1="-1.258360" intensity="6.765553e-004" type="0"/>
    <Peak1D F1="-1.289724" intensity="6.689151e-004" type="0"/>
    <Peak1D F1="-1.315012" intensity="6.388890e-004" type="0"/>
    <Peak1D F1="-1.337230" intensity="7.209944e-004" type="0"/>
    <Peak1D F1="-1.344771" intensity="6.709903e-004" type="0"/>
    <Peak1D F1="-1.391543" intensity="7.473720e-004" type="0"/>
    <Peak1D F1="-1.431698" intensity="7.391975e-004" type="0"/>
    <Peak1D F1="-1.467680" intensity="7.776172e-004" type="0"/>
    <Peak1D F1="-1.488889" intensity="8.203809e-004" type="0"/>
    <Peak1D F1="-1.522116" intensity="9.150612e-004" type="0"/>
    <Peak1D F1="-1.551454" intensity="7.664210e-004" type="0"/>
    <Peak1D F1="-1.597008" intensity="7.719056e-004" type="0"/>
    <Peak1D F1="-1.616738" intensity="8.855286e-004" type="0"/>
    <Peak1D F1="-1.666994" intensity="8.297293e-004" type="0"/>
    <Peak1D F1="-1.679646" intensity="8.275282e-004" type="0"/>
    <Peak1D F1="-1.707523" intensity="8.737182e-004" type="0"/>
    <Peak1D F1="-1.729083" intensity="7.984024e-004" type="0"/>
    <Peak1D F1="-1.762525" intensity="8.718239e-004" type="0"/>
    <Peak1D F1="-1.779891" intensity="8.093172e-004" type="0"/>
    <Peak1D F1="-1.817697" intensity="8.646946e-004" type="0"/>
    <Peak1D F1="-1.906410" intensity="9.147653e-004" type="0"/>
    <Peak1D F1="-1.950071" intensity="9.139776e-004" type="0"/>
    <Peak1D F1="-1.983865" intensity="8.248524e-004" type="0"/>
    <Peak1D F1="-2.021113" intensity="7.681955e-004" type="0"/>
    <Peak1D F1="-2.035958" intensity="9.780086e-004" type="0"/>
    <Peak1D F1="-2.057782" intensity="8.305348e-004" type="0"/>
    <Peak1D F1="-2.105814" intensity="9.257104e-004" type="0"/>
    <Peak1D F1="-2.147191" intensity="8.187869e-004" type="0"/>
    <Peak1D F1="-2.165691" intensity="7.606848e-004" type="0"/>
    <Peak1D F1="-2.206345" intensity="8.454620e-004" type="0"/>
    <Peak1D F1="-2.271517" intensity="7.717269e-004" type="0"/>
    <Peak1D F1="-2.295179" intensity="6.748236e-004" type="0"/>
    <Peak1D F1="-2.318880" intensity="7.226593e-004" type="0"/>
    <Peak1D F1="-2.349536" intensity="6.788598e-004" type="0"/>
    <Peak1D F1="-2.375313" intensity="6.407181e-004" type="0"/>
    <Peak1D F1="-2.384564" intensity="6.590992e-004" type="0"/>
    <Peak1D F1="-2.395534" intensity="6.455747e-004" type="0"/>
    <Peak1D F1="-2.427037" intensity="6.365529e-004" type="0"/>
    <Peak1D F1="-2.446287" intensity="5.468642e-004" type="0"/>
    <Peak1D F1="-2.475183" intensity="5.643059e-004" type="0"/>
    <Peak1D F1="-2.490891" intensity="5.856801e-004" type="0"/>
    <Peak1D F1="-2.554742" intensity="5.446190e-004" type="0"/>
    <Peak1D F1="-2.590792" intensity="4.402763e-004" type="0"/>
  </PeakList1D>
</PeakList>
