<?xml version="1.0" encoding="UTF-8"?>
<PeakList>
  <PeakList1D>
    <PeakList1DHeader creator="root" date="2021-09-27T16:04:00.552+08:00" expNo="1" name="0927xj22" owner="" procNo="1" source="D:/Zhi-Ming Zhang">
      <PeakPickDetails>F1=16.173071ppm, F2=-3.852472ppm, MI=0.00cm, MAXI=10000.00cm, PC=1.000
      </PeakPickDetails>
    </PeakList1DHeader>
    <Peak1D F1="13.601176" intensity="1.002781e-003" type="0"/>
    <Peak1D F1="13.519406" intensity="8.800954e-004" type="0"/>
    <Peak1D F1="13.325589" intensity="9.384851e-004" type="0"/>
    <Peak1D F1="13.293576" intensity="1.001137e-003" type="0"/>
    <Peak1D F1="13.176518" intensity="9.823003e-004" type="0"/>
    <Peak1D F1="12.948298" intensity="1.036958e-003" type="0"/>
    <Peak1D F1="12.918861" intensity="9.465077e-004" type="0"/>
    <Peak1D F1="12.854429" intensity="9.519722e-004" type="0"/>
    <Peak1D F1="12.809406" intensity="9.670284e-004" type="0"/>
    <Peak1D F1="12.729066" intensity="9.855276e-004" type="0"/>
    <Peak1D F1="12.686306" intensity="1.365803e-003" type="0"/>
    <Peak1D F1="12.652723" intensity="8.873679e-004" type="0"/>
    <Peak1D F1="12.598245" intensity="9.243363e-004" type="0"/>
    <Peak1D F1="12.562129" intensity="9.412484e-004" type="0"/>
    <Peak1D F1="12.524874" intensity="9.754264e-004" type="0"/>
    <Peak1D F1="12.489843" intensity="1.134615e-003" type="0"/>
    <Peak1D F1="12.463861" intensity="1.190940e-003" type="0"/>
    <Peak1D F1="12.452687" intensity="1.229431e-003" type="0"/>
    <Peak1D F1="12.429531" intensity="9.800261e-004" type="0"/>
    <Peak1D F1="12.416969" intensity="1.020887e-003" type="0"/>
    <Peak1D F1="12.304733" intensity="1.110829e-003" type="0"/>
    <Peak1D F1="12.280137" intensity="1.085661e-003" type="0"/>
    <Peak1D F1="12.262787" intensity="1.121793e-003" type="0"/>
    <Peak1D F1="12.239594" intensity="1.024931e-003" type="0"/>
    <Peak1D F1="12.215440" intensity="1.160292e-003" type="0"/>
    <Peak1D F1="12.196578" intensity="9.860510e-004" type="0"/>
    <Peak1D F1="12.152008" intensity="1.037640e-003" type="0"/>
    <Peak1D F1="12.091017" intensity="9.556272e-004" type="0"/>
    <Peak1D F1="12.061502" intensity="1.081098e-003" type="0"/>
    <Peak1D F1="12.049553" intensity="1.113988e-003" type="0"/>
    <Peak1D F1="12.040478" intensity="1.101199e-003" type="0"/>
    <Peak1D F1="12.013174" intensity="1.079403e-003" type="0"/>
    <Peak1D F1="11.988507" intensity="1.264713e-003" type="0"/>
    <Peak1D F1="11.950841" intensity="1.082497e-003" type="0"/>
    <Peak1D F1="11.922065" intensity="9.303828e-004" type="0"/>
    <Peak1D F1="11.857515" intensity="1.211204e-003" type="0"/>
    <Peak1D F1="11.801546" intensity="1.169227e-003" type="0"/>
    <Peak1D F1="11.789762" intensity="1.006865e-003" type="0"/>
    <Peak1D F1="11.677684" intensity="9.975696e-004" type="0"/>
    <Peak1D F1="11.642815" intensity="9.300942e-004" type="0"/>
    <Peak1D F1="11.526744" intensity="2.253286e-003" type="0"/>
    <Peak1D F1="11.454007" intensity="3.303381e-003" type="0"/>
    <Peak1D F1="11.421935" intensity="1.058232e-003" type="0"/>
    <Peak1D F1="11.384997" intensity="1.030022e-003" type="0"/>
    <Peak1D F1="11.365467" intensity="1.026897e-003" type="0"/>
    <Peak1D F1="11.319941" intensity="7.486437e-003" type="0"/>
    <Peak1D F1="11.192136" intensity="9.127176e-004" type="0"/>
    <Peak1D F1="11.179408" intensity="9.069822e-004" type="0"/>
    <Peak1D F1="10.862538" intensity="4.050297e-002" type="0"/>
    <Peak1D F1="10.247980" intensity="3.427362e-003" type="0"/>
    <Peak1D F1="10.227657" intensity="3.429835e-003" type="0"/>
    <Peak1D F1="10.179714" intensity="8.989689e-003" type="0"/>
    <Peak1D F1="9.954173" intensity="2.405794e-002" type="0"/>
    <Peak1D F1="9.937048" intensity="2.064187e-002" type="0"/>
    <Peak1D F1="9.934018" intensity="2.206725e-002" type="0"/>
    <Peak1D F1="9.855133" intensity="5.748821e-003" type="0"/>
    <Peak1D F1="9.834452" intensity="4.899240e-003" type="0"/>
    <Peak1D F1="9.775388" intensity="9.493944e-003" type="0"/>
    <Peak1D F1="9.744489" intensity="1.882417e-003" type="0"/>
    <Peak1D F1="9.368023" intensity="2.967075e-003" type="0"/>
    <Peak1D F1="9.345051" intensity="3.150201e-003" type="0"/>
    <Peak1D F1="9.189976" intensity="1.600892e-002" type="0"/>
    <Peak1D F1="9.133418" intensity="1.044691e-002" type="0"/>
    <Peak1D F1="9.029935" intensity="9.426883e-003" type="0"/>
    <Peak1D F1="8.987780" intensity="9.395103e-003" type="0"/>
    <Peak1D F1="8.964386" intensity="1.028910e-002" type="0"/>
    <Peak1D F1="8.917843" intensity="1.667810e-002" type="0"/>
    <Peak1D F1="8.855639" intensity="2.086688e-002" type="0"/>
    <Peak1D F1="8.640368" intensity="3.436524e+000" type="0"/>
    <Peak1D F1="7.399398" intensity="1.619509e-002" type="0"/>
    <Peak1D F1="7.325426" intensity="2.137613e-002" type="0"/>
    <Peak1D F1="7.261847" intensity="2.980482e-002" type="0"/>
    <Peak1D F1="7.138700" intensity="2.527412e-002" type="0"/>
    <Peak1D F1="7.124671" intensity="2.497321e-002" type="0"/>
    <Peak1D F1="7.084379" intensity="2.281739e-002" type="0"/>
    <Peak1D F1="7.057587" intensity="2.497126e-002" type="0"/>
    <Peak1D F1="6.990624" intensity="3.421431e-002" type="0"/>
    <Peak1D F1="6.965096" intensity="3.868490e-002" type="0"/>
    <Peak1D F1="6.922164" intensity="5.335616e-002" type="0"/>
    <Peak1D F1="6.903290" intensity="7.345469e-002" type="0"/>
    <Peak1D F1="6.727880" intensity="2.841148e+000" type="0"/>
    <Peak1D F1="6.711465" intensity="6.971447e+000" type="0"/>
    <Peak1D F1="6.708394" intensity="6.534000e+000" type="0"/>
    <Peak1D F1="6.574359" intensity="2.602292e+000" type="0"/>
    <Peak1D F1="6.554517" intensity="2.031306e+000" type="0"/>
    <Peak1D F1="6.406449" intensity="1.026210e-002" type="0"/>
    <Peak1D F1="6.375914" intensity="1.490599e-002" type="0"/>
    <Peak1D F1="6.356347" intensity="1.164398e-002" type="0"/>
    <Peak1D F1="6.295731" intensity="3.014391e-003" type="0"/>
    <Peak1D F1="6.201411" intensity="4.516179e-003" type="0"/>
    <Peak1D F1="6.180635" intensity="6.982267e-003" type="0"/>
    <Peak1D F1="6.151765" intensity="1.091691e-002" type="0"/>
    <Peak1D F1="6.135714" intensity="1.154718e-002" type="0"/>
    <Peak1D F1="6.122288" intensity="1.110553e-002" type="0"/>
    <Peak1D F1="6.106863" intensity="1.762570e-002" type="0"/>
    <Peak1D F1="5.985490" intensity="9.894579e-001" type="0"/>
    <Peak1D F1="5.975503" intensity="6.375128e-001" type="0"/>
    <Peak1D F1="5.961463" intensity="1.544018e+000" type="0"/>
    <Peak1D F1="5.958073" intensity="1.772505e+000" type="0"/>
    <Peak1D F1="5.945473" intensity="1.490104e+000" type="0"/>
    <Peak1D F1="5.941329" intensity="1.684218e+000" type="0"/>
    <Peak1D F1="5.937512" intensity="1.538954e+000" type="0"/>
    <Peak1D F1="5.933440" intensity="1.389573e+000" type="0"/>
    <Peak1D F1="5.915639" intensity="2.006856e+000" type="0"/>
    <Peak1D F1="5.894812" intensity="8.767356e-001" type="0"/>
    <Peak1D F1="5.890918" intensity="8.493204e-001" type="0"/>
    <Peak1D F1="5.877868" intensity="4.004579e-001" type="0"/>
    <Peak1D F1="5.874144" intensity="4.047600e-001" type="0"/>
    <Peak1D F1="5.812672" intensity="4.023250e-002" type="0"/>
    <Peak1D F1="5.792552" intensity="6.270484e-002" type="0"/>
    <Peak1D F1="5.772681" intensity="5.464869e-002" type="0"/>
    <Peak1D F1="5.743478" intensity="4.772240e-002" type="0"/>
    <Peak1D F1="5.716344" intensity="5.442804e-002" type="0"/>
    <Peak1D F1="5.696076" intensity="5.743371e-002" type="0"/>
    <Peak1D F1="5.654924" intensity="8.345942e-002" type="0"/>
    <Peak1D F1="5.616662" intensity="1.023654e-001" type="0"/>
    <Peak1D F1="5.576244" intensity="7.051746e-002" type="0"/>
    <Peak1D F1="5.519446" intensity="6.280732e-002" type="0"/>
    <Peak1D F1="5.501491" intensity="7.512397e-002" type="0"/>
    <Peak1D F1="5.483861" intensity="6.503865e-002" type="0"/>
    <Peak1D F1="5.462941" intensity="5.681545e-002" type="0"/>
    <Peak1D F1="5.445292" intensity="5.400641e-002" type="0"/>
    <Peak1D F1="5.325280" intensity="1.093997e+000" type="0"/>
    <Peak1D F1="5.322680" intensity="1.092053e+000" type="0"/>
    <Peak1D F1="5.309889" intensity="1.909815e+000" type="0"/>
    <Peak1D F1="5.258143" intensity="1.201119e-001" type="0"/>
    <Peak1D F1="5.149603" intensity="1.964923e+000" type="0"/>
    <Peak1D F1="5.105239" intensity="3.178952e+000" type="0"/>
    <Peak1D F1="5.102684" intensity="3.253448e+000" type="0"/>
    <Peak1D F1="5.098862" intensity="3.134902e+000" type="0"/>
    <Peak1D F1="5.095935" intensity="3.101974e+000" type="0"/>
    <Peak1D F1="5.084582" intensity="3.852493e+000" type="0"/>
    <Peak1D F1="5.081944" intensity="3.714354e+000" type="0"/>
    <Peak1D F1="5.071651" intensity="3.615995e+000" type="0"/>
    <Peak1D F1="5.067565" intensity="3.701000e+000" type="0"/>
    <Peak1D F1="5.062180" intensity="3.784590e+000" type="0"/>
    <Peak1D F1="5.023794" intensity="2.425631e+000" type="0"/>
    <Peak1D F1="5.019753" intensity="2.725524e+000" type="0"/>
    <Peak1D F1="5.015775" intensity="2.836458e+000" type="0"/>
    <Peak1D F1="5.013186" intensity="2.796285e+000" type="0"/>
    <Peak1D F1="4.987671" intensity="2.156812e+000" type="0"/>
    <Peak1D F1="4.897287" intensity="7.959148e-002" type="0"/>
    <Peak1D F1="4.829856" intensity="3.683999e-002" type="0"/>
    <Peak1D F1="4.817716" intensity="3.525917e-002" type="0"/>
    <Peak1D F1="4.789334" intensity="2.478016e-002" type="0"/>
    <Peak1D F1="4.736149" intensity="1.818536e-002" type="0"/>
    <Peak1D F1="4.692002" intensity="3.824505e-002" type="0"/>
    <Peak1D F1="4.658177" intensity="4.398099e-002" type="0"/>
    <Peak1D F1="4.432773" intensity="7.001606e-001" type="0"/>
    <Peak1D F1="4.295265" intensity="9.974782e-002" type="0"/>
    <Peak1D F1="4.221361" intensity="5.465574e-002" type="0"/>
    <Peak1D F1="4.202252" intensity="4.642140e-002" type="0"/>
    <Peak1D F1="4.159417" intensity="6.447009e-002" type="0"/>
    <Peak1D F1="4.143137" intensity="6.639484e-002" type="0"/>
    <Peak1D F1="3.987906" intensity="3.742244e+000" type="0"/>
    <Peak1D F1="3.972952" intensity="3.719491e+000" type="0"/>
    <Peak1D F1="3.924509" intensity="1.994748e-001" type="0"/>
    <Peak1D F1="3.921046" intensity="2.004535e-001" type="0"/>
    <Peak1D F1="3.880758" intensity="1.153785e-001" type="0"/>
    <Peak1D F1="3.840823" intensity="2.076172e-001" type="0"/>
    <Peak1D F1="3.746666" intensity="1.331515e+001" type="0"/>
    <Peak1D F1="3.743337" intensity="1.500000e+001" type="0"/>
    <Peak1D F1="3.660496" intensity="1.228743e-001" type="0"/>
    <Peak1D F1="3.577778" intensity="9.847690e-002" type="0"/>
    <Peak1D F1="3.561240" intensity="1.670113e-001" type="0"/>
    <Peak1D F1="3.456614" intensity="1.796274e-001" type="0"/>
    <Peak1D F1="3.419864" intensity="1.611978e-001" type="0"/>
    <Peak1D F1="3.403298" intensity="1.424052e-001" type="0"/>
    <Peak1D F1="3.260856" intensity="4.450477e+000" type="0"/>
    <Peak1D F1="3.244963" intensity="4.441680e+000" type="0"/>
    <Peak1D F1="3.101734" intensity="1.293753e-002" type="0"/>
    <Peak1D F1="3.086537" intensity="9.069403e-003" type="0"/>
    <Peak1D F1="2.630909" intensity="3.446256e-002" type="0"/>
    <Peak1D F1="2.616204" intensity="2.566992e-002" type="0"/>
    <Peak1D F1="2.533782" intensity="8.798546e-002" type="0"/>
    <Peak1D F1="2.493787" intensity="3.925341e-001" type="0"/>
    <Peak1D F1="2.181086" intensity="3.146878e-001" type="0"/>
    <Peak1D F1="2.127378" intensity="5.221219e-001" type="0"/>
    <Peak1D F1="2.072970" intensity="2.413830e+000" type="0"/>
    <Peak1D F1="2.055187" intensity="3.006886e+000" type="0"/>
    <Peak1D F1="2.039303" intensity="1.890532e+000" type="0"/>
    <Peak1D F1="1.983657" intensity="3.322070e+000" type="0"/>
    <Peak1D F1="1.964535" intensity="4.336884e+000" type="0"/>
    <Peak1D F1="1.944573" intensity="1.189827e+001" type="0"/>
    <Peak1D F1="1.940898" intensity="1.291535e+001" type="0"/>
    <Peak1D F1="1.910443" intensity="1.862490e+000" type="0"/>
    <Peak1D F1="1.864045" intensity="9.025065e-001" type="0"/>
    <Peak1D F1="1.845979" intensity="9.111961e-001" type="0"/>
    <Peak1D F1="1.831083" intensity="1.190012e+000" type="0"/>
    <Peak1D F1="1.812473" intensity="1.351317e+000" type="0"/>
    <Peak1D F1="1.793712" intensity="8.371527e-001" type="0"/>
    <Peak1D F1="1.790888" intensity="8.412586e-001" type="0"/>
    <Peak1D F1="1.755562" intensity="1.026096e+000" type="0"/>
    <Peak1D F1="1.738762" intensity="1.181083e+000" type="0"/>
    <Peak1D F1="1.735152" intensity="1.162434e+000" type="0"/>
    <Peak1D F1="1.730929" intensity="1.180054e+000" type="0"/>
    <Peak1D F1="1.721711" intensity="1.129997e+000" type="0"/>
    <Peak1D F1="1.718566" intensity="1.137028e+000" type="0"/>
    <Peak1D F1="1.714936" intensity="1.129241e+000" type="0"/>
    <Peak1D F1="1.702616" intensity="1.259834e+000" type="0"/>
    <Peak1D F1="1.680441" intensity="1.401695e+000" type="0"/>
    <Peak1D F1="1.645846" intensity="1.495208e+001" type="0"/>
    <Peak1D F1="1.591634" intensity="1.230813e+001" type="0"/>
    <Peak1D F1="1.574549" intensity="1.295470e+001" type="0"/>
    <Peak1D F1="1.554899" intensity="1.004947e+001" type="0"/>
    <Peak1D F1="1.478064" intensity="1.008861e+001" type="0"/>
    <Peak1D F1="1.417661" intensity="5.793188e-001" type="0"/>
    <Peak1D F1="1.397428" intensity="4.986393e-001" type="0"/>
    <Peak1D F1="1.335062" intensity="4.378031e-001" type="0"/>
    <Peak1D F1="1.317039" intensity="3.454108e-001" type="0"/>
    <Peak1D F1="1.232300" intensity="5.535446e-001" type="0"/>
    <Peak1D F1="1.220505" intensity="4.371533e-001" type="0"/>
    <Peak1D F1="1.206709" intensity="3.202691e-001" type="0"/>
    <Peak1D F1="1.202344" intensity="3.192594e-001" type="0"/>
    <Peak1D F1="1.180339" intensity="4.474603e-001" type="0"/>
    <Peak1D F1="1.138569" intensity="2.031172e-001" type="0"/>
    <Peak1D F1="1.093769" intensity="1.812831e-001" type="0"/>
    <Peak1D F1="1.081872" intensity="1.812231e-001" type="0"/>
    <Peak1D F1="1.061854" intensity="1.783684e-001" type="0"/>
    <Peak1D F1="0.969185" intensity="1.321128e-001" type="0"/>
    <Peak1D F1="0.943207" intensity="1.214888e-001" type="0"/>
    <Peak1D F1="0.894624" intensity="1.153181e-001" type="0"/>
    <Peak1D F1="0.884244" intensity="1.155766e-001" type="0"/>
    <Peak1D F1="0.879764" intensity="1.154640e-001" type="0"/>
    <Peak1D F1="0.868608" intensity="1.139408e-001" type="0"/>
    <Peak1D F1="0.836620" intensity="1.386572e-001" type="0"/>
    <Peak1D F1="0.818017" intensity="1.649078e-001" type="0"/>
    <Peak1D F1="0.799337" intensity="1.239256e-001" type="0"/>
    <Peak1D F1="0.772494" intensity="8.782116e-002" type="0"/>
    <Peak1D F1="0.665190" intensity="6.807116e-002" type="0"/>
    <Peak1D F1="0.648906" intensity="6.647464e-002" type="0"/>
    <Peak1D F1="0.080474" intensity="2.664375e-002" type="0"/>
    <Peak1D F1="0.003621" intensity="7.384783e-002" type="0"/>
    <Peak1D F1="-0.000147" intensity="8.335949e-002" type="0"/>
    <Peak1D F1="-0.182090" intensity="1.740281e-002" type="0"/>
    <Peak1D F1="-0.218636" intensity="1.623736e-002" type="0"/>
    <Peak1D F1="-0.381484" intensity="1.180888e-002" type="0"/>
    <Peak1D F1="-0.488062" intensity="9.645064e-003" type="0"/>
    <Peak1D F1="-0.561104" intensity="7.976478e-003" type="0"/>
    <Peak1D F1="-0.597387" intensity="7.247290e-003" type="0"/>
    <Peak1D F1="-0.619679" intensity="6.924532e-003" type="0"/>
    <Peak1D F1="-0.646632" intensity="6.260589e-003" type="0"/>
    <Peak1D F1="-0.745964" intensity="4.507372e-003" type="0"/>
    <Peak1D F1="-0.790379" intensity="3.956852e-003" type="0"/>
    <Peak1D F1="-0.818712" intensity="3.656578e-003" type="0"/>
    <Peak1D F1="-0.903786" intensity="2.436886e-003" type="0"/>
    <Peak1D F1="-0.918529" intensity="2.184389e-003" type="0"/>
    <Peak1D F1="-0.958585" intensity="1.794351e-003" type="0"/>
    <Peak1D F1="-0.994491" intensity="1.086515e-003" type="0"/>
    <Peak1D F1="-2.905732" intensity="1.690664e-003" type="0"/>
    <Peak1D F1="-2.940630" intensity="2.173726e-003" type="0"/>
    <Peak1D F1="-2.972564" intensity="2.371259e-003" type="0"/>
    <Peak1D F1="-3.105925" intensity="4.108117e-003" type="0"/>
    <Peak1D F1="-3.124941" intensity="4.356252e-003" type="0"/>
    <Peak1D F1="-3.238007" intensity="5.999766e-003" type="0"/>
    <Peak1D F1="-3.250319" intensity="6.363585e-003" type="0"/>
    <Peak1D F1="-3.273734" intensity="6.680883e-003" type="0"/>
    <Peak1D F1="-3.359842" intensity="8.235599e-003" type="0"/>
    <Peak1D F1="-3.432135" intensity="9.214276e-003" type="0"/>
    <Peak1D F1="-3.467287" intensity="9.722264e-003" type="0"/>
    <Peak1D F1="-3.487463" intensity="9.901634e-003" type="0"/>
  </PeakList1D>
</PeakList>
