<?xml version="1.0" encoding="UTF-8"?>
<PeakList>
  <PeakList1D>
    <PeakList1DHeader creator="root" date="2021-09-13T15:45:47.819+08:00" expNo="1" name="0913YSYCZ" owner="" procNo="1" source="D:/Zhi-Ming Zhang">
      <PeakPickDetails>F1=16.187290ppm, F2=-3.838253ppm, MI=0.00cm, MAXI=10000.00cm, PC=1.000
      </PeakPickDetails>
    </PeakList1DHeader>
    <Peak1D F1="11.319460" intensity="1.190080e-002" type="0"/>
    <Peak1D F1="11.300701" intensity="3.775199e-002" type="0"/>
    <Peak1D F1="11.257335" intensity="1.153197e-002" type="0"/>
    <Peak1D F1="5.737740" intensity="9.065482e-003" type="0"/>
    <Peak1D F1="5.723764" intensity="8.850151e-003" type="0"/>
    <Peak1D F1="5.671873" intensity="8.597625e-003" type="0"/>
    <Peak1D F1="5.603691" intensity="5.810354e-003" type="0"/>
    <Peak1D F1="5.564476" intensity="1.392915e-002" type="0"/>
    <Peak1D F1="5.522911" intensity="3.574262e-002" type="0"/>
    <Peak1D F1="5.503227" intensity="4.438273e-001" type="0"/>
    <Peak1D F1="5.485027" intensity="8.828191e-001" type="0"/>
    <Peak1D F1="5.480963" intensity="7.309346e-001" type="0"/>
    <Peak1D F1="5.476345" intensity="6.856021e-001" type="0"/>
    <Peak1D F1="5.471940" intensity="5.395674e-001" type="0"/>
    <Peak1D F1="5.466877" intensity="5.607074e-001" type="0"/>
    <Peak1D F1="5.461876" intensity="8.243728e-001" type="0"/>
    <Peak1D F1="5.458100" intensity="1.197967e+000" type="0"/>
    <Peak1D F1="5.439991" intensity="6.409336e-001" type="0"/>
    <Peak1D F1="5.390553" intensity="2.594931e-002" type="0"/>
    <Peak1D F1="5.344870" intensity="6.143821e-001" type="0"/>
    <Peak1D F1="5.330000" intensity="7.320210e-001" type="0"/>
    <Peak1D F1="5.326671" intensity="1.190300e+000" type="0"/>
    <Peak1D F1="5.322853" intensity="8.463586e-001" type="0"/>
    <Peak1D F1="5.318025" intensity="5.550815e-001" type="0"/>
    <Peak1D F1="5.312672" intensity="5.410144e-001" type="0"/>
    <Peak1D F1="5.308428" intensity="6.938766e-001" type="0"/>
    <Peak1D F1="5.303849" intensity="7.605342e-001" type="0"/>
    <Peak1D F1="5.299760" intensity="9.105269e-001" type="0"/>
    <Peak1D F1="5.285030" intensity="3.080378e-001" type="0"/>
    <Peak1D F1="5.281526" intensity="4.688550e-001" type="0"/>
    <Peak1D F1="5.132427" intensity="8.012021e-003" type="0"/>
    <Peak1D F1="4.703471" intensity="7.171685e-003" type="0"/>
    <Peak1D F1="4.684908" intensity="9.335086e-003" type="0"/>
    <Peak1D F1="4.668727" intensity="7.087042e-003" type="0"/>
    <Peak1D F1="4.545850" intensity="1.428346e-002" type="0"/>
    <Peak1D F1="4.534582" intensity="1.233637e-002" type="0"/>
    <Peak1D F1="4.408278" intensity="5.909912e-003" type="0"/>
    <Peak1D F1="4.313295" intensity="4.382626e-003" type="0"/>
    <Peak1D F1="4.194098" intensity="1.897543e-002" type="0"/>
    <Peak1D F1="4.177044" intensity="4.092060e-002" type="0"/>
    <Peak1D F1="4.160166" intensity="2.596588e-002" type="0"/>
    <Peak1D F1="4.146480" intensity="7.628456e-003" type="0"/>
    <Peak1D F1="4.116211" intensity="9.103647e-003" type="0"/>
    <Peak1D F1="4.100138" intensity="9.826136e-003" type="0"/>
    <Peak1D F1="4.066885" intensity="2.875447e-002" type="0"/>
    <Peak1D F1="4.049381" intensity="6.250223e-002" type="0"/>
    <Peak1D F1="4.011729" intensity="3.234479e+000" type="0"/>
    <Peak1D F1="3.994467" intensity="6.096402e+000" type="0"/>
    <Peak1D F1="3.977375" intensity="3.470854e+000" type="0"/>
    <Peak1D F1="3.824238" intensity="2.174892e-002" type="0"/>
    <Peak1D F1="3.807126" intensity="3.981989e-002" type="0"/>
    <Peak1D F1="3.790032" intensity="2.154181e-002" type="0"/>
    <Peak1D F1="3.409253" intensity="8.609520e-003" type="0"/>
    <Peak1D F1="3.396201" intensity="8.354054e-003" type="0"/>
    <Peak1D F1="3.242253" intensity="3.006969e-001" type="0"/>
    <Peak1D F1="2.512742" intensity="1.584629e-001" type="0"/>
    <Peak1D F1="2.508273" intensity="2.127457e-001" type="0"/>
    <Peak1D F1="2.503802" intensity="1.543648e-001" type="0"/>
    <Peak1D F1="2.475469" intensity="1.801217e-002" type="0"/>
    <Peak1D F1="2.431601" intensity="1.332175e-002" type="0"/>
    <Peak1D F1="2.414918" intensity="2.925756e-002" type="0"/>
    <Peak1D F1="2.398038" intensity="3.559840e-002" type="0"/>
    <Peak1D F1="2.353293" intensity="1.009376e+000" type="0"/>
    <Peak1D F1="2.335191" intensity="2.650685e+000" type="0"/>
    <Peak1D F1="2.317959" intensity="2.671237e+000" type="0"/>
    <Peak1D F1="2.300929" intensity="1.008162e+000" type="0"/>
    <Peak1D F1="2.259439" intensity="4.930331e-002" type="0"/>
    <Peak1D F1="2.206274" intensity="2.250730e-002" type="0"/>
    <Peak1D F1="2.188187" intensity="3.461398e-002" type="0"/>
    <Peak1D F1="2.172813" intensity="3.734254e-002" type="0"/>
    <Peak1D F1="2.155661" intensity="3.014218e-002" type="0"/>
    <Peak1D F1="2.143353" intensity="1.402128e-001" type="0"/>
    <Peak1D F1="2.071370" intensity="5.055295e-001" type="0"/>
    <Peak1D F1="2.052739" intensity="1.761316e+000" type="0"/>
    <Peak1D F1="2.034119" intensity="2.608468e+000" type="0"/>
    <Peak1D F1="2.015602" intensity="1.916174e+000" type="0"/>
    <Peak1D F1="1.983205" intensity="1.500000e+001" type="0"/>
    <Peak1D F1="1.906963" intensity="1.487064e-001" type="0"/>
    <Peak1D F1="1.876372" intensity="4.877952e-002" type="0"/>
    <Peak1D F1="1.857470" intensity="3.709068e-002" type="0"/>
    <Peak1D F1="1.820438" intensity="1.552184e-001" type="0"/>
    <Peak1D F1="1.686809" intensity="4.717426e-002" type="0"/>
    <Peak1D F1="1.683125" intensity="4.801220e-002" type="0"/>
    <Peak1D F1="1.642410" intensity="1.597942e-002" type="0"/>
    <Peak1D F1="1.623386" intensity="3.408669e-002" type="0"/>
    <Peak1D F1="1.612418" intensity="2.249694e-002" type="0"/>
    <Peak1D F1="1.564405" intensity="2.018980e-002" type="0"/>
    <Peak1D F1="1.547539" intensity="1.958469e-002" type="0"/>
    <Peak1D F1="1.470963" intensity="8.108236e-003" type="0"/>
    <Peak1D F1="1.174038" intensity="3.044399e-002" type="0"/>
    <Peak1D F1="1.163211" intensity="7.167765e-002" type="0"/>
    <Peak1D F1="1.158244" intensity="3.614598e-002" type="0"/>
    <Peak1D F1="1.147419" intensity="6.945430e-002" type="0"/>
    <Peak1D F1="1.113636" intensity="3.730234e-002" type="0"/>
    <Peak1D F1="1.094763" intensity="6.344451e-002" type="0"/>
    <Peak1D F1="1.075927" intensity="3.009231e-002" type="0"/>
    <Peak1D F1="0.957810" intensity="5.191448e+000" type="0"/>
    <Peak1D F1="0.938853" intensity="9.012857e+000" type="0"/>
    <Peak1D F1="0.920073" intensity="5.158425e+000" type="0"/>
    <Peak1D F1="0.879856" intensity="8.347984e-002" type="0"/>
    <Peak1D F1="0.860917" intensity="6.983426e-002" type="0"/>
    <Peak1D F1="0.842145" intensity="3.975298e-002" type="0"/>
    <Peak1D F1="0.798486" intensity="4.878481e-002" type="0"/>
    <Peak1D F1="0.779696" intensity="7.733005e-002" type="0"/>
    <Peak1D F1="0.760879" intensity="4.033100e-002" type="0"/>
    <Peak1D F1="-0.000154" intensity="4.347337e-002" type="0"/>
  </PeakList1D>
</PeakList>
