<?xml version="1.0" encoding="UTF-8"?>
<PeakList>
  <PeakList1D>
    <PeakList1DHeader creator="root" date="2021-09-25T19:22:54.936+08:00" expNo="1" name="0925xj11" owner="" procNo="1" source="D:/Zhi-Ming Zhang">
      <PeakPickDetails>F1=16.182961ppm, F2=-3.842582ppm, MI=0.00cm, MAXI=10000.00cm, PC=1.000
      </PeakPickDetails>
    </PeakList1DHeader>
    <Peak1D F1="10.172565" intensity="5.897862e-003" type="0"/>
    <Peak1D F1="10.152302" intensity="5.928797e-003" type="0"/>
    <Peak1D F1="10.070346" intensity="5.089087e-003" type="0"/>
    <Peak1D F1="10.061877" intensity="3.548173e-003" type="0"/>
    <Peak1D F1="10.049795" intensity="5.667946e-003" type="0"/>
    <Peak1D F1="10.039237" intensity="1.197601e-002" type="0"/>
    <Peak1D F1="10.031225" intensity="3.504419e-003" type="0"/>
    <Peak1D F1="10.018940" intensity="1.239461e-002" type="0"/>
    <Peak1D F1="10.002326" intensity="5.736060e-003" type="0"/>
    <Peak1D F1="9.992452" intensity="1.087835e-002" type="0"/>
    <Peak1D F1="9.977139" intensity="8.406126e-002" type="0"/>
    <Peak1D F1="9.962117" intensity="9.511756e-001" type="0"/>
    <Peak1D F1="9.941987" intensity="9.635416e-001" type="0"/>
    <Peak1D F1="9.920695" intensity="1.284386e-002" type="0"/>
    <Peak1D F1="9.910485" intensity="1.054055e-002" type="0"/>
    <Peak1D F1="9.904216" intensity="5.765808e-003" type="0"/>
    <Peak1D F1="9.899993" intensity="4.152953e-003" type="0"/>
    <Peak1D F1="9.890427" intensity="7.370443e-003" type="0"/>
    <Peak1D F1="9.883315" intensity="7.540240e-003" type="0"/>
    <Peak1D F1="9.877591" intensity="9.470577e-003" type="0"/>
    <Peak1D F1="9.860106" intensity="7.094918e-001" type="0"/>
    <Peak1D F1="9.839664" intensity="7.151449e-001" type="0"/>
    <Peak1D F1="9.813909" intensity="4.520429e-003" type="0"/>
    <Peak1D F1="9.807733" intensity="5.643614e-003" type="0"/>
    <Peak1D F1="9.783169" intensity="2.678951e-003" type="0"/>
    <Peak1D F1="9.775756" intensity="2.515370e-003" type="0"/>
    <Peak1D F1="9.765917" intensity="2.172829e-003" type="0"/>
    <Peak1D F1="9.745258" intensity="6.438973e-003" type="0"/>
    <Peak1D F1="9.732855" intensity="3.624759e-003" type="0"/>
    <Peak1D F1="9.725278" intensity="7.453283e-003" type="0"/>
    <Peak1D F1="9.720297" intensity="4.774803e-003" type="0"/>
    <Peak1D F1="9.713048" intensity="4.024893e-003" type="0"/>
    <Peak1D F1="9.701005" intensity="5.295176e-003" type="0"/>
    <Peak1D F1="9.695000" intensity="7.805909e-003" type="0"/>
    <Peak1D F1="9.685077" intensity="3.430837e-002" type="0"/>
    <Peak1D F1="9.679879" intensity="5.911056e-002" type="0"/>
    <Peak1D F1="9.672784" intensity="3.183223e-001" type="0"/>
    <Peak1D F1="9.667470" intensity="4.945738e-001" type="0"/>
    <Peak1D F1="9.662126" intensity="3.096733e-001" type="0"/>
    <Peak1D F1="9.643263" intensity="7.752741e-003" type="0"/>
    <Peak1D F1="9.637902" intensity="4.939211e-003" type="0"/>
    <Peak1D F1="9.632310" intensity="3.299655e-003" type="0"/>
    <Peak1D F1="9.625034" intensity="7.009934e-003" type="0"/>
    <Peak1D F1="9.568914" intensity="8.781883e-003" type="0"/>
    <Peak1D F1="9.564816" intensity="9.093567e-003" type="0"/>
    <Peak1D F1="9.455133" intensity="2.202043e-003" type="0"/>
    <Peak1D F1="9.449765" intensity="3.227131e-003" type="0"/>
    <Peak1D F1="8.187460" intensity="1.019255e-002" type="0"/>
    <Peak1D F1="8.166260" intensity="2.875181e-003" type="0"/>
    <Peak1D F1="7.587439" intensity="3.129328e-003" type="0"/>
    <Peak1D F1="7.583926" intensity="2.857661e-003" type="0"/>
    <Peak1D F1="7.581371" intensity="2.820089e-003" type="0"/>
    <Peak1D F1="7.566519" intensity="1.264764e-002" type="0"/>
    <Peak1D F1="7.547797" intensity="9.080343e-003" type="0"/>
    <Peak1D F1="7.523014" intensity="5.263108e-003" type="0"/>
    <Peak1D F1="7.510697" intensity="3.864168e-003" type="0"/>
    <Peak1D F1="7.500797" intensity="2.430118e-003" type="0"/>
    <Peak1D F1="7.462377" intensity="3.474942e-003" type="0"/>
    <Peak1D F1="7.452017" intensity="3.313364e-003" type="0"/>
    <Peak1D F1="7.441851" intensity="6.341500e-003" type="0"/>
    <Peak1D F1="7.433842" intensity="8.237849e-003" type="0"/>
    <Peak1D F1="7.431177" intensity="8.170754e-003" type="0"/>
    <Peak1D F1="7.422221" intensity="1.782317e-002" type="0"/>
    <Peak1D F1="7.395673" intensity="9.616110e-002" type="0"/>
    <Peak1D F1="7.393215" intensity="1.299916e-001" type="0"/>
    <Peak1D F1="7.388711" intensity="1.060664e-001" type="0"/>
    <Peak1D F1="7.373487" intensity="2.594805e+000" type="0"/>
    <Peak1D F1="7.362048" intensity="7.584607e+000" type="0"/>
    <Peak1D F1="7.351055" intensity="7.178950e-001" type="0"/>
    <Peak1D F1="7.340802" intensity="7.802832e-001" type="0"/>
    <Peak1D F1="7.333517" intensity="5.476093e-001" type="0"/>
    <Peak1D F1="7.329077" intensity="5.559657e-001" type="0"/>
    <Peak1D F1="7.322511" intensity="3.005663e-001" type="0"/>
    <Peak1D F1="7.319268" intensity="5.399476e-001" type="0"/>
    <Peak1D F1="7.313587" intensity="2.332187e-001" type="0"/>
    <Peak1D F1="7.306769" intensity="2.673484e-001" type="0"/>
    <Peak1D F1="7.298315" intensity="1.060171e-001" type="0"/>
    <Peak1D F1="7.290908" intensity="2.370279e-002" type="0"/>
    <Peak1D F1="7.278589" intensity="5.393653e-003" type="0"/>
    <Peak1D F1="7.254990" intensity="3.283968e-003" type="0"/>
    <Peak1D F1="7.248231" intensity="2.770879e-003" type="0"/>
    <Peak1D F1="7.195609" intensity="5.056094e-003" type="0"/>
    <Peak1D F1="7.184149" intensity="7.951097e-003" type="0"/>
    <Peak1D F1="7.173029" intensity="1.157714e-002" type="0"/>
    <Peak1D F1="7.166890" intensity="1.106362e-002" type="0"/>
    <Peak1D F1="7.153989" intensity="9.025138e-003" type="0"/>
    <Peak1D F1="7.143978" intensity="5.167332e-003" type="0"/>
    <Peak1D F1="7.135266" intensity="3.123587e-003" type="0"/>
    <Peak1D F1="7.127017" intensity="2.279382e-003" type="0"/>
    <Peak1D F1="7.121294" intensity="2.900262e-003" type="0"/>
    <Peak1D F1="7.114736" intensity="2.445311e-003" type="0"/>
    <Peak1D F1="6.738577" intensity="4.087234e-003" type="0"/>
    <Peak1D F1="6.721534" intensity="4.557764e-003" type="0"/>
    <Peak1D F1="6.698484" intensity="5.528216e-003" type="0"/>
    <Peak1D F1="6.681443" intensity="6.333044e-003" type="0"/>
    <Peak1D F1="6.670703" intensity="3.277023e-003" type="0"/>
    <Peak1D F1="6.651766" intensity="3.330769e-003" type="0"/>
    <Peak1D F1="6.630899" intensity="4.138996e-003" type="0"/>
    <Peak1D F1="6.611941" intensity="4.644779e-003" type="0"/>
    <Peak1D F1="6.329839" intensity="7.693467e-003" type="0"/>
    <Peak1D F1="6.308915" intensity="9.343375e-003" type="0"/>
    <Peak1D F1="6.289847" intensity="6.913680e-003" type="0"/>
    <Peak1D F1="6.269012" intensity="8.175339e-003" type="0"/>
    <Peak1D F1="6.052405" intensity="3.994383e-003" type="0"/>
    <Peak1D F1="6.035051" intensity="2.589835e-003" type="0"/>
    <Peak1D F1="6.032116" intensity="3.770650e-003" type="0"/>
    <Peak1D F1="5.968194" intensity="2.511309e-003" type="0"/>
    <Peak1D F1="5.925080" intensity="2.260647e-003" type="0"/>
    <Peak1D F1="5.893221" intensity="8.584408e-003" type="0"/>
    <Peak1D F1="5.884817" intensity="5.112525e-003" type="0"/>
    <Peak1D F1="5.881701" intensity="5.476091e-003" type="0"/>
    <Peak1D F1="5.878742" intensity="5.254807e-003" type="0"/>
    <Peak1D F1="5.866417" intensity="1.225950e-002" type="0"/>
    <Peak1D F1="5.856269" intensity="2.375270e-002" type="0"/>
    <Peak1D F1="5.849903" intensity="3.319877e-002" type="0"/>
    <Peak1D F1="5.846949" intensity="3.621215e-002" type="0"/>
    <Peak1D F1="5.843884" intensity="3.940253e-002" type="0"/>
    <Peak1D F1="5.840642" intensity="3.668841e-002" type="0"/>
    <Peak1D F1="5.817912" intensity="2.861241e-001" type="0"/>
    <Peak1D F1="5.796973" intensity="6.354219e-001" type="0"/>
    <Peak1D F1="5.794431" intensity="5.654553e-001" type="0"/>
    <Peak1D F1="5.776812" intensity="3.738144e-001" type="0"/>
    <Peak1D F1="5.773975" intensity="3.669879e-001" type="0"/>
    <Peak1D F1="5.750043" intensity="7.768011e-003" type="0"/>
    <Peak1D F1="5.736932" intensity="8.274615e-003" type="0"/>
    <Peak1D F1="5.733406" intensity="7.818129e-003" type="0"/>
    <Peak1D F1="5.712127" intensity="5.186471e-003" type="0"/>
    <Peak1D F1="5.696706" intensity="5.420864e-003" type="0"/>
    <Peak1D F1="5.680381" intensity="9.526566e-003" type="0"/>
    <Peak1D F1="5.675619" intensity="1.801321e-002" type="0"/>
    <Peak1D F1="5.665323" intensity="1.259243e-002" type="0"/>
    <Peak1D F1="5.652081" intensity="6.274323e-003" type="0"/>
    <Peak1D F1="5.642334" intensity="4.338947e-003" type="0"/>
    <Peak1D F1="5.632193" intensity="3.167541e-003" type="0"/>
    <Peak1D F1="5.619123" intensity="3.454467e-003" type="0"/>
    <Peak1D F1="5.599360" intensity="3.276507e-002" type="0"/>
    <Peak1D F1="5.578399" intensity="4.958868e-003" type="0"/>
    <Peak1D F1="5.538348" intensity="5.429799e-003" type="0"/>
    <Peak1D F1="5.453722" intensity="8.084085e-003" type="0"/>
    <Peak1D F1="5.450541" intensity="4.785017e-003" type="0"/>
    <Peak1D F1="5.438334" intensity="1.758324e-002" type="0"/>
    <Peak1D F1="5.422895" intensity="9.410567e-003" type="0"/>
    <Peak1D F1="5.419156" intensity="1.184197e-002" type="0"/>
    <Peak1D F1="5.415591" intensity="1.670993e-002" type="0"/>
    <Peak1D F1="5.400144" intensity="3.594982e-002" type="0"/>
    <Peak1D F1="5.397274" intensity="2.199650e-002" type="0"/>
    <Peak1D F1="5.384832" intensity="2.032728e-002" type="0"/>
    <Peak1D F1="5.374636" intensity="5.590452e-003" type="0"/>
    <Peak1D F1="5.371123" intensity="4.533911e-003" type="0"/>
    <Peak1D F1="5.354681" intensity="8.527953e-002" type="0"/>
    <Peak1D F1="5.350655" intensity="1.523431e-001" type="0"/>
    <Peak1D F1="5.346642" intensity="9.185434e-002" type="0"/>
    <Peak1D F1="5.336605" intensity="1.884761e-001" type="0"/>
    <Peak1D F1="5.332663" intensity="3.206734e-001" type="0"/>
    <Peak1D F1="5.328521" intensity="2.694859e-001" type="0"/>
    <Peak1D F1="5.324022" intensity="2.596507e-001" type="0"/>
    <Peak1D F1="5.319665" intensity="2.346405e-001" type="0"/>
    <Peak1D F1="5.314854" intensity="1.991657e-001" type="0"/>
    <Peak1D F1="5.310304" intensity="3.045970e-001" type="0"/>
    <Peak1D F1="5.306117" intensity="4.633106e-001" type="0"/>
    <Peak1D F1="5.302250" intensity="2.757275e-001" type="0"/>
    <Peak1D F1="5.292143" intensity="1.368051e-001" type="0"/>
    <Peak1D F1="5.288226" intensity="2.391607e-001" type="0"/>
    <Peak1D F1="5.284578" intensity="1.525345e-001" type="0"/>
    <Peak1D F1="5.269389" intensity="1.398047e-002" type="0"/>
    <Peak1D F1="5.265857" intensity="1.848578e-002" type="0"/>
    <Peak1D F1="5.258995" intensity="3.858596e-002" type="0"/>
    <Peak1D F1="5.225674" intensity="1.457161e-001" type="0"/>
    <Peak1D F1="5.222283" intensity="2.447929e-001" type="0"/>
    <Peak1D F1="5.218699" intensity="1.454678e-001" type="0"/>
    <Peak1D F1="5.207768" intensity="2.798905e-001" type="0"/>
    <Peak1D F1="5.204176" intensity="4.821862e-001" type="0"/>
    <Peak1D F1="5.200272" intensity="3.173848e-001" type="0"/>
    <Peak1D F1="5.195775" intensity="1.938654e-001" type="0"/>
    <Peak1D F1="5.189951" intensity="1.793409e-001" type="0"/>
    <Peak1D F1="5.185985" intensity="2.587211e-001" type="0"/>
    <Peak1D F1="5.181619" intensity="2.793479e-001" type="0"/>
    <Peak1D F1="5.177612" intensity="3.383549e-001" type="0"/>
    <Peak1D F1="5.173892" intensity="2.002958e-001" type="0"/>
    <Peak1D F1="5.168027" intensity="5.129740e-002" type="0"/>
    <Peak1D F1="5.163040" intensity="1.149297e-001" type="0"/>
    <Peak1D F1="5.159413" intensity="1.769498e-001" type="0"/>
    <Peak1D F1="5.155642" intensity="1.118883e-001" type="0"/>
    <Peak1D F1="5.136560" intensity="1.258195e-001" type="0"/>
    <Peak1D F1="5.133052" intensity="1.459020e-001" type="0"/>
    <Peak1D F1="5.129589" intensity="1.303561e-001" type="0"/>
    <Peak1D F1="5.125382" intensity="1.074789e-001" type="0"/>
    <Peak1D F1="5.118147" intensity="2.419426e-001" type="0"/>
    <Peak1D F1="5.114661" intensity="2.969437e-001" type="0"/>
    <Peak1D F1="5.111165" intensity="2.588167e-001" type="0"/>
    <Peak1D F1="5.107258" intensity="2.007499e-001" type="0"/>
    <Peak1D F1="5.099242" intensity="4.000535e-001" type="0"/>
    <Peak1D F1="5.096187" intensity="4.587977e-001" type="0"/>
    <Peak1D F1="5.092751" intensity="4.087743e-001" type="0"/>
    <Peak1D F1="5.076717" intensity="6.435369e+000" type="0"/>
    <Peak1D F1="5.067500" intensity="7.419116e-001" type="0"/>
    <Peak1D F1="5.063644" intensity="6.102577e-001" type="0"/>
    <Peak1D F1="5.056538" intensity="4.019246e-001" type="0"/>
    <Peak1D F1="5.052817" intensity="4.899982e-001" type="0"/>
    <Peak1D F1="5.049263" intensity="5.513297e-001" type="0"/>
    <Peak1D F1="5.045763" intensity="4.348169e-001" type="0"/>
    <Peak1D F1="5.042339" intensity="2.546914e-001" type="0"/>
    <Peak1D F1="5.038588" intensity="1.851540e-001" type="0"/>
    <Peak1D F1="5.034860" intensity="2.345079e-001" type="0"/>
    <Peak1D F1="5.031340" intensity="2.722203e-001" type="0"/>
    <Peak1D F1="5.027864" intensity="2.171692e-001" type="0"/>
    <Peak1D F1="5.008270" intensity="2.009390e-002" type="0"/>
    <Peak1D F1="4.981354" intensity="8.441467e-003" type="0"/>
    <Peak1D F1="4.962458" intensity="6.790003e-003" type="0"/>
    <Peak1D F1="4.954093" intensity="1.822321e-002" type="0"/>
    <Peak1D F1="4.949078" intensity="2.126405e-002" type="0"/>
    <Peak1D F1="4.927410" intensity="1.668817e-002" type="0"/>
    <Peak1D F1="4.922348" intensity="1.854245e-002" type="0"/>
    <Peak1D F1="4.902454" intensity="1.606223e-002" type="0"/>
    <Peak1D F1="4.889759" intensity="4.081874e-002" type="0"/>
    <Peak1D F1="4.879588" intensity="1.220582e-002" type="0"/>
    <Peak1D F1="4.857514" intensity="8.104356e-003" type="0"/>
    <Peak1D F1="4.852429" intensity="6.981182e-003" type="0"/>
    <Peak1D F1="4.845307" intensity="5.681914e-003" type="0"/>
    <Peak1D F1="4.831379" intensity="4.878761e-003" type="0"/>
    <Peak1D F1="4.766681" intensity="1.026537e-002" type="0"/>
    <Peak1D F1="4.732939" intensity="1.830328e-002" type="0"/>
    <Peak1D F1="4.729531" intensity="1.838830e-002" type="0"/>
    <Peak1D F1="4.715980" intensity="1.114217e-002" type="0"/>
    <Peak1D F1="4.698812" intensity="8.114064e-002" type="0"/>
    <Peak1D F1="4.654226" intensity="1.990998e-002" type="0"/>
    <Peak1D F1="4.615596" intensity="3.494924e-003" type="0"/>
    <Peak1D F1="4.600678" intensity="3.306779e-003" type="0"/>
    <Peak1D F1="4.514931" intensity="9.856796e-003" type="0"/>
    <Peak1D F1="4.334780" intensity="3.563705e-003" type="0"/>
    <Peak1D F1="4.299340" intensity="3.506573e-003" type="0"/>
    <Peak1D F1="4.246598" intensity="2.942142e-003" type="0"/>
    <Peak1D F1="4.232533" intensity="5.531782e-003" type="0"/>
    <Peak1D F1="4.217975" intensity="6.263970e-003" type="0"/>
    <Peak1D F1="4.201032" intensity="8.172212e-003" type="0"/>
    <Peak1D F1="4.184422" intensity="7.337107e-003" type="0"/>
    <Peak1D F1="4.159326" intensity="1.134769e-002" type="0"/>
    <Peak1D F1="4.132094" intensity="3.763485e-003" type="0"/>
    <Peak1D F1="4.110477" intensity="3.216204e-003" type="0"/>
    <Peak1D F1="4.083111" intensity="3.454484e-003" type="0"/>
    <Peak1D F1="4.071726" intensity="3.474026e-003" type="0"/>
    <Peak1D F1="4.056271" intensity="3.155613e-003" type="0"/>
    <Peak1D F1="4.042029" intensity="3.646624e-003" type="0"/>
    <Peak1D F1="4.025015" intensity="3.826634e-003" type="0"/>
    <Peak1D F1="4.007438" intensity="5.994200e-003" type="0"/>
    <Peak1D F1="3.993904" intensity="7.136072e-003" type="0"/>
    <Peak1D F1="3.964339" intensity="5.061740e-003" type="0"/>
    <Peak1D F1="3.935394" intensity="1.374447e-002" type="0"/>
    <Peak1D F1="3.927530" intensity="1.339065e-002" type="0"/>
    <Peak1D F1="3.904471" intensity="3.596780e-003" type="0"/>
    <Peak1D F1="3.882933" intensity="4.958642e-003" type="0"/>
    <Peak1D F1="3.870865" intensity="6.050087e-003" type="0"/>
    <Peak1D F1="3.867778" intensity="6.280993e-003" type="0"/>
    <Peak1D F1="3.857276" intensity="6.930650e-003" type="0"/>
    <Peak1D F1="3.845029" intensity="6.736799e-003" type="0"/>
    <Peak1D F1="3.831165" intensity="4.202252e-003" type="0"/>
    <Peak1D F1="3.824056" intensity="4.000387e-003" type="0"/>
    <Peak1D F1="3.810114" intensity="4.356199e-003" type="0"/>
    <Peak1D F1="3.797179" intensity="4.535044e-003" type="0"/>
    <Peak1D F1="3.775276" intensity="7.547252e-003" type="0"/>
    <Peak1D F1="3.754400" intensity="7.834046e-003" type="0"/>
    <Peak1D F1="3.749569" intensity="7.235406e-003" type="0"/>
    <Peak1D F1="3.736977" intensity="7.817601e-003" type="0"/>
    <Peak1D F1="3.732139" intensity="8.115404e-003" type="0"/>
    <Peak1D F1="3.713971" intensity="8.095399e-003" type="0"/>
    <Peak1D F1="3.707793" intensity="8.046580e-003" type="0"/>
    <Peak1D F1="3.695282" intensity="7.051515e-003" type="0"/>
    <Peak1D F1="3.673402" intensity="7.324853e-003" type="0"/>
    <Peak1D F1="3.657028" intensity="7.714794e-003" type="0"/>
    <Peak1D F1="3.638197" intensity="9.362027e-003" type="0"/>
    <Peak1D F1="3.633828" intensity="9.584310e-003" type="0"/>
    <Peak1D F1="3.613976" intensity="1.855070e-002" type="0"/>
    <Peak1D F1="3.597068" intensity="1.619627e-002" type="0"/>
    <Peak1D F1="3.583487" intensity="2.941347e-002" type="0"/>
    <Peak1D F1="3.568260" intensity="1.604091e-002" type="0"/>
    <Peak1D F1="3.552861" intensity="1.722926e-002" type="0"/>
    <Peak1D F1="3.544346" intensity="1.781300e-002" type="0"/>
    <Peak1D F1="3.535738" intensity="1.877067e-002" type="0"/>
    <Peak1D F1="3.519558" intensity="2.016321e-002" type="0"/>
    <Peak1D F1="3.511104" intensity="2.070683e-002" type="0"/>
    <Peak1D F1="3.480164" intensity="2.718327e-002" type="0"/>
    <Peak1D F1="3.474059" intensity="2.590995e-002" type="0"/>
    <Peak1D F1="3.453332" intensity="3.557583e-002" type="0"/>
    <Peak1D F1="3.436310" intensity="3.882401e-002" type="0"/>
    <Peak1D F1="3.378565" intensity="4.292898e-002" type="0"/>
    <Peak1D F1="3.351940" intensity="4.998216e-002" type="0"/>
    <Peak1D F1="3.341537" intensity="5.066039e-002" type="0"/>
    <Peak1D F1="3.325966" intensity="5.284920e-002" type="0"/>
    <Peak1D F1="3.315818" intensity="5.116075e-002" type="0"/>
    <Peak1D F1="3.299975" intensity="4.146105e-002" type="0"/>
    <Peak1D F1="3.289666" intensity="3.842204e-002" type="0"/>
    <Peak1D F1="3.196059" intensity="1.440169e-002" type="0"/>
    <Peak1D F1="3.182730" intensity="1.413130e-002" type="0"/>
    <Peak1D F1="3.173797" intensity="1.510686e-002" type="0"/>
    <Peak1D F1="3.133968" intensity="5.026049e-003" type="0"/>
    <Peak1D F1="3.106815" intensity="1.189005e-002" type="0"/>
    <Peak1D F1="3.094868" intensity="4.050477e-003" type="0"/>
    <Peak1D F1="3.089501" intensity="4.018953e-003" type="0"/>
    <Peak1D F1="3.062832" intensity="4.200720e-003" type="0"/>
    <Peak1D F1="3.017801" intensity="3.588542e-003" type="0"/>
    <Peak1D F1="3.000167" intensity="3.893377e-003" type="0"/>
    <Peak1D F1="2.860159" intensity="1.043669e+000" type="0"/>
    <Peak1D F1="2.842116" intensity="1.039618e+000" type="0"/>
    <Peak1D F1="2.804727" intensity="8.016588e-002" type="0"/>
    <Peak1D F1="2.789522" intensity="7.446994e-002" type="0"/>
    <Peak1D F1="2.771517" intensity="1.353775e-002" type="0"/>
    <Peak1D F1="2.764971" intensity="9.054651e-003" type="0"/>
    <Peak1D F1="2.751817" intensity="2.573875e-002" type="0"/>
    <Peak1D F1="2.746611" intensity="2.193451e-002" type="0"/>
    <Peak1D F1="2.730839" intensity="4.723087e-002" type="0"/>
    <Peak1D F1="2.714556" intensity="2.005203e-002" type="0"/>
    <Peak1D F1="2.705840" intensity="1.202388e-002" type="0"/>
    <Peak1D F1="2.699533" intensity="3.194755e-002" type="0"/>
    <Peak1D F1="2.684623" intensity="5.767391e-002" type="0"/>
    <Peak1D F1="2.674704" intensity="2.140734e-002" type="0"/>
    <Peak1D F1="2.668797" intensity="4.347096e-002" type="0"/>
    <Peak1D F1="2.652942" intensity="2.717304e-002" type="0"/>
    <Peak1D F1="2.637402" intensity="4.882171e-002" type="0"/>
    <Peak1D F1="2.622346" intensity="3.546778e-002" type="0"/>
    <Peak1D F1="2.610180" intensity="4.603902e-001" type="0"/>
    <Peak1D F1="2.591634" intensity="9.571892e-001" type="0"/>
    <Peak1D F1="2.573093" intensity="5.484653e-001" type="0"/>
    <Peak1D F1="2.551620" intensity="1.201720e-002" type="0"/>
    <Peak1D F1="2.546789" intensity="1.650020e-002" type="0"/>
    <Peak1D F1="2.541181" intensity="1.271324e-002" type="0"/>
    <Peak1D F1="2.515256" intensity="1.064168e-001" type="0"/>
    <Peak1D F1="2.510877" intensity="2.178854e-001" type="0"/>
    <Peak1D F1="2.506387" intensity="2.981395e-001" type="0"/>
    <Peak1D F1="2.501887" intensity="2.207012e-001" type="0"/>
    <Peak1D F1="2.497513" intensity="1.138920e-001" type="0"/>
    <Peak1D F1="2.471841" intensity="7.338649e-001" type="0"/>
    <Peak1D F1="2.469003" intensity="7.420112e-001" type="0"/>
    <Peak1D F1="2.465825" intensity="7.800328e-001" type="0"/>
    <Peak1D F1="2.462916" intensity="8.443050e-001" type="0"/>
    <Peak1D F1="2.460250" intensity="8.305124e-001" type="0"/>
    <Peak1D F1="2.456537" intensity="7.927620e-001" type="0"/>
    <Peak1D F1="2.453395" intensity="8.707729e-001" type="0"/>
    <Peak1D F1="2.447434" intensity="1.403995e+000" type="0"/>
    <Peak1D F1="2.428290" intensity="1.867096e+000" type="0"/>
    <Peak1D F1="2.409793" intensity="1.222573e+000" type="0"/>
    <Peak1D F1="2.386866" intensity="1.817428e-001" type="0"/>
    <Peak1D F1="2.382270" intensity="1.853807e-001" type="0"/>
    <Peak1D F1="2.372912" intensity="1.956022e-001" type="0"/>
    <Peak1D F1="2.368300" intensity="1.904993e-001" type="0"/>
    <Peak1D F1="2.357038" intensity="3.207932e-002" type="0"/>
    <Peak1D F1="2.351817" intensity="2.999410e-002" type="0"/>
    <Peak1D F1="2.331397" intensity="5.683753e-002" type="0"/>
    <Peak1D F1="2.311104" intensity="6.039776e-002" type="0"/>
    <Peak1D F1="2.264541" intensity="1.148716e+000" type="0"/>
    <Peak1D F1="2.259930" intensity="8.318639e-001" type="0"/>
    <Peak1D F1="2.252584" intensity="1.094407e+000" type="0"/>
    <Peak1D F1="2.247501" intensity="9.706765e-001" type="0"/>
    <Peak1D F1="2.241728" intensity="1.165163e+000" type="0"/>
    <Peak1D F1="2.228548" intensity="5.642093e-001" type="0"/>
    <Peak1D F1="2.222352" intensity="8.932422e-001" type="0"/>
    <Peak1D F1="2.214498" intensity="5.387109e-001" type="0"/>
    <Peak1D F1="2.204237" intensity="1.249135e+000" type="0"/>
    <Peak1D F1="2.188104" intensity="1.020663e+000" type="0"/>
    <Peak1D F1="2.181899" intensity="6.309154e-001" type="0"/>
    <Peak1D F1="2.179879" intensity="6.307318e-001" type="0"/>
    <Peak1D F1="2.175818" intensity="7.660267e-001" type="0"/>
    <Peak1D F1="2.170378" intensity="9.686403e-001" type="0"/>
    <Peak1D F1="2.153244" intensity="3.979919e+000" type="0"/>
    <Peak1D F1="2.150394" intensity="4.176135e+000" type="0"/>
    <Peak1D F1="2.133122" intensity="1.484048e+000" type="0"/>
    <Peak1D F1="2.115225" intensity="1.303126e+000" type="0"/>
    <Peak1D F1="2.098251" intensity="7.706553e-001" type="0"/>
    <Peak1D F1="2.096562" intensity="7.565651e-001" type="0"/>
    <Peak1D F1="2.086781" intensity="4.741755e-001" type="0"/>
    <Peak1D F1="2.081315" intensity="3.635835e-001" type="0"/>
    <Peak1D F1="2.077409" intensity="3.784121e-001" type="0"/>
    <Peak1D F1="2.061903" intensity="1.500000e+001" type="0"/>
    <Peak1D F1="2.034301" intensity="4.155551e+000" type="0"/>
    <Peak1D F1="1.992854" intensity="3.020341e-001" type="0"/>
    <Peak1D F1="1.978784" intensity="5.352316e-001" type="0"/>
    <Peak1D F1="1.975880" intensity="5.604139e-001" type="0"/>
    <Peak1D F1="1.957451" intensity="2.906599e+000" type="0"/>
    <Peak1D F1="1.954292" intensity="2.950384e+000" type="0"/>
    <Peak1D F1="1.932591" intensity="2.663569e-001" type="0"/>
    <Peak1D F1="1.929138" intensity="2.260036e-001" type="0"/>
    <Peak1D F1="1.917347" intensity="1.769591e-001" type="0"/>
    <Peak1D F1="1.912086" intensity="1.959995e-001" type="0"/>
    <Peak1D F1="1.902689" intensity="1.588424e-001" type="0"/>
    <Peak1D F1="1.898456" intensity="1.771402e-001" type="0"/>
    <Peak1D F1="1.873590" intensity="8.046000e-002" type="0"/>
    <Peak1D F1="1.848091" intensity="8.018211e-002" type="0"/>
    <Peak1D F1="1.845007" intensity="8.148183e-002" type="0"/>
    <Peak1D F1="1.820724" intensity="4.010444e-002" type="0"/>
    <Peak1D F1="1.804865" intensity="5.992401e-002" type="0"/>
    <Peak1D F1="1.796700" intensity="7.185996e-002" type="0"/>
    <Peak1D F1="1.793526" intensity="7.502390e-002" type="0"/>
    <Peak1D F1="1.789927" intensity="8.127914e-002" type="0"/>
    <Peak1D F1="1.776078" intensity="4.560429e-002" type="0"/>
    <Peak1D F1="1.770771" intensity="4.149983e-002" type="0"/>
    <Peak1D F1="1.757856" intensity="8.433420e-002" type="0"/>
    <Peak1D F1="1.740534" intensity="6.678013e-002" type="0"/>
    <Peak1D F1="1.728775" intensity="1.327158e-001" type="0"/>
    <Peak1D F1="1.717266" intensity="1.341778e-001" type="0"/>
    <Peak1D F1="1.699878" intensity="1.443016e-001" type="0"/>
    <Peak1D F1="1.673782" intensity="2.779911e-001" type="0"/>
    <Peak1D F1="1.671481" intensity="2.399080e-001" type="0"/>
    <Peak1D F1="1.650637" intensity="3.992713e+000" type="0"/>
    <Peak1D F1="1.635530" intensity="5.288935e+000" type="0"/>
    <Peak1D F1="1.586846" intensity="2.773428e+000" type="0"/>
    <Peak1D F1="1.572833" intensity="5.292948e+000" type="0"/>
    <Peak1D F1="1.531248" intensity="1.139730e-001" type="0"/>
    <Peak1D F1="1.522987" intensity="9.762681e-002" type="0"/>
    <Peak1D F1="1.515861" intensity="9.288310e-002" type="0"/>
    <Peak1D F1="1.508278" intensity="9.681381e-002" type="0"/>
    <Peak1D F1="1.495743" intensity="1.070087e-001" type="0"/>
    <Peak1D F1="1.490369" intensity="1.015088e-001" type="0"/>
    <Peak1D F1="1.474738" intensity="1.129816e-001" type="0"/>
    <Peak1D F1="1.460097" intensity="9.648617e-002" type="0"/>
    <Peak1D F1="1.455032" intensity="8.734624e-002" type="0"/>
    <Peak1D F1="1.441266" intensity="9.503832e-002" type="0"/>
    <Peak1D F1="1.430252" intensity="1.127601e-001" type="0"/>
    <Peak1D F1="1.419555" intensity="1.282603e-001" type="0"/>
    <Peak1D F1="1.414697" intensity="1.131370e-001" type="0"/>
    <Peak1D F1="1.408838" intensity="1.235616e-001" type="0"/>
    <Peak1D F1="1.399242" intensity="1.057868e-001" type="0"/>
    <Peak1D F1="1.383197" intensity="9.522057e-002" type="0"/>
    <Peak1D F1="1.372821" intensity="7.430692e-002" type="0"/>
    <Peak1D F1="1.365856" intensity="9.088141e-002" type="0"/>
    <Peak1D F1="1.356719" intensity="8.692452e-002" type="0"/>
    <Peak1D F1="1.348501" intensity="1.474958e-001" type="0"/>
    <Peak1D F1="1.334604" intensity="1.550781e-001" type="0"/>
    <Peak1D F1="1.328328" intensity="1.225772e-001" type="0"/>
    <Peak1D F1="1.317789" intensity="1.857272e-001" type="0"/>
    <Peak1D F1="1.312845" intensity="1.516840e-001" type="0"/>
    <Peak1D F1="1.300467" intensity="2.140571e-001" type="0"/>
    <Peak1D F1="1.295845" intensity="2.097807e-001" type="0"/>
    <Peak1D F1="1.285402" intensity="1.737448e-001" type="0"/>
    <Peak1D F1="1.280026" intensity="1.882353e-001" type="0"/>
    <Peak1D F1="1.278380" intensity="1.890518e-001" type="0"/>
    <Peak1D F1="1.262647" intensity="2.063606e-001" type="0"/>
    <Peak1D F1="1.251985" intensity="1.086792e-001" type="0"/>
    <Peak1D F1="1.240196" intensity="2.066421e-001" type="0"/>
    <Peak1D F1="1.237677" intensity="2.053504e-001" type="0"/>
    <Peak1D F1="1.222533" intensity="7.259495e-001" type="0"/>
    <Peak1D F1="1.209792" intensity="1.166040e+000" type="0"/>
    <Peak1D F1="1.200372" intensity="5.379864e-001" type="0"/>
    <Peak1D F1="1.190746" intensity="2.168758e-001" type="0"/>
    <Peak1D F1="1.188711" intensity="2.179832e-001" type="0"/>
    <Peak1D F1="1.183730" intensity="2.042084e-001" type="0"/>
    <Peak1D F1="1.176878" intensity="1.517877e-001" type="0"/>
    <Peak1D F1="1.170975" intensity="1.550994e-001" type="0"/>
    <Peak1D F1="1.166066" intensity="1.500368e-001" type="0"/>
    <Peak1D F1="1.154505" intensity="1.697761e-001" type="0"/>
    <Peak1D F1="1.149811" intensity="1.243035e-001" type="0"/>
    <Peak1D F1="1.144091" intensity="1.000584e-001" type="0"/>
    <Peak1D F1="1.129795" intensity="1.541638e-001" type="0"/>
    <Peak1D F1="1.119367" intensity="1.714679e-001" type="0"/>
    <Peak1D F1="1.109730" intensity="1.221989e-001" type="0"/>
    <Peak1D F1="1.102256" intensity="1.053274e-001" type="0"/>
    <Peak1D F1="1.099885" intensity="1.053476e-001" type="0"/>
    <Peak1D F1="1.094350" intensity="1.014060e-001" type="0"/>
    <Peak1D F1="1.090678" intensity="1.016623e-001" type="0"/>
    <Peak1D F1="1.081695" intensity="1.282607e-001" type="0"/>
    <Peak1D F1="1.066201" intensity="1.387847e-001" type="0"/>
    <Peak1D F1="1.057807" intensity="1.184073e-001" type="0"/>
    <Peak1D F1="1.052660" intensity="1.210902e-001" type="0"/>
    <Peak1D F1="1.042398" intensity="1.058158e-001" type="0"/>
    <Peak1D F1="1.028817" intensity="8.654005e-002" type="0"/>
    <Peak1D F1="1.019302" intensity="1.040105e-001" type="0"/>
    <Peak1D F1="1.001342" intensity="7.966357e-002" type="0"/>
    <Peak1D F1="0.990555" intensity="3.618026e-002" type="0"/>
    <Peak1D F1="0.983440" intensity="4.610919e-002" type="0"/>
    <Peak1D F1="0.979119" intensity="4.835071e-002" type="0"/>
    <Peak1D F1="0.971562" intensity="8.854715e-002" type="0"/>
    <Peak1D F1="0.957524" intensity="2.182171e+000" type="0"/>
    <Peak1D F1="0.938727" intensity="4.245014e+000" type="0"/>
    <Peak1D F1="0.919904" intensity="2.252730e+000" type="0"/>
    <Peak1D F1="0.906444" intensity="1.856302e+000" type="0"/>
    <Peak1D F1="0.899498" intensity="6.264278e-001" type="0"/>
    <Peak1D F1="0.889750" intensity="1.806138e+000" type="0"/>
    <Peak1D F1="0.880914" intensity="4.423295e-001" type="0"/>
    <Peak1D F1="0.873113" intensity="2.403570e-001" type="0"/>
    <Peak1D F1="0.867776" intensity="3.295039e-001" type="0"/>
    <Peak1D F1="0.856161" intensity="1.532966e-001" type="0"/>
    <Peak1D F1="0.850620" intensity="1.580781e-001" type="0"/>
    <Peak1D F1="0.842097" intensity="9.462920e-002" type="0"/>
    <Peak1D F1="0.834904" intensity="1.144481e-001" type="0"/>
    <Peak1D F1="0.818692" intensity="7.890624e-002" type="0"/>
    <Peak1D F1="0.807133" intensity="6.414466e-002" type="0"/>
    <Peak1D F1="0.798374" intensity="4.633535e-002" type="0"/>
    <Peak1D F1="0.789938" intensity="8.547667e-002" type="0"/>
    <Peak1D F1="0.779466" intensity="4.724411e-002" type="0"/>
    <Peak1D F1="0.772968" intensity="6.008337e-002" type="0"/>
    <Peak1D F1="0.760690" intensity="2.971949e-002" type="0"/>
    <Peak1D F1="0.753656" intensity="1.935960e-002" type="0"/>
    <Peak1D F1="0.748466" intensity="2.522155e-002" type="0"/>
    <Peak1D F1="0.740714" intensity="1.806242e-002" type="0"/>
    <Peak1D F1="0.731694" intensity="2.390446e-002" type="0"/>
    <Peak1D F1="0.713279" intensity="1.561620e-002" type="0"/>
    <Peak1D F1="0.661547" intensity="9.225699e-003" type="0"/>
    <Peak1D F1="0.614860" intensity="7.446514e-003" type="0"/>
    <Peak1D F1="0.595183" intensity="1.313740e-002" type="0"/>
    <Peak1D F1="0.525023" intensity="5.074602e-003" type="0"/>
    <Peak1D F1="0.418101" intensity="3.807764e-003" type="0"/>
    <Peak1D F1="0.362483" intensity="3.343764e-003" type="0"/>
    <Peak1D F1="0.313944" intensity="2.959109e-003" type="0"/>
    <Peak1D F1="0.245320" intensity="2.460728e-003" type="0"/>
    <Peak1D F1="0.200004" intensity="2.232231e-003" type="0"/>
    <Peak1D F1="0.145879" intensity="2.621897e-003" type="0"/>
    <Peak1D F1="0.007936" intensity="7.950376e-003" type="0"/>
    <Peak1D F1="-0.000153" intensity="1.835593e-001" type="0"/>
    <Peak1D F1="-0.008217" intensity="1.108587e-002" type="0"/>
  </PeakList1D>
</PeakList>
