<?xml version="1.0" encoding="UTF-8"?>
<PeakList>
  <PeakList1D>
    <PeakList1DHeader creator="root" date="2021-09-29T08:18:41.472+08:00" expNo="1" name="0927BEC#DMSO" owner="" procNo="1" source="D:/Zhi-Ming Zhang">
      <PeakPickDetails>F1=16.223141ppm, F2=-3.802403ppm, MI=0.00cm, MAXI=10000.00cm, PC=1.000
      </PeakPickDetails>
    </PeakList1DHeader>
    <Peak1D F1="4.490339" intensity="1.005293e+001" type="0"/>
    <Peak1D F1="3.820394" intensity="1.239537e-002" type="0"/>
    <Peak1D F1="3.805658" intensity="2.153058e-002" type="0"/>
    <Peak1D F1="3.790976" intensity="2.342469e-002" type="0"/>
    <Peak1D F1="3.775775" intensity="1.487852e-002" type="0"/>
    <Peak1D F1="3.662848" intensity="4.574503e-001" type="0"/>
    <Peak1D F1="3.647452" intensity="1.846327e+000" type="0"/>
    <Peak1D F1="3.632601" intensity="3.284957e+000" type="0"/>
    <Peak1D F1="3.617873" intensity="3.591921e+000" type="0"/>
    <Peak1D F1="3.602628" intensity="2.198239e+000" type="0"/>
    <Peak1D F1="3.587294" intensity="5.600380e-001" type="0"/>
    <Peak1D F1="3.481811" intensity="1.563828e-002" type="0"/>
    <Peak1D F1="3.469057" intensity="1.675124e-002" type="0"/>
    <Peak1D F1="3.455090" intensity="5.432327e-002" type="0"/>
    <Peak1D F1="3.440082" intensity="5.374339e-002" type="0"/>
    <Peak1D F1="3.429425" intensity="4.205913e-002" type="0"/>
    <Peak1D F1="3.416243" intensity="3.621596e-002" type="0"/>
    <Peak1D F1="3.402790" intensity="1.771175e-002" type="0"/>
    <Peak1D F1="3.389391" intensity="1.705287e-002" type="0"/>
    <Peak1D F1="3.310131" intensity="2.005715e+000" type="0"/>
    <Peak1D F1="3.294893" intensity="1.830594e+000" type="0"/>
    <Peak1D F1="3.283198" intensity="5.270399e+000" type="0"/>
    <Peak1D F1="3.267936" intensity="5.131423e+000" type="0"/>
    <Peak1D F1="3.258061" intensity="5.549922e+000" type="0"/>
    <Peak1D F1="3.244818" intensity="5.354552e+000" type="0"/>
    <Peak1D F1="3.231296" intensity="2.227628e+000" type="0"/>
    <Peak1D F1="3.218105" intensity="1.928060e+000" type="0"/>
    <Peak1D F1="3.133786" intensity="2.542932e-002" type="0"/>
    <Peak1D F1="3.118491" intensity="2.133307e-002" type="0"/>
    <Peak1D F1="3.106872" intensity="4.367889e-002" type="0"/>
    <Peak1D F1="3.091578" intensity="4.122837e-002" type="0"/>
    <Peak1D F1="3.082550" intensity="3.970359e-002" type="0"/>
    <Peak1D F1="3.069383" intensity="3.716582e-002" type="0"/>
    <Peak1D F1="3.055739" intensity="1.769609e-002" type="0"/>
    <Peak1D F1="3.042553" intensity="1.576696e-002" type="0"/>
    <Peak1D F1="2.547805" intensity="8.895756e-002" type="0"/>
    <Peak1D F1="1.189373" intensity="1.370439e-001" type="0"/>
    <Peak1D F1="1.173669" intensity="1.354380e-001" type="0"/>
    <Peak1D F1="1.034214" intensity="1.396682e+001" type="0"/>
    <Peak1D F1="1.018169" intensity="1.500000e+001" type="0"/>
    <Peak1D F1="0.876481" intensity="1.405116e-001" type="0"/>
    <Peak1D F1="0.860777" intensity="1.364735e-001" type="0"/>
    <Peak1D F1="-0.000153" intensity="2.655116e-002" type="0"/>
  </PeakList1D>
</PeakList>
