<?xml version="1.0" encoding="UTF-8"?>
<PeakList>
  <PeakList1D>
    <PeakList1DHeader creator="root" date="2021-09-27T16:09:25.001+08:00" expNo="1" name="0927xj23" owner="" procNo="1" source="D:/Zhi-Ming Zhang">
      <PeakPickDetails>F1=16.185820ppm, F2=-3.839723ppm, MI=0.00cm, MAXI=10000.00cm, PC=1.000
      </PeakPickDetails>
    </PeakList1DHeader>
    <Peak1D F1="12.445967" intensity="4.172701e-004" type="0"/>
    <Peak1D F1="12.407089" intensity="5.064870e-004" type="0"/>
    <Peak1D F1="12.380763" intensity="5.838751e-004" type="0"/>
    <Peak1D F1="12.359320" intensity="5.311086e-004" type="0"/>
    <Peak1D F1="12.343839" intensity="5.387717e-004" type="0"/>
    <Peak1D F1="12.327931" intensity="6.662318e-004" type="0"/>
    <Peak1D F1="12.281502" intensity="7.147488e-004" type="0"/>
    <Peak1D F1="12.175682" intensity="1.343966e-003" type="0"/>
    <Peak1D F1="11.985126" intensity="5.710465e-003" type="0"/>
    <Peak1D F1="11.969205" intensity="5.923339e-003" type="0"/>
    <Peak1D F1="11.835350" intensity="1.827019e-003" type="0"/>
    <Peak1D F1="11.827135" intensity="1.867013e-003" type="0"/>
    <Peak1D F1="11.765059" intensity="1.541935e-003" type="0"/>
    <Peak1D F1="11.683602" intensity="8.162007e-004" type="0"/>
    <Peak1D F1="11.653250" intensity="6.137824e-004" type="0"/>
    <Peak1D F1="11.642875" intensity="6.703847e-004" type="0"/>
    <Peak1D F1="11.629173" intensity="5.598770e-004" type="0"/>
    <Peak1D F1="11.603435" intensity="1.725829e-003" type="0"/>
    <Peak1D F1="11.585716" intensity="1.226296e-003" type="0"/>
    <Peak1D F1="11.537297" intensity="7.123871e-004" type="0"/>
    <Peak1D F1="11.492303" intensity="3.123155e-003" type="0"/>
    <Peak1D F1="11.479427" intensity="1.418493e-003" type="0"/>
    <Peak1D F1="11.456820" intensity="5.394389e-004" type="0"/>
    <Peak1D F1="11.432052" intensity="9.292557e-004" type="0"/>
    <Peak1D F1="11.415593" intensity="4.256780e-003" type="0"/>
    <Peak1D F1="11.403782" intensity="8.484473e-004" type="0"/>
    <Peak1D F1="11.382959" intensity="5.869411e-004" type="0"/>
    <Peak1D F1="11.360966" intensity="9.533546e-004" type="0"/>
    <Peak1D F1="11.319457" intensity="8.236097e-003" type="0"/>
    <Peak1D F1="11.300719" intensity="2.338975e-002" type="0"/>
    <Peak1D F1="11.282496" intensity="1.307717e-002" type="0"/>
    <Peak1D F1="11.256968" intensity="6.557149e-003" type="0"/>
    <Peak1D F1="11.151634" intensity="1.659992e-003" type="0"/>
    <Peak1D F1="11.137520" intensity="1.840203e-003" type="0"/>
    <Peak1D F1="11.096172" intensity="4.740095e-003" type="0"/>
    <Peak1D F1="11.039302" intensity="4.697798e-004" type="0"/>
    <Peak1D F1="10.978676" intensity="6.916990e-004" type="0"/>
    <Peak1D F1="10.950998" intensity="1.869233e-003" type="0"/>
    <Peak1D F1="10.913777" intensity="6.317566e-004" type="0"/>
    <Peak1D F1="10.882938" intensity="1.154250e-003" type="0"/>
    <Peak1D F1="10.830335" intensity="6.121229e-002" type="0"/>
    <Peak1D F1="10.790415" intensity="3.914772e-003" type="0"/>
    <Peak1D F1="10.783210" intensity="2.396181e-003" type="0"/>
    <Peak1D F1="10.646181" intensity="5.351536e-004" type="0"/>
    <Peak1D F1="9.920378" intensity="5.260995e-004" type="0"/>
    <Peak1D F1="9.678606" intensity="4.179488e-004" type="0"/>
    <Peak1D F1="9.579172" intensity="6.085685e-004" type="0"/>
    <Peak1D F1="9.562532" intensity="8.247711e-004" type="0"/>
    <Peak1D F1="9.385727" intensity="1.577809e-003" type="0"/>
    <Peak1D F1="9.366881" intensity="1.696489e-003" type="0"/>
    <Peak1D F1="8.100613" intensity="6.387157e-003" type="0"/>
    <Peak1D F1="7.872454" intensity="4.216711e-004" type="0"/>
    <Peak1D F1="7.756381" intensity="4.672513e-004" type="0"/>
    <Peak1D F1="7.721424" intensity="4.164160e-004" type="0"/>
    <Peak1D F1="7.662826" intensity="4.603285e-004" type="0"/>
    <Peak1D F1="7.642442" intensity="4.481235e-004" type="0"/>
    <Peak1D F1="7.612912" intensity="5.194283e-004" type="0"/>
    <Peak1D F1="7.583782" intensity="4.622643e-004" type="0"/>
    <Peak1D F1="7.565553" intensity="5.075331e-004" type="0"/>
    <Peak1D F1="7.537937" intensity="5.184360e-004" type="0"/>
    <Peak1D F1="7.510213" intensity="5.718830e-004" type="0"/>
    <Peak1D F1="7.490835" intensity="6.907462e-004" type="0"/>
    <Peak1D F1="7.457436" intensity="6.000160e-004" type="0"/>
    <Peak1D F1="7.419921" intensity="6.884822e-004" type="0"/>
    <Peak1D F1="7.396767" intensity="6.713860e-004" type="0"/>
    <Peak1D F1="7.327635" intensity="7.398961e-004" type="0"/>
    <Peak1D F1="7.320866" intensity="7.743201e-004" type="0"/>
    <Peak1D F1="7.296270" intensity="8.914302e-004" type="0"/>
    <Peak1D F1="7.263088" intensity="8.139656e-004" type="0"/>
    <Peak1D F1="7.230298" intensity="8.334104e-004" type="0"/>
    <Peak1D F1="7.212303" intensity="8.608970e-004" type="0"/>
    <Peak1D F1="7.183738" intensity="8.790785e-004" type="0"/>
    <Peak1D F1="7.164604" intensity="8.952376e-004" type="0"/>
    <Peak1D F1="7.148218" intensity="1.063105e-003" type="0"/>
    <Peak1D F1="7.134147" intensity="1.322971e-003" type="0"/>
    <Peak1D F1="7.093629" intensity="1.461027e-003" type="0"/>
    <Peak1D F1="7.076398" intensity="1.352503e-003" type="0"/>
    <Peak1D F1="7.064509" intensity="1.289566e-003" type="0"/>
    <Peak1D F1="7.048237" intensity="1.380663e-003" type="0"/>
    <Peak1D F1="7.022820" intensity="1.282998e-003" type="0"/>
    <Peak1D F1="7.009542" intensity="1.490374e-003" type="0"/>
    <Peak1D F1="6.985301" intensity="1.319679e-003" type="0"/>
    <Peak1D F1="6.979857" intensity="1.365956e-003" type="0"/>
    <Peak1D F1="6.943813" intensity="1.470101e-003" type="0"/>
    <Peak1D F1="6.935750" intensity="1.479079e-003" type="0"/>
    <Peak1D F1="6.918786" intensity="1.465966e-003" type="0"/>
    <Peak1D F1="6.904304" intensity="1.448781e-003" type="0"/>
    <Peak1D F1="6.885625" intensity="1.549454e-003" type="0"/>
    <Peak1D F1="6.868397" intensity="2.102668e-003" type="0"/>
    <Peak1D F1="6.850589" intensity="2.807871e-003" type="0"/>
    <Peak1D F1="6.829306" intensity="2.519260e-003" type="0"/>
    <Peak1D F1="6.810063" intensity="3.019364e-003" type="0"/>
    <Peak1D F1="6.792341" intensity="2.133413e-003" type="0"/>
    <Peak1D F1="6.759078" intensity="1.846521e-003" type="0"/>
    <Peak1D F1="6.747747" intensity="1.749214e-003" type="0"/>
    <Peak1D F1="6.686164" intensity="2.029243e-003" type="0"/>
    <Peak1D F1="6.622468" intensity="2.506675e-003" type="0"/>
    <Peak1D F1="6.606107" intensity="2.583141e-003" type="0"/>
    <Peak1D F1="6.584457" intensity="2.445240e-003" type="0"/>
    <Peak1D F1="6.532173" intensity="2.475807e-003" type="0"/>
    <Peak1D F1="6.509258" intensity="2.421242e-003" type="0"/>
    <Peak1D F1="6.456272" intensity="2.955331e-003" type="0"/>
    <Peak1D F1="6.430544" intensity="3.271022e-003" type="0"/>
    <Peak1D F1="6.383941" intensity="3.879069e-003" type="0"/>
    <Peak1D F1="6.370726" intensity="4.237390e-003" type="0"/>
    <Peak1D F1="6.273705" intensity="5.903283e-003" type="0"/>
    <Peak1D F1="6.230892" intensity="6.993562e-003" type="0"/>
    <Peak1D F1="6.186810" intensity="1.412855e-002" type="0"/>
    <Peak1D F1="6.159348" intensity="1.487211e-002" type="0"/>
    <Peak1D F1="6.142894" intensity="1.654310e-002" type="0"/>
    <Peak1D F1="6.115424" intensity="1.740266e-002" type="0"/>
    <Peak1D F1="6.094499" intensity="1.359166e-002" type="0"/>
    <Peak1D F1="6.062433" intensity="1.765452e-002" type="0"/>
    <Peak1D F1="6.036828" intensity="4.804397e-002" type="0"/>
    <Peak1D F1="6.029895" intensity="3.096211e-002" type="0"/>
    <Peak1D F1="6.009416" intensity="7.365723e-002" type="0"/>
    <Peak1D F1="5.993155" intensity="1.216442e+000" type="0"/>
    <Peak1D F1="5.965682" intensity="1.327391e+000" type="0"/>
    <Peak1D F1="5.949344" intensity="1.353969e+000" type="0"/>
    <Peak1D F1="5.921863" intensity="1.385227e+000" type="0"/>
    <Peak1D F1="5.886653" intensity="2.915675e-001" type="0"/>
    <Peak1D F1="5.876698" intensity="2.041295e-001" type="0"/>
    <Peak1D F1="5.859921" intensity="3.177257e-001" type="0"/>
    <Peak1D F1="5.849892" intensity="2.372710e-001" type="0"/>
    <Peak1D F1="5.843415" intensity="3.450558e-001" type="0"/>
    <Peak1D F1="5.833430" intensity="2.313385e-001" type="0"/>
    <Peak1D F1="5.816654" intensity="3.403940e-001" type="0"/>
    <Peak1D F1="5.806708" intensity="2.282422e-001" type="0"/>
    <Peak1D F1="5.795606" intensity="2.233575e-002" type="0"/>
    <Peak1D F1="5.767647" intensity="1.498209e-002" type="0"/>
    <Peak1D F1="5.751500" intensity="1.670863e-002" type="0"/>
    <Peak1D F1="5.738743" intensity="1.441677e-002" type="0"/>
    <Peak1D F1="5.723896" intensity="2.046897e-002" type="0"/>
    <Peak1D F1="5.706218" intensity="9.953552e-003" type="0"/>
    <Peak1D F1="5.691354" intensity="1.159567e-002" type="0"/>
    <Peak1D F1="5.685410" intensity="1.244662e-002" type="0"/>
    <Peak1D F1="5.668540" intensity="1.639905e-002" type="0"/>
    <Peak1D F1="5.654482" intensity="3.538791e-002" type="0"/>
    <Peak1D F1="5.641860" intensity="1.713956e-002" type="0"/>
    <Peak1D F1="5.614964" intensity="5.336159e-002" type="0"/>
    <Peak1D F1="5.602434" intensity="1.791306e-002" type="0"/>
    <Peak1D F1="5.586526" intensity="1.778173e-002" type="0"/>
    <Peak1D F1="5.571826" intensity="3.194798e-002" type="0"/>
    <Peak1D F1="5.557884" intensity="2.229163e-002" type="0"/>
    <Peak1D F1="5.549006" intensity="2.325666e-002" type="0"/>
    <Peak1D F1="5.536050" intensity="2.835764e-002" type="0"/>
    <Peak1D F1="5.518172" intensity="5.069966e-002" type="0"/>
    <Peak1D F1="5.499382" intensity="2.849384e-001" type="0"/>
    <Peak1D F1="5.481114" intensity="5.201147e-001" type="0"/>
    <Peak1D F1="5.477266" intensity="4.449794e-001" type="0"/>
    <Peak1D F1="5.472529" intensity="4.071494e-001" type="0"/>
    <Peak1D F1="5.468206" intensity="3.273953e-001" type="0"/>
    <Peak1D F1="5.462693" intensity="3.394212e-001" type="0"/>
    <Peak1D F1="5.454271" intensity="6.747118e-001" type="0"/>
    <Peak1D F1="5.436154" intensity="3.549013e-001" type="0"/>
    <Peak1D F1="5.413268" intensity="3.405997e-002" type="0"/>
    <Peak1D F1="5.405982" intensity="3.084418e-002" type="0"/>
    <Peak1D F1="5.401997" intensity="3.105613e-002" type="0"/>
    <Peak1D F1="5.385673" intensity="3.356315e-002" type="0"/>
    <Peak1D F1="5.378236" intensity="3.478677e-002" type="0"/>
    <Peak1D F1="5.341894" intensity="3.629153e-001" type="0"/>
    <Peak1D F1="5.323647" intensity="6.764639e-001" type="0"/>
    <Peak1D F1="5.315179" intensity="3.342658e-001" type="0"/>
    <Peak1D F1="5.309559" intensity="3.315538e-001" type="0"/>
    <Peak1D F1="5.305316" intensity="4.076406e-001" type="0"/>
    <Peak1D F1="5.300729" intensity="4.554658e-001" type="0"/>
    <Peak1D F1="5.296824" intensity="5.126243e-001" type="0"/>
    <Peak1D F1="5.278536" intensity="2.794932e-001" type="0"/>
    <Peak1D F1="5.251279" intensity="4.596676e-002" type="0"/>
    <Peak1D F1="5.240355" intensity="3.719900e-002" type="0"/>
    <Peak1D F1="5.221510" intensity="4.143282e-002" type="0"/>
    <Peak1D F1="5.175230" intensity="4.707480e-001" type="0"/>
    <Peak1D F1="5.170231" intensity="6.948258e-001" type="0"/>
    <Peak1D F1="5.165022" intensity="4.229608e-001" type="0"/>
    <Peak1D F1="5.152819" intensity="2.024178e+000" type="0"/>
    <Peak1D F1="5.131960" intensity="4.891572e-001" type="0"/>
    <Peak1D F1="5.126910" intensity="6.982856e-001" type="0"/>
    <Peak1D F1="5.121523" intensity="5.023139e-001" type="0"/>
    <Peak1D F1="5.109016" intensity="2.155015e+000" type="0"/>
    <Peak1D F1="5.092907" intensity="1.272282e+000" type="0"/>
    <Peak1D F1="5.089947" intensity="1.236115e+000" type="0"/>
    <Peak1D F1="5.080400" intensity="2.954816e+000" type="0"/>
    <Peak1D F1="5.054511" intensity="2.351706e+000" type="0"/>
    <Peak1D F1="5.053580" intensity="2.357972e+000" type="0"/>
    <Peak1D F1="4.995794" intensity="2.496601e-002" type="0"/>
    <Peak1D F1="4.989160" intensity="2.542808e-002" type="0"/>
    <Peak1D F1="4.972712" intensity="2.462014e-002" type="0"/>
    <Peak1D F1="4.968485" intensity="2.547712e-002" type="0"/>
    <Peak1D F1="4.956225" intensity="4.137954e-002" type="0"/>
    <Peak1D F1="4.937609" intensity="4.810664e-001" type="0"/>
    <Peak1D F1="4.934728" intensity="5.095879e-001" type="0"/>
    <Peak1D F1="4.910997" intensity="4.623540e-001" type="0"/>
    <Peak1D F1="4.908014" intensity="4.843815e-001" type="0"/>
    <Peak1D F1="4.882510" intensity="4.612651e-002" type="0"/>
    <Peak1D F1="4.853943" intensity="1.579230e-002" type="0"/>
    <Peak1D F1="4.793931" intensity="3.408542e-003" type="0"/>
    <Peak1D F1="4.771348" intensity="2.269292e-003" type="0"/>
    <Peak1D F1="4.755403" intensity="2.007624e-003" type="0"/>
    <Peak1D F1="4.737252" intensity="4.361046e-003" type="0"/>
    <Peak1D F1="4.722483" intensity="7.045007e-003" type="0"/>
    <Peak1D F1="4.708372" intensity="8.555081e-003" type="0"/>
    <Peak1D F1="4.684916" intensity="2.536748e-002" type="0"/>
    <Peak1D F1="4.654009" intensity="2.247267e-002" type="0"/>
    <Peak1D F1="4.626649" intensity="1.316541e-003" type="0"/>
    <Peak1D F1="4.604647" intensity="5.406500e-004" type="0"/>
    <Peak1D F1="4.591910" intensity="9.159251e-004" type="0"/>
    <Peak1D F1="4.574878" intensity="1.147032e-003" type="0"/>
    <Peak1D F1="4.545469" intensity="9.083783e-003" type="0"/>
    <Peak1D F1="4.534175" intensity="9.028913e-003" type="0"/>
    <Peak1D F1="4.514941" intensity="2.965742e-003" type="0"/>
    <Peak1D F1="4.502994" intensity="2.616079e-003" type="0"/>
    <Peak1D F1="4.479284" intensity="2.859456e-003" type="0"/>
    <Peak1D F1="4.459181" intensity="4.841121e-003" type="0"/>
    <Peak1D F1="4.332057" intensity="4.648433e-001" type="0"/>
    <Peak1D F1="4.273638" intensity="1.500523e-002" type="0"/>
    <Peak1D F1="4.254625" intensity="1.133272e-002" type="0"/>
    <Peak1D F1="4.221359" intensity="1.074829e-002" type="0"/>
    <Peak1D F1="4.208230" intensity="1.519261e-002" type="0"/>
    <Peak1D F1="4.191284" intensity="1.598297e-002" type="0"/>
    <Peak1D F1="4.174192" intensity="2.510288e-002" type="0"/>
    <Peak1D F1="4.162620" intensity="1.116505e-002" type="0"/>
    <Peak1D F1="4.157071" intensity="1.476614e-002" type="0"/>
    <Peak1D F1="4.147222" intensity="1.142371e-002" type="0"/>
    <Peak1D F1="4.141607" intensity="1.104600e-002" type="0"/>
    <Peak1D F1="4.132465" intensity="1.213903e-002" type="0"/>
    <Peak1D F1="4.123928" intensity="1.483791e-002" type="0"/>
    <Peak1D F1="4.118555" intensity="1.326135e-002" type="0"/>
    <Peak1D F1="4.107281" intensity="1.336001e-002" type="0"/>
    <Peak1D F1="4.101051" intensity="1.264984e-002" type="0"/>
    <Peak1D F1="4.078984" intensity="1.625858e-002" type="0"/>
    <Peak1D F1="4.063269" intensity="3.357274e-002" type="0"/>
    <Peak1D F1="4.046344" intensity="5.387944e-002" type="0"/>
    <Peak1D F1="4.035425" intensity="4.502290e-002" type="0"/>
    <Peak1D F1="4.009021" intensity="1.770548e+000" type="0"/>
    <Peak1D F1="3.991833" intensity="3.531531e+000" type="0"/>
    <Peak1D F1="3.974694" intensity="1.851410e+000" type="0"/>
    <Peak1D F1="3.932059" intensity="1.538074e-002" type="0"/>
    <Peak1D F1="3.927056" intensity="1.392518e-002" type="0"/>
    <Peak1D F1="3.909062" intensity="9.075965e-003" type="0"/>
    <Peak1D F1="3.892130" intensity="5.683303e-003" type="0"/>
    <Peak1D F1="3.883694" intensity="5.837444e-003" type="0"/>
    <Peak1D F1="3.864140" intensity="5.874703e-003" type="0"/>
    <Peak1D F1="3.849825" intensity="4.197469e-003" type="0"/>
    <Peak1D F1="3.843932" intensity="4.662275e-003" type="0"/>
    <Peak1D F1="3.821651" intensity="1.075134e-002" type="0"/>
    <Peak1D F1="3.804477" intensity="2.001572e-002" type="0"/>
    <Peak1D F1="3.796578" intensity="5.566628e-003" type="0"/>
    <Peak1D F1="3.787468" intensity="1.083177e-002" type="0"/>
    <Peak1D F1="3.428278" intensity="4.141882e-003" type="0"/>
    <Peak1D F1="3.410818" intensity="8.056065e-003" type="0"/>
    <Peak1D F1="3.392448" intensity="7.295546e-003" type="0"/>
    <Peak1D F1="3.361203" intensity="2.434059e-002" type="0"/>
    <Peak1D F1="3.279768" intensity="1.618430e-001" type="0"/>
    <Peak1D F1="3.146774" intensity="2.131247e-003" type="0"/>
    <Peak1D F1="2.725025" intensity="9.556339e-004" type="0"/>
    <Peak1D F1="2.692911" intensity="3.062728e-003" type="0"/>
    <Peak1D F1="2.683487" intensity="2.919816e-003" type="0"/>
    <Peak1D F1="2.670791" intensity="5.882240e-003" type="0"/>
    <Peak1D F1="2.662152" intensity="5.821888e-003" type="0"/>
    <Peak1D F1="2.646054" intensity="3.024933e-002" type="0"/>
    <Peak1D F1="2.628742" intensity="5.479686e-002" type="0"/>
    <Peak1D F1="2.610986" intensity="5.611256e-002" type="0"/>
    <Peak1D F1="2.593687" intensity="4.263031e-002" type="0"/>
    <Peak1D F1="2.576363" intensity="2.370947e-002" type="0"/>
    <Peak1D F1="2.564335" intensity="3.046329e-002" type="0"/>
    <Peak1D F1="2.544085" intensity="4.348171e-002" type="0"/>
    <Peak1D F1="2.509314" intensity="1.783831e-001" type="0"/>
    <Peak1D F1="2.505134" intensity="1.297898e-001" type="0"/>
    <Peak1D F1="2.499256" intensity="8.928854e-002" type="0"/>
    <Peak1D F1="2.489014" intensity="6.863688e-002" type="0"/>
    <Peak1D F1="2.481035" intensity="5.733341e-002" type="0"/>
    <Peak1D F1="2.474695" intensity="7.174824e-002" type="0"/>
    <Peak1D F1="2.459678" intensity="5.179144e-002" type="0"/>
    <Peak1D F1="2.438672" intensity="2.832885e-002" type="0"/>
    <Peak1D F1="2.432901" intensity="2.973842e-002" type="0"/>
    <Peak1D F1="2.416990" intensity="3.679603e-002" type="0"/>
    <Peak1D F1="2.400396" intensity="3.701239e-002" type="0"/>
    <Peak1D F1="2.383504" intensity="4.122458e-002" type="0"/>
    <Peak1D F1="2.351606" intensity="5.960075e-001" type="0"/>
    <Peak1D F1="2.334182" intensity="1.615485e+000" type="0"/>
    <Peak1D F1="2.316998" intensity="1.612022e+000" type="0"/>
    <Peak1D F1="2.299831" intensity="5.981395e-001" type="0"/>
    <Peak1D F1="2.273587" intensity="1.091903e-001" type="0"/>
    <Peak1D F1="2.252980" intensity="1.091015e-001" type="0"/>
    <Peak1D F1="2.241991" intensity="1.290452e-001" type="0"/>
    <Peak1D F1="2.227029" intensity="2.455923e-001" type="0"/>
    <Peak1D F1="2.221716" intensity="2.482546e-001" type="0"/>
    <Peak1D F1="2.216649" intensity="2.574081e-001" type="0"/>
    <Peak1D F1="2.211406" intensity="2.550618e-001" type="0"/>
    <Peak1D F1="2.194405" intensity="3.280293e-001" type="0"/>
    <Peak1D F1="2.189514" intensity="3.719305e-001" type="0"/>
    <Peak1D F1="2.184544" intensity="3.592623e-001" type="0"/>
    <Peak1D F1="2.178962" intensity="3.491280e-001" type="0"/>
    <Peak1D F1="2.157337" intensity="8.808177e-002" type="0"/>
    <Peak1D F1="2.149060" intensity="8.469844e-002" type="0"/>
    <Peak1D F1="2.135601" intensity="1.496285e-001" type="0"/>
    <Peak1D F1="2.121231" intensity="1.871103e-001" type="0"/>
    <Peak1D F1="2.107637" intensity="3.217238e-001" type="0"/>
    <Peak1D F1="2.103448" intensity="2.865958e-001" type="0"/>
    <Peak1D F1="2.093653" intensity="3.558918e-001" type="0"/>
    <Peak1D F1="2.067948" intensity="8.330756e-001" type="0"/>
    <Peak1D F1="2.051967" intensity="1.635940e+000" type="0"/>
    <Peak1D F1="2.034340" intensity="2.385415e+000" type="0"/>
    <Peak1D F1="2.016055" intensity="2.074676e+000" type="0"/>
    <Peak1D F1="1.998547" intensity="1.864633e+000" type="0"/>
    <Peak1D F1="1.975864" intensity="1.128619e+001" type="0"/>
    <Peak1D F1="1.943449" intensity="1.500000e+001" type="0"/>
    <Peak1D F1="1.930761" intensity="3.125731e+000" type="0"/>
    <Peak1D F1="1.910940" intensity="1.801090e+000" type="0"/>
    <Peak1D F1="1.893715" intensity="6.992734e-001" type="0"/>
    <Peak1D F1="1.877843" intensity="9.115166e-001" type="0"/>
    <Peak1D F1="1.861071" intensity="7.806235e-001" type="0"/>
    <Peak1D F1="1.855115" intensity="6.658722e-001" type="0"/>
    <Peak1D F1="1.845588" intensity="1.321543e+000" type="0"/>
    <Peak1D F1="1.838454" intensity="6.201211e-001" type="0"/>
    <Peak1D F1="1.824984" intensity="1.519235e+000" type="0"/>
    <Peak1D F1="1.813616" intensity="5.191737e-001" type="0"/>
    <Peak1D F1="1.804895" intensity="7.623948e-001" type="0"/>
    <Peak1D F1="1.795035" intensity="3.506053e-001" type="0"/>
    <Peak1D F1="1.786072" intensity="3.042343e-001" type="0"/>
    <Peak1D F1="1.779527" intensity="3.852420e-001" type="0"/>
    <Peak1D F1="1.759655" intensity="1.022719e+000" type="0"/>
    <Peak1D F1="1.743791" intensity="1.018551e+000" type="0"/>
    <Peak1D F1="1.736256" intensity="9.146901e-001" type="0"/>
    <Peak1D F1="1.727368" intensity="7.703888e-001" type="0"/>
    <Peak1D F1="1.719380" intensity="8.610612e-001" type="0"/>
    <Peak1D F1="1.707071" intensity="9.621665e-001" type="0"/>
    <Peak1D F1="1.685800" intensity="5.690084e-001" type="0"/>
    <Peak1D F1="1.642326" intensity="9.641390e+000" type="0"/>
    <Peak1D F1="1.582092" intensity="1.671548e+000" type="0"/>
    <Peak1D F1="1.558036" intensity="1.019793e+001" type="0"/>
    <Peak1D F1="1.509941" intensity="4.144522e-001" type="0"/>
    <Peak1D F1="1.485727" intensity="1.232421e+001" type="0"/>
    <Peak1D F1="1.455250" intensity="5.992216e-001" type="0"/>
    <Peak1D F1="1.445645" intensity="5.082949e-001" type="0"/>
    <Peak1D F1="1.436966" intensity="6.423628e-001" type="0"/>
    <Peak1D F1="1.428255" intensity="5.467323e-001" type="0"/>
    <Peak1D F1="1.420637" intensity="8.058447e-001" type="0"/>
    <Peak1D F1="1.410772" intensity="7.368555e-001" type="0"/>
    <Peak1D F1="1.403613" intensity="6.111531e-001" type="0"/>
    <Peak1D F1="1.395228" intensity="5.743212e-001" type="0"/>
    <Peak1D F1="1.381172" intensity="4.507735e-001" type="0"/>
    <Peak1D F1="1.373860" intensity="3.511858e-001" type="0"/>
    <Peak1D F1="1.344598" intensity="6.288568e-001" type="0"/>
    <Peak1D F1="1.335654" intensity="2.703000e-001" type="0"/>
    <Peak1D F1="1.330629" intensity="2.698388e-001" type="0"/>
    <Peak1D F1="1.319787" intensity="4.526330e-001" type="0"/>
    <Peak1D F1="1.314138" intensity="4.586631e-001" type="0"/>
    <Peak1D F1="1.290029" intensity="2.561681e-001" type="0"/>
    <Peak1D F1="1.282521" intensity="2.999337e-001" type="0"/>
    <Peak1D F1="1.258666" intensity="1.509633e-001" type="0"/>
    <Peak1D F1="1.251020" intensity="1.575126e-001" type="0"/>
    <Peak1D F1="1.226853" intensity="6.444855e-001" type="0"/>
    <Peak1D F1="1.209058" intensity="1.395982e-001" type="0"/>
    <Peak1D F1="1.199880" intensity="1.267733e-001" type="0"/>
    <Peak1D F1="1.187126" intensity="3.219852e-001" type="0"/>
    <Peak1D F1="1.161986" intensity="3.317627e+000" type="0"/>
    <Peak1D F1="1.158202" intensity="2.734885e+000" type="0"/>
    <Peak1D F1="1.116769" intensity="1.191504e-001" type="0"/>
    <Peak1D F1="1.097165" intensity="1.150159e-001" type="0"/>
    <Peak1D F1="1.084419" intensity="8.435398e-002" type="0"/>
    <Peak1D F1="1.078333" intensity="9.406944e-002" type="0"/>
    <Peak1D F1="1.067940" intensity="8.188972e-002" type="0"/>
    <Peak1D F1="1.062023" intensity="8.097468e-002" type="0"/>
    <Peak1D F1="1.053055" intensity="7.723851e-002" type="0"/>
    <Peak1D F1="1.030656" intensity="5.312513e-001" type="0"/>
    <Peak1D F1="1.013409" intensity="5.412501e-001" type="0"/>
    <Peak1D F1="0.980013" intensity="2.283757e+000" type="0"/>
    <Peak1D F1="0.963510" intensity="2.721402e+000" type="0"/>
    <Peak1D F1="0.960295" intensity="3.480217e+000" type="0"/>
    <Peak1D F1="0.941317" intensity="5.804503e+000" type="0"/>
    <Peak1D F1="0.922479" intensity="2.977288e+000" type="0"/>
    <Peak1D F1="0.912104" intensity="4.977081e-001" type="0"/>
    <Peak1D F1="0.891085" intensity="7.830284e-001" type="0"/>
    <Peak1D F1="0.884963" intensity="2.363680e+000" type="0"/>
    <Peak1D F1="0.874551" intensity="8.639259e-001" type="0"/>
    <Peak1D F1="0.868299" intensity="2.295341e+000" type="0"/>
    <Peak1D F1="0.846341" intensity="2.424771e-001" type="0"/>
    <Peak1D F1="0.819065" intensity="2.255850e+000" type="0"/>
    <Peak1D F1="0.802558" intensity="2.405188e+000" type="0"/>
    <Peak1D F1="0.788024" intensity="5.652497e-001" type="0"/>
    <Peak1D F1="0.763248" intensity="1.040546e-001" type="0"/>
    <Peak1D F1="0.727419" intensity="6.632643e-002" type="0"/>
    <Peak1D F1="0.719754" intensity="5.683051e-002" type="0"/>
    <Peak1D F1="0.710728" intensity="5.978218e-002" type="0"/>
    <Peak1D F1="0.661300" intensity="4.687290e-002" type="0"/>
    <Peak1D F1="0.649795" intensity="5.995540e-002" type="0"/>
    <Peak1D F1="0.632981" intensity="5.536642e-002" type="0"/>
    <Peak1D F1="0.519695" intensity="1.963761e-002" type="0"/>
    <Peak1D F1="0.444088" intensity="1.524113e-002" type="0"/>
    <Peak1D F1="0.340209" intensity="1.141627e-002" type="0"/>
    <Peak1D F1="0.278302" intensity="9.824188e-003" type="0"/>
    <Peak1D F1="0.174103" intensity="7.634134e-003" type="0"/>
    <Peak1D F1="0.122522" intensity="6.705504e-003" type="0"/>
    <Peak1D F1="0.112495" intensity="6.454937e-003" type="0"/>
    <Peak1D F1="0.085847" intensity="6.180054e-003" type="0"/>
    <Peak1D F1="0.075629" intensity="6.058195e-003" type="0"/>
    <Peak1D F1="0.055523" intensity="5.743584e-003" type="0"/>
    <Peak1D F1="0.035040" intensity="5.518612e-003" type="0"/>
    <Peak1D F1="-0.000153" intensity="7.358222e-002" type="0"/>
    <Peak1D F1="-0.108991" intensity="4.068831e-003" type="0"/>
    <Peak1D F1="-0.116388" intensity="4.032706e-003" type="0"/>
    <Peak1D F1="-0.150078" intensity="3.929067e-003" type="0"/>
    <Peak1D F1="-0.163351" intensity="3.643294e-003" type="0"/>
    <Peak1D F1="-0.183528" intensity="3.398956e-003" type="0"/>
    <Peak1D F1="-0.195459" intensity="3.343265e-003" type="0"/>
    <Peak1D F1="-0.215249" intensity="3.292796e-003" type="0"/>
    <Peak1D F1="-0.274896" intensity="2.758325e-003" type="0"/>
    <Peak1D F1="-0.308163" intensity="2.728739e-003" type="0"/>
    <Peak1D F1="-0.331425" intensity="2.513409e-003" type="0"/>
    <Peak1D F1="-0.345090" intensity="2.477935e-003" type="0"/>
    <Peak1D F1="-0.366743" intensity="2.394939e-003" type="0"/>
    <Peak1D F1="-0.429621" intensity="2.171679e-003" type="0"/>
    <Peak1D F1="-0.477203" intensity="2.039450e-003" type="0"/>
    <Peak1D F1="-0.482950" intensity="1.963374e-003" type="0"/>
    <Peak1D F1="-0.510674" intensity="1.799609e-003" type="0"/>
    <Peak1D F1="-0.540347" intensity="1.679949e-003" type="0"/>
    <Peak1D F1="-0.572861" intensity="1.609467e-003" type="0"/>
    <Peak1D F1="-0.582661" intensity="1.515625e-003" type="0"/>
    <Peak1D F1="-0.610511" intensity="1.486726e-003" type="0"/>
    <Peak1D F1="-0.625648" intensity="1.507360e-003" type="0"/>
    <Peak1D F1="-0.697981" intensity="1.299712e-003" type="0"/>
    <Peak1D F1="-0.721441" intensity="1.235233e-003" type="0"/>
    <Peak1D F1="-0.734608" intensity="1.248099e-003" type="0"/>
    <Peak1D F1="-0.747037" intensity="1.292521e-003" type="0"/>
    <Peak1D F1="-0.815115" intensity="1.076830e-003" type="0"/>
    <Peak1D F1="-0.826411" intensity="1.041457e-003" type="0"/>
    <Peak1D F1="-0.844015" intensity="9.777041e-004" type="0"/>
    <Peak1D F1="-0.871321" intensity="9.990891e-004" type="0"/>
    <Peak1D F1="-0.917414" intensity="9.359785e-004" type="0"/>
    <Peak1D F1="-0.995531" intensity="8.213004e-004" type="0"/>
    <Peak1D F1="-1.030995" intensity="7.469454e-004" type="0"/>
    <Peak1D F1="-1.050847" intensity="7.338903e-004" type="0"/>
    <Peak1D F1="-1.095775" intensity="7.317289e-004" type="0"/>
    <Peak1D F1="-1.113662" intensity="6.367906e-004" type="0"/>
    <Peak1D F1="-1.135548" intensity="6.152978e-004" type="0"/>
    <Peak1D F1="-1.166842" intensity="6.089740e-004" type="0"/>
    <Peak1D F1="-1.175200" intensity="6.121856e-004" type="0"/>
    <Peak1D F1="-1.189684" intensity="5.751909e-004" type="0"/>
    <Peak1D F1="-1.211886" intensity="5.854474e-004" type="0"/>
    <Peak1D F1="-1.245647" intensity="6.384726e-004" type="0"/>
    <Peak1D F1="-1.271030" intensity="5.641751e-004" type="0"/>
    <Peak1D F1="-1.292453" intensity="4.967388e-004" type="0"/>
    <Peak1D F1="-1.312657" intensity="4.400445e-004" type="0"/>
    <Peak1D F1="-1.334227" intensity="4.410869e-004" type="0"/>
    <Peak1D F1="-1.377315" intensity="4.525089e-004" type="0"/>
    <Peak1D F1="-1.412746" intensity="4.816298e-004" type="0"/>
    <Peak1D F1="-1.421097" intensity="4.390370e-004" type="0"/>
    <Peak1D F1="-3.441937" intensity="4.200497e-004" type="0"/>
    <Peak1D F1="-3.500943" intensity="4.561514e-004" type="0"/>
    <Peak1D F1="-3.720172" intensity="4.234220e-004" type="0"/>
  </PeakList1D>
</PeakList>
