<?xml version="1.0" encoding="UTF-8"?>
<PeakList>
  <PeakList1D>
    <PeakList1DHeader creator="root" date="2021-09-30T21:33:08.437+08:00" expNo="1" name="0930AYS" owner="" procNo="1" source="D:/Zhi-Ming Zhang">
      <PeakPickDetails>F1=16.179550ppm, F2=-3.845993ppm, MI=0.00cm, MAXI=10000.00cm, PC=1.000
      </PeakPickDetails>
    </PeakList1DHeader>
    <Peak1D F1="16.178556" intensity="6.142998e-003" type="0"/>
    <Peak1D F1="8.121532" intensity="9.570195e-003" type="0"/>
    <Peak1D F1="7.107752" intensity="7.327931e-003" type="0"/>
    <Peak1D F1="7.087120" intensity="3.065353e-002" type="0"/>
    <Peak1D F1="7.074547" intensity="2.714108e-002" type="0"/>
    <Peak1D F1="7.054092" intensity="6.487153e-003" type="0"/>
    <Peak1D F1="6.399265" intensity="4.420043e-003" type="0"/>
    <Peak1D F1="6.372307" intensity="4.830761e-003" type="0"/>
    <Peak1D F1="6.355209" intensity="5.010412e-003" type="0"/>
    <Peak1D F1="6.328243" intensity="5.088075e-003" type="0"/>
    <Peak1D F1="5.374551" intensity="7.513245e-003" type="0"/>
    <Peak1D F1="5.258358" intensity="9.682652e-003" type="0"/>
    <Peak1D F1="5.214386" intensity="8.595691e-003" type="0"/>
    <Peak1D F1="5.131697" intensity="6.841737e-003" type="0"/>
    <Peak1D F1="5.078499" intensity="1.039687e-002" type="0"/>
    <Peak1D F1="5.051643" intensity="9.339193e-003" type="0"/>
    <Peak1D F1="5.031042" intensity="1.281120e-002" type="0"/>
    <Peak1D F1="4.998774" intensity="1.118329e-002" type="0"/>
    <Peak1D F1="4.752615" intensity="3.692476e-002" type="0"/>
    <Peak1D F1="4.683291" intensity="2.661371e-002" type="0"/>
    <Peak1D F1="4.599766" intensity="1.112328e-002" type="0"/>
    <Peak1D F1="4.565489" intensity="3.839489e-002" type="0"/>
    <Peak1D F1="4.534839" intensity="1.083120e-002" type="0"/>
    <Peak1D F1="4.407301" intensity="4.536566e-003" type="0"/>
    <Peak1D F1="4.021349" intensity="4.254319e-003" type="0"/>
    <Peak1D F1="3.277466" intensity="5.556638e-001" type="0"/>
    <Peak1D F1="2.845297" intensity="4.805294e-003" type="0"/>
    <Peak1D F1="2.828157" intensity="6.306879e-003" type="0"/>
    <Peak1D F1="2.810834" intensity="4.896880e-003" type="0"/>
    <Peak1D F1="2.507969" intensity="2.362372e-001" type="0"/>
    <Peak1D F1="2.503770" intensity="3.059318e-001" type="0"/>
    <Peak1D F1="2.499573" intensity="2.335173e-001" type="0"/>
    <Peak1D F1="2.417860" intensity="1.249237e-002" type="0"/>
    <Peak1D F1="2.310205" intensity="8.379712e-003" type="0"/>
    <Peak1D F1="2.253708" intensity="6.729805e-002" type="0"/>
    <Peak1D F1="2.162879" intensity="2.095550e-002" type="0"/>
    <Peak1D F1="2.128962" intensity="2.092914e-002" type="0"/>
    <Peak1D F1="2.103328" intensity="2.614970e-002" type="0"/>
    <Peak1D F1="2.086316" intensity="3.155241e-002" type="0"/>
    <Peak1D F1="2.062278" intensity="3.124116e-002" type="0"/>
    <Peak1D F1="1.977922" intensity="4.562504e-001" type="0"/>
    <Peak1D F1="1.969106" intensity="4.406975e-001" type="0"/>
    <Peak1D F1="1.957586" intensity="8.361084e-001" type="0"/>
    <Peak1D F1="1.952347" intensity="1.087307e+000" type="0"/>
    <Peak1D F1="1.950050" intensity="1.100347e+000" type="0"/>
    <Peak1D F1="1.933089" intensity="5.902088e-001" type="0"/>
    <Peak1D F1="1.923168" intensity="5.773571e-001" type="0"/>
    <Peak1D F1="1.904431" intensity="1.181722e-001" type="0"/>
    <Peak1D F1="1.795358" intensity="2.100635e-002" type="0"/>
    <Peak1D F1="1.723504" intensity="2.204186e-002" type="0"/>
    <Peak1D F1="1.696170" intensity="8.146679e-002" type="0"/>
    <Peak1D F1="1.656649" intensity="7.212579e-002" type="0"/>
    <Peak1D F1="1.635861" intensity="6.309105e-002" type="0"/>
    <Peak1D F1="1.612875" intensity="6.602689e-002" type="0"/>
    <Peak1D F1="1.571077" intensity="5.100448e-001" type="0"/>
    <Peak1D F1="1.566354" intensity="4.834026e-001" type="0"/>
    <Peak1D F1="1.543548" intensity="9.887609e-001" type="0"/>
    <Peak1D F1="1.539279" intensity="1.031534e+000" type="0"/>
    <Peak1D F1="1.529927" intensity="5.767881e-001" type="0"/>
    <Peak1D F1="1.504607" intensity="1.053446e+000" type="0"/>
    <Peak1D F1="1.497174" intensity="1.488551e+000" type="0"/>
    <Peak1D F1="1.477538" intensity="3.200917e+000" type="0"/>
    <Peak1D F1="1.454840" intensity="2.351536e+000" type="0"/>
    <Peak1D F1="1.423023" intensity="1.872481e-001" type="0"/>
    <Peak1D F1="1.417479" intensity="2.109492e-001" type="0"/>
    <Peak1D F1="1.373033" intensity="9.617392e-001" type="0"/>
    <Peak1D F1="1.370258" intensity="9.596337e-001" type="0"/>
    <Peak1D F1="1.311671" intensity="2.771548e-002" type="0"/>
    <Peak1D F1="1.297844" intensity="1.139635e-001" type="0"/>
    <Peak1D F1="1.254035" intensity="4.402372e-002" type="0"/>
    <Peak1D F1="1.220420" intensity="9.444188e-002" type="0"/>
    <Peak1D F1="1.201757" intensity="6.965563e-002" type="0"/>
    <Peak1D F1="1.185527" intensity="1.560650e-001" type="0"/>
    <Peak1D F1="1.167814" intensity="2.741124e-001" type="0"/>
    <Peak1D F1="1.143227" intensity="1.500000e+001" type="0"/>
    <Peak1D F1="1.092578" intensity="1.426641e-001" type="0"/>
    <Peak1D F1="1.080090" intensity="9.910693e-002" type="0"/>
    <Peak1D F1="1.018107" intensity="2.836519e-002" type="0"/>
    <Peak1D F1="0.985680" intensity="1.283826e-001" type="0"/>
    <Peak1D F1="0.937789" intensity="9.070064e+000" type="0"/>
    <Peak1D F1="0.917834" intensity="3.035460e-001" type="0"/>
    <Peak1D F1="0.900613" intensity="2.043217e-001" type="0"/>
    <Peak1D F1="0.881341" intensity="7.288526e-002" type="0"/>
    <Peak1D F1="0.864630" intensity="2.003266e-001" type="0"/>
    <Peak1D F1="0.847422" intensity="1.719433e-001" type="0"/>
    <Peak1D F1="0.818351" intensity="5.108815e-002" type="0"/>
    <Peak1D F1="0.779842" intensity="7.339771e-002" type="0"/>
    <Peak1D F1="0.690018" intensity="7.033491e-002" type="0"/>
    <Peak1D F1="0.639995" intensity="7.451165e-002" type="0"/>
    <Peak1D F1="0.626513" intensity="7.546906e-002" type="0"/>
    <Peak1D F1="-0.000157" intensity="2.130144e-002" type="0"/>
  </PeakList1D>
</PeakList>
