<?xml version="1.0" encoding="UTF-8"?>
<PeakList>
  <PeakList1D>
    <PeakList1DHeader creator="root" date="2021-09-30T21:28:02.209+08:00" expNo="1" name="0930DXF" owner="" procNo="1" source="D:/Zhi-Ming Zhang">
      <PeakPickDetails>F1=16.155500ppm, F2=-3.870042ppm, MI=0.00cm, MAXI=10000.00cm, PC=1.000
      </PeakPickDetails>
    </PeakList1DHeader>
    <Peak1D F1="10.260227" intensity="7.202057e-003" type="0"/>
    <Peak1D F1="10.077924" intensity="5.563190e-004" type="0"/>
    <Peak1D F1="9.782971" intensity="2.413941e-002" type="0"/>
    <Peak1D F1="9.615033" intensity="5.649205e-003" type="0"/>
    <Peak1D F1="9.595408" intensity="5.627063e-003" type="0"/>
    <Peak1D F1="9.567543" intensity="5.630754e-004" type="0"/>
    <Peak1D F1="9.531569" intensity="4.915124e-004" type="0"/>
    <Peak1D F1="9.514290" intensity="4.453281e-004" type="0"/>
    <Peak1D F1="9.186335" intensity="5.590772e-004" type="0"/>
    <Peak1D F1="8.849352" intensity="7.132310e-003" type="0"/>
    <Peak1D F1="8.679932" intensity="1.760697e+000" type="0"/>
    <Peak1D F1="8.423677" intensity="2.299341e-003" type="0"/>
    <Peak1D F1="8.282102" intensity="1.755412e-003" type="0"/>
    <Peak1D F1="8.249103" intensity="3.050132e-004" type="0"/>
    <Peak1D F1="8.214055" intensity="6.175622e-004" type="0"/>
    <Peak1D F1="8.187990" intensity="1.900637e-003" type="0"/>
    <Peak1D F1="8.070962" intensity="1.843792e-003" type="0"/>
    <Peak1D F1="7.615480" intensity="7.384652e-004" type="0"/>
    <Peak1D F1="7.610679" intensity="1.265761e-003" type="0"/>
    <Peak1D F1="7.588203" intensity="4.416144e-003" type="0"/>
    <Peak1D F1="7.561553" intensity="3.453938e-004" type="0"/>
    <Peak1D F1="7.552447" intensity="4.701740e-004" type="0"/>
    <Peak1D F1="7.541518" intensity="3.931893e-003" type="0"/>
    <Peak1D F1="7.528399" intensity="5.743064e-004" type="0"/>
    <Peak1D F1="7.502118" intensity="4.254751e-003" type="0"/>
    <Peak1D F1="7.491768" intensity="3.937215e-004" type="0"/>
    <Peak1D F1="7.422413" intensity="1.637710e-002" type="0"/>
    <Peak1D F1="7.417933" intensity="1.049367e-002" type="0"/>
    <Peak1D F1="7.407422" intensity="8.917461e-003" type="0"/>
    <Peak1D F1="7.402951" intensity="4.988191e-003" type="0"/>
    <Peak1D F1="7.379875" intensity="1.132010e-003" type="0"/>
    <Peak1D F1="7.363747" intensity="1.148092e-003" type="0"/>
    <Peak1D F1="7.352379" intensity="6.752625e-004" type="0"/>
    <Peak1D F1="7.337574" intensity="1.302523e-003" type="0"/>
    <Peak1D F1="7.321323" intensity="4.613035e-003" type="0"/>
    <Peak1D F1="7.316736" intensity="4.825560e-003" type="0"/>
    <Peak1D F1="7.162982" intensity="3.548004e-003" type="0"/>
    <Peak1D F1="7.158567" intensity="3.782207e-003" type="0"/>
    <Peak1D F1="7.142743" intensity="3.778229e-003" type="0"/>
    <Peak1D F1="7.138217" intensity="3.819856e-003" type="0"/>
    <Peak1D F1="7.120068" intensity="1.190298e-003" type="0"/>
    <Peak1D F1="7.100440" intensity="3.726811e-003" type="0"/>
    <Peak1D F1="7.095747" intensity="4.470994e-003" type="0"/>
    <Peak1D F1="7.090661" intensity="3.394556e-003" type="0"/>
    <Peak1D F1="7.086069" intensity="3.462167e-003" type="0"/>
    <Peak1D F1="7.067796" intensity="4.711276e-003" type="0"/>
    <Peak1D F1="7.048078" intensity="7.297028e-003" type="0"/>
    <Peak1D F1="7.042134" intensity="6.981616e-003" type="0"/>
    <Peak1D F1="7.025594" intensity="1.337067e-002" type="0"/>
    <Peak1D F1="7.016043" intensity="8.198551e-003" type="0"/>
    <Peak1D F1="7.011304" intensity="9.096334e-003" type="0"/>
    <Peak1D F1="7.004325" intensity="1.336062e-002" type="0"/>
    <Peak1D F1="6.993570" intensity="6.577370e-003" type="0"/>
    <Peak1D F1="6.975048" intensity="2.673461e-002" type="0"/>
    <Peak1D F1="6.963243" intensity="1.164293e-002" type="0"/>
    <Peak1D F1="6.955200" intensity="2.952249e-002" type="0"/>
    <Peak1D F1="6.942657" intensity="1.071703e-002" type="0"/>
    <Peak1D F1="6.926039" intensity="1.334096e-002" type="0"/>
    <Peak1D F1="6.918305" intensity="2.513502e-002" type="0"/>
    <Peak1D F1="6.914463" intensity="2.538962e-002" type="0"/>
    <Peak1D F1="6.905373" intensity="1.375604e-002" type="0"/>
    <Peak1D F1="6.896298" intensity="1.252926e-002" type="0"/>
    <Peak1D F1="6.876649" intensity="1.162586e-002" type="0"/>
    <Peak1D F1="6.863523" intensity="1.386120e-002" type="0"/>
    <Peak1D F1="6.843346" intensity="2.360888e-002" type="0"/>
    <Peak1D F1="6.839519" intensity="2.549678e-002" type="0"/>
    <Peak1D F1="6.819517" intensity="3.873334e-002" type="0"/>
    <Peak1D F1="6.780941" intensity="3.506479e+000" type="0"/>
    <Peak1D F1="6.770648" intensity="3.465936e-001" type="0"/>
    <Peak1D F1="6.761005" intensity="4.251057e+000" type="0"/>
    <Peak1D F1="6.726886" intensity="3.381593e+000" type="0"/>
    <Peak1D F1="6.722213" intensity="3.656497e+000" type="0"/>
    <Peak1D F1="6.665632" intensity="1.213508e-002" type="0"/>
    <Peak1D F1="6.656647" intensity="1.695897e-002" type="0"/>
    <Peak1D F1="6.651985" intensity="1.662666e-002" type="0"/>
    <Peak1D F1="6.630345" intensity="3.404784e-002" type="0"/>
    <Peak1D F1="6.597941" intensity="2.081776e+000" type="0"/>
    <Peak1D F1="6.593154" intensity="2.008664e+000" type="0"/>
    <Peak1D F1="6.577974" intensity="1.770782e+000" type="0"/>
    <Peak1D F1="6.573201" intensity="1.693825e+000" type="0"/>
    <Peak1D F1="6.531395" intensity="3.075776e-002" type="0"/>
    <Peak1D F1="6.527429" intensity="2.703901e-002" type="0"/>
    <Peak1D F1="6.508825" intensity="6.364466e-003" type="0"/>
    <Peak1D F1="6.484176" intensity="3.616983e-003" type="0"/>
    <Peak1D F1="6.478598" intensity="3.572633e-003" type="0"/>
    <Peak1D F1="6.468938" intensity="4.468511e-003" type="0"/>
    <Peak1D F1="6.458189" intensity="2.700171e-003" type="0"/>
    <Peak1D F1="6.434744" intensity="8.836405e-004" type="0"/>
    <Peak1D F1="6.399239" intensity="8.629266e-003" type="0"/>
    <Peak1D F1="6.395067" intensity="8.473698e-003" type="0"/>
    <Peak1D F1="6.379300" intensity="7.557251e-003" type="0"/>
    <Peak1D F1="6.374992" intensity="7.314138e-003" type="0"/>
    <Peak1D F1="6.362425" intensity="2.028727e-003" type="0"/>
    <Peak1D F1="6.356772" intensity="1.372377e-003" type="0"/>
    <Peak1D F1="6.335779" intensity="1.142167e-003" type="0"/>
    <Peak1D F1="6.320358" intensity="3.039730e-003" type="0"/>
    <Peak1D F1="6.314696" intensity="2.064887e-003" type="0"/>
    <Peak1D F1="6.311006" intensity="2.434330e-003" type="0"/>
    <Peak1D F1="6.293561" intensity="9.870868e-004" type="0"/>
    <Peak1D F1="6.286428" intensity="4.591050e-004" type="0"/>
    <Peak1D F1="6.267331" intensity="1.186116e-003" type="0"/>
    <Peak1D F1="6.260454" intensity="2.092447e-003" type="0"/>
    <Peak1D F1="6.244233" intensity="4.458117e-003" type="0"/>
    <Peak1D F1="6.239243" intensity="2.571514e-003" type="0"/>
    <Peak1D F1="6.206003" intensity="1.167204e-003" type="0"/>
    <Peak1D F1="6.193149" intensity="1.416807e-003" type="0"/>
    <Peak1D F1="6.172138" intensity="1.489246e-003" type="0"/>
    <Peak1D F1="6.155228" intensity="4.865543e-003" type="0"/>
    <Peak1D F1="6.147127" intensity="1.978445e-003" type="0"/>
    <Peak1D F1="6.138437" intensity="2.499939e-003" type="0"/>
    <Peak1D F1="6.130156" intensity="7.170440e-003" type="0"/>
    <Peak1D F1="6.112912" intensity="7.741939e-003" type="0"/>
    <Peak1D F1="6.104843" intensity="2.012277e-003" type="0"/>
    <Peak1D F1="6.095957" intensity="2.466656e-003" type="0"/>
    <Peak1D F1="6.087846" intensity="5.251138e-003" type="0"/>
    <Peak1D F1="6.071072" intensity="2.489383e-003" type="0"/>
    <Peak1D F1="6.064775" intensity="5.008171e-004" type="0"/>
    <Peak1D F1="6.048069" intensity="1.071710e-003" type="0"/>
    <Peak1D F1="6.040508" intensity="2.062961e-003" type="0"/>
    <Peak1D F1="6.024025" intensity="4.412703e-003" type="0"/>
    <Peak1D F1="5.982319" intensity="4.713887e-001" type="0"/>
    <Peak1D F1="5.965463" intensity="1.027649e+000" type="0"/>
    <Peak1D F1="5.957328" intensity="5.642939e-001" type="0"/>
    <Peak1D F1="5.948665" intensity="5.630379e-001" type="0"/>
    <Peak1D F1="5.940297" intensity="1.524918e+000" type="0"/>
    <Peak1D F1="5.923077" intensity="1.563624e+000" type="0"/>
    <Peak1D F1="5.914803" intensity="6.291248e-001" type="0"/>
    <Peak1D F1="5.906138" intensity="6.144551e-001" type="0"/>
    <Peak1D F1="5.897926" intensity="1.192063e+000" type="0"/>
    <Peak1D F1="5.881150" intensity="5.586756e-001" type="0"/>
    <Peak1D F1="5.842591" intensity="4.682985e-003" type="0"/>
    <Peak1D F1="5.836266" intensity="3.304221e-003" type="0"/>
    <Peak1D F1="5.816629" intensity="1.777725e-003" type="0"/>
    <Peak1D F1="5.811029" intensity="1.510494e-003" type="0"/>
    <Peak1D F1="5.787856" intensity="1.771128e-003" type="0"/>
    <Peak1D F1="5.771128" intensity="3.835483e-003" type="0"/>
    <Peak1D F1="5.762893" intensity="1.890806e-003" type="0"/>
    <Peak1D F1="5.754212" intensity="1.122426e-003" type="0"/>
    <Peak1D F1="5.745992" intensity="6.679086e-003" type="0"/>
    <Peak1D F1="5.728768" intensity="6.463076e-003" type="0"/>
    <Peak1D F1="5.720499" intensity="1.825556e-003" type="0"/>
    <Peak1D F1="5.711798" intensity="1.331938e-003" type="0"/>
    <Peak1D F1="5.703643" intensity="4.611819e-003" type="0"/>
    <Peak1D F1="5.686931" intensity="1.099742e-003" type="0"/>
    <Peak1D F1="5.264838" intensity="9.129296e-003" type="0"/>
    <Peak1D F1="5.260277" intensity="1.056990e-002" type="0"/>
    <Peak1D F1="5.244426" intensity="1.518300e-003" type="0"/>
    <Peak1D F1="5.217190" intensity="1.808904e-002" type="0"/>
    <Peak1D F1="5.214149" intensity="1.455206e-002" type="0"/>
    <Peak1D F1="5.191483" intensity="1.057506e-002" type="0"/>
    <Peak1D F1="5.189067" intensity="1.009302e-002" type="0"/>
    <Peak1D F1="5.186502" intensity="9.014280e-003" type="0"/>
    <Peak1D F1="5.163054" intensity="3.557821e-003" type="0"/>
    <Peak1D F1="5.152764" intensity="4.776338e-003" type="0"/>
    <Peak1D F1="5.128690" intensity="1.408294e-002" type="0"/>
    <Peak1D F1="5.078731" intensity="7.968782e-001" type="0"/>
    <Peak1D F1="5.074839" intensity="1.666639e+000" type="0"/>
    <Peak1D F1="5.069893" intensity="1.841119e+000" type="0"/>
    <Peak1D F1="5.066187" intensity="9.164565e-001" type="0"/>
    <Peak1D F1="5.036036" intensity="7.828757e-001" type="0"/>
    <Peak1D F1="5.032323" intensity="1.607485e+000" type="0"/>
    <Peak1D F1="5.027141" intensity="2.123242e+000" type="0"/>
    <Peak1D F1="5.022592" intensity="2.397399e+000" type="0"/>
    <Peak1D F1="5.017272" intensity="1.732748e+000" type="0"/>
    <Peak1D F1="4.997360" intensity="1.761656e+000" type="0"/>
    <Peak1D F1="4.994781" intensity="1.600838e+000" type="0"/>
    <Peak1D F1="4.992244" intensity="1.561698e+000" type="0"/>
    <Peak1D F1="4.934856" intensity="6.778140e-003" type="0"/>
    <Peak1D F1="4.930477" intensity="7.522107e-003" type="0"/>
    <Peak1D F1="4.880050" intensity="1.058723e-002" type="0"/>
    <Peak1D F1="4.875280" intensity="1.140265e-002" type="0"/>
    <Peak1D F1="4.837463" intensity="1.002091e-002" type="0"/>
    <Peak1D F1="4.832839" intensity="1.112659e-002" type="0"/>
    <Peak1D F1="4.827544" intensity="8.893386e-003" type="0"/>
    <Peak1D F1="4.823811" intensity="1.063177e-002" type="0"/>
    <Peak1D F1="4.798736" intensity="9.585205e-003" type="0"/>
    <Peak1D F1="4.613378" intensity="1.038439e-003" type="0"/>
    <Peak1D F1="4.598412" intensity="6.870118e-004" type="0"/>
    <Peak1D F1="4.159164" intensity="2.735199e-003" type="0"/>
    <Peak1D F1="4.134782" intensity="2.917889e-004" type="0"/>
    <Peak1D F1="4.098352" intensity="7.891044e-004" type="0"/>
    <Peak1D F1="4.084012" intensity="8.758929e-004" type="0"/>
    <Peak1D F1="4.076732" intensity="1.032394e-003" type="0"/>
    <Peak1D F1="4.061547" intensity="7.517132e-004" type="0"/>
    <Peak1D F1="4.054903" intensity="8.036703e-004" type="0"/>
    <Peak1D F1="4.014401" intensity="1.892166e-003" type="0"/>
    <Peak1D F1="4.002429" intensity="1.931233e-003" type="0"/>
    <Peak1D F1="3.978308" intensity="2.488354e-003" type="0"/>
    <Peak1D F1="3.953522" intensity="3.547861e-003" type="0"/>
    <Peak1D F1="3.944494" intensity="4.440308e-003" type="0"/>
    <Peak1D F1="3.917204" intensity="1.300062e-001" type="0"/>
    <Peak1D F1="3.836127" intensity="7.164895e-002" type="0"/>
    <Peak1D F1="3.825116" intensity="9.476598e-002" type="0"/>
    <Peak1D F1="3.819050" intensity="4.957170e-002" type="0"/>
    <Peak1D F1="3.797929" intensity="8.940385e-002" type="0"/>
    <Peak1D F1="3.788643" intensity="9.324449e-002" type="0"/>
    <Peak1D F1="3.781438" intensity="1.243643e-001" type="0"/>
    <Peak1D F1="3.739285" intensity="1.500000e+001" type="0"/>
    <Peak1D F1="3.694960" intensity="1.491620e-001" type="0"/>
    <Peak1D F1="3.682725" intensity="9.063978e-002" type="0"/>
    <Peak1D F1="3.660289" intensity="1.295369e-001" type="0"/>
    <Peak1D F1="3.587547" intensity="1.873004e-002" type="0"/>
    <Peak1D F1="3.576791" intensity="1.989638e-002" type="0"/>
    <Peak1D F1="3.557342" intensity="1.325981e-001" type="0"/>
    <Peak1D F1="3.529896" intensity="5.946232e-003" type="0"/>
    <Peak1D F1="3.503707" intensity="3.806624e-003" type="0"/>
    <Peak1D F1="3.472431" intensity="5.977139e-003" type="0"/>
    <Peak1D F1="3.456708" intensity="5.144546e-003" type="0"/>
    <Peak1D F1="3.416414" intensity="2.162716e-002" type="0"/>
    <Peak1D F1="3.399662" intensity="2.044705e-002" type="0"/>
    <Peak1D F1="3.372312" intensity="6.099594e-003" type="0"/>
    <Peak1D F1="3.354172" intensity="7.817089e-003" type="0"/>
    <Peak1D F1="3.317765" intensity="2.747429e-002" type="0"/>
    <Peak1D F1="3.260295" intensity="3.588076e+000" type="0"/>
    <Peak1D F1="3.243382" intensity="3.658578e+000" type="0"/>
    <Peak1D F1="3.174108" intensity="1.557413e-002" type="0"/>
    <Peak1D F1="3.100435" intensity="2.549283e-002" type="0"/>
    <Peak1D F1="3.083828" intensity="2.345458e-002" type="0"/>
    <Peak1D F1="3.007752" intensity="3.820425e-004" type="0"/>
    <Peak1D F1="2.989813" intensity="3.946984e-004" type="0"/>
    <Peak1D F1="2.787543" intensity="1.286891e-003" type="0"/>
    <Peak1D F1="2.778351" intensity="9.728917e-004" type="0"/>
    <Peak1D F1="2.761405" intensity="9.155446e-004" type="0"/>
    <Peak1D F1="2.750899" intensity="8.946027e-004" type="0"/>
    <Peak1D F1="2.736923" intensity="3.487542e-004" type="0"/>
    <Peak1D F1="2.669647" intensity="6.242309e-004" type="0"/>
    <Peak1D F1="2.663291" intensity="7.991215e-004" type="0"/>
    <Peak1D F1="2.649807" intensity="1.314011e-003" type="0"/>
    <Peak1D F1="2.639294" intensity="2.901717e-004" type="0"/>
    <Peak1D F1="2.483712" intensity="1.791565e-001" type="0"/>
    <Peak1D F1="2.479375" intensity="2.366872e-001" type="0"/>
    <Peak1D F1="2.475027" intensity="1.779420e-001" type="0"/>
    <Peak1D F1="2.444369" intensity="1.681403e-003" type="0"/>
    <Peak1D F1="2.305961" intensity="8.333172e-004" type="0"/>
    <Peak1D F1="2.278227" intensity="4.466391e-004" type="0"/>
    <Peak1D F1="2.264389" intensity="1.113732e-003" type="0"/>
    <Peak1D F1="2.230413" intensity="6.503822e-003" type="0"/>
    <Peak1D F1="2.149592" intensity="4.985129e-004" type="0"/>
    <Peak1D F1="2.141618" intensity="3.728793e-004" type="0"/>
    <Peak1D F1="2.131154" intensity="3.820575e-004" type="0"/>
    <Peak1D F1="2.120999" intensity="3.302255e-004" type="0"/>
    <Peak1D F1="2.111829" intensity="3.320382e-004" type="0"/>
    <Peak1D F1="2.099672" intensity="3.196789e-004" type="0"/>
    <Peak1D F1="2.070346" intensity="1.226597e-003" type="0"/>
    <Peak1D F1="2.063285" intensity="1.514066e-003" type="0"/>
    <Peak1D F1="2.054772" intensity="8.035160e-004" type="0"/>
    <Peak1D F1="2.038926" intensity="1.430362e-003" type="0"/>
    <Peak1D F1="2.025334" intensity="2.173555e-003" type="0"/>
    <Peak1D F1="1.994763" intensity="9.899711e-004" type="0"/>
    <Peak1D F1="1.975998" intensity="5.614556e-004" type="0"/>
    <Peak1D F1="1.968665" intensity="8.749341e-004" type="0"/>
    <Peak1D F1="1.930491" intensity="7.124362e-003" type="0"/>
    <Peak1D F1="1.917498" intensity="2.194645e-003" type="0"/>
    <Peak1D F1="1.905734" intensity="2.146498e-003" type="0"/>
    <Peak1D F1="1.877579" intensity="2.207704e-003" type="0"/>
    <Peak1D F1="1.844511" intensity="1.470844e-003" type="0"/>
    <Peak1D F1="1.815085" intensity="5.916067e-004" type="0"/>
    <Peak1D F1="1.760756" intensity="1.054986e-003" type="0"/>
    <Peak1D F1="1.743340" intensity="1.254769e-003" type="0"/>
    <Peak1D F1="1.713952" intensity="1.915436e-003" type="0"/>
    <Peak1D F1="1.688738" intensity="8.277881e-004" type="0"/>
    <Peak1D F1="1.644129" intensity="3.258380e-003" type="0"/>
    <Peak1D F1="1.620246" intensity="5.944741e-003" type="0"/>
    <Peak1D F1="1.602766" intensity="6.401757e-003" type="0"/>
    <Peak1D F1="1.584605" intensity="4.145348e-003" type="0"/>
    <Peak1D F1="1.568330" intensity="4.224707e-003" type="0"/>
    <Peak1D F1="1.560066" intensity="3.677907e-003" type="0"/>
    <Peak1D F1="1.539636" intensity="2.627645e-003" type="0"/>
    <Peak1D F1="1.521815" intensity="2.512961e-003" type="0"/>
    <Peak1D F1="1.493910" intensity="5.115915e-003" type="0"/>
    <Peak1D F1="1.412621" intensity="1.186720e-003" type="0"/>
    <Peak1D F1="1.376308" intensity="1.641619e-003" type="0"/>
    <Peak1D F1="1.318101" intensity="2.851162e-004" type="0"/>
    <Peak1D F1="1.301638" intensity="4.852037e-004" type="0"/>
    <Peak1D F1="1.292897" intensity="4.538234e-004" type="0"/>
    <Peak1D F1="1.274488" intensity="9.877201e-004" type="0"/>
    <Peak1D F1="1.262152" intensity="1.261181e-003" type="0"/>
    <Peak1D F1="1.234339" intensity="2.133142e-003" type="0"/>
    <Peak1D F1="1.215040" intensity="6.183560e-003" type="0"/>
    <Peak1D F1="1.194161" intensity="4.404656e-003" type="0"/>
    <Peak1D F1="1.176989" intensity="4.086710e-003" type="0"/>
    <Peak1D F1="1.157170" intensity="4.711715e-004" type="0"/>
    <Peak1D F1="1.145671" intensity="2.008875e-003" type="0"/>
    <Peak1D F1="1.135390" intensity="1.508769e-003" type="0"/>
    <Peak1D F1="1.130044" intensity="1.205235e-003" type="0"/>
    <Peak1D F1="1.113051" intensity="6.558950e-003" type="0"/>
    <Peak1D F1="1.100251" intensity="2.842684e-003" type="0"/>
    <Peak1D F1="1.095683" intensity="1.783498e-003" type="0"/>
    <Peak1D F1="1.077145" intensity="8.798198e-004" type="0"/>
    <Peak1D F1="1.067058" intensity="5.244108e-003" type="0"/>
    <Peak1D F1="1.034982" intensity="7.143878e-003" type="0"/>
    <Peak1D F1="1.027943" intensity="6.437252e-003" type="0"/>
    <Peak1D F1="1.002502" intensity="1.436556e-003" type="0"/>
    <Peak1D F1="0.995544" intensity="1.355277e-003" type="0"/>
    <Peak1D F1="0.986831" intensity="2.258304e-003" type="0"/>
    <Peak1D F1="0.976788" intensity="4.546887e-003" type="0"/>
    <Peak1D F1="0.964348" intensity="9.795716e-003" type="0"/>
    <Peak1D F1="0.960186" intensity="8.812591e-003" type="0"/>
    <Peak1D F1="0.955721" intensity="1.303404e-002" type="0"/>
    <Peak1D F1="0.939422" intensity="5.797557e-003" type="0"/>
    <Peak1D F1="0.931075" intensity="6.654912e-003" type="0"/>
    <Peak1D F1="0.913689" intensity="5.127396e-003" type="0"/>
    <Peak1D F1="0.898282" intensity="2.395767e-003" type="0"/>
    <Peak1D F1="0.889354" intensity="1.538841e-003" type="0"/>
    <Peak1D F1="0.880694" intensity="3.662413e-003" type="0"/>
    <Peak1D F1="0.862169" intensity="2.357500e-003" type="0"/>
    <Peak1D F1="0.852341" intensity="1.822992e-003" type="0"/>
    <Peak1D F1="0.832048" intensity="1.397128e-003" type="0"/>
    <Peak1D F1="0.810630" intensity="3.242128e-004" type="0"/>
    <Peak1D F1="0.763734" intensity="4.207658e-003" type="0"/>
    <Peak1D F1="0.746567" intensity="3.965563e-003" type="0"/>
    <Peak1D F1="0.657799" intensity="3.338687e-003" type="0"/>
    <Peak1D F1="0.640804" intensity="3.271840e-003" type="0"/>
    <Peak1D F1="0.007872" intensity="2.413609e-003" type="0"/>
    <Peak1D F1="-0.000148" intensity="5.878705e-002" type="0"/>
    <Peak1D F1="-0.008345" intensity="2.519996e-003" type="0"/>
    <Peak1D F1="-1.381132" intensity="2.921115e-004" type="0"/>
    <Peak1D F1="-1.556974" intensity="2.922056e-004" type="0"/>
    <Peak1D F1="-1.723885" intensity="3.502937e-004" type="0"/>
    <Peak1D F1="-1.747923" intensity="2.949224e-004" type="0"/>
    <Peak1D F1="-1.863627" intensity="3.023368e-004" type="0"/>
    <Peak1D F1="-1.867734" intensity="2.906855e-004" type="0"/>
    <Peak1D F1="-1.955595" intensity="3.008999e-004" type="0"/>
    <Peak1D F1="-2.005087" intensity="2.839885e-004" type="0"/>
    <Peak1D F1="-2.061123" intensity="3.100171e-004" type="0"/>
    <Peak1D F1="-2.089996" intensity="3.289722e-004" type="0"/>
    <Peak1D F1="-2.120550" intensity="3.117644e-004" type="0"/>
    <Peak1D F1="-2.237220" intensity="2.867264e-004" type="0"/>
  </PeakList1D>
</PeakList>
