<?xml version="1.0" encoding="UTF-8"?>
<PeakList>
  <PeakList1D>
    <PeakList1DHeader creator="root" date="2021-09-30T14:09:45.033+08:00" expNo="1" name="0930YC" owner="" procNo="1" source="D:/Zhi-Ming Zhang">
      <PeakPickDetails>F1=16.191410ppm, F2=-3.834133ppm, MI=0.00cm, MAXI=10000.00cm, PC=1.000
      </PeakPickDetails>
    </PeakList1DHeader>
    <Peak1D F1="5.568985" intensity="1.700809e-002" type="0"/>
    <Peak1D F1="5.545466" intensity="1.743535e-002" type="0"/>
    <Peak1D F1="5.514137" intensity="2.069192e-002" type="0"/>
    <Peak1D F1="5.498737" intensity="2.780331e-002" type="0"/>
    <Peak1D F1="5.474916" intensity="3.000125e-002" type="0"/>
    <Peak1D F1="5.459871" intensity="5.402318e-002" type="0"/>
    <Peak1D F1="5.428421" intensity="7.035876e-001" type="0"/>
    <Peak1D F1="5.411157" intensity="1.262507e+000" type="0"/>
    <Peak1D F1="5.401275" intensity="1.436148e+000" type="0"/>
    <Peak1D F1="5.383869" intensity="3.117863e+000" type="0"/>
    <Peak1D F1="5.368032" intensity="4.592897e+000" type="0"/>
    <Peak1D F1="5.352242" intensity="3.200738e+000" type="0"/>
    <Peak1D F1="5.334847" intensity="1.465003e+000" type="0"/>
    <Peak1D F1="5.325048" intensity="1.275363e+000" type="0"/>
    <Peak1D F1="5.307730" intensity="7.054288e-001" type="0"/>
    <Peak1D F1="5.232525" intensity="6.980652e-003" type="0"/>
    <Peak1D F1="5.214743" intensity="1.314198e-002" type="0"/>
    <Peak1D F1="5.187489" intensity="1.182476e-002" type="0"/>
    <Peak1D F1="5.161626" intensity="1.201774e-002" type="0"/>
    <Peak1D F1="4.708065" intensity="6.651058e-003" type="0"/>
    <Peak1D F1="4.502754" intensity="3.525440e+000" type="0"/>
    <Peak1D F1="4.489377" intensity="6.834747e+000" type="0"/>
    <Peak1D F1="4.476125" intensity="3.785311e+000" type="0"/>
    <Peak1D F1="4.450694" intensity="5.837364e-002" type="0"/>
    <Peak1D F1="4.437440" intensity="8.757129e-002" type="0"/>
    <Peak1D F1="4.424278" intensity="4.523279e-002" type="0"/>
    <Peak1D F1="4.324272" intensity="5.981518e-003" type="0"/>
    <Peak1D F1="3.610255" intensity="2.284271e-002" type="0"/>
    <Peak1D F1="3.592846" intensity="4.363355e-002" type="0"/>
    <Peak1D F1="3.579465" intensity="4.484704e-002" type="0"/>
    <Peak1D F1="3.562059" intensity="2.601174e-002" type="0"/>
    <Peak1D F1="3.486240" intensity="1.939592e+000" type="0"/>
    <Peak1D F1="3.437429" intensity="3.268300e+000" type="0"/>
    <Peak1D F1="3.423959" intensity="3.924070e+000" type="0"/>
    <Peak1D F1="3.419865" intensity="6.345989e+000" type="0"/>
    <Peak1D F1="3.406516" intensity="6.281878e+000" type="0"/>
    <Peak1D F1="3.402529" intensity="4.348773e+000" type="0"/>
    <Peak1D F1="3.389088" intensity="3.439125e+000" type="0"/>
    <Peak1D F1="3.259879" intensity="2.116455e-002" type="0"/>
    <Peak1D F1="3.242413" intensity="4.506047e-002" type="0"/>
    <Peak1D F1="3.229153" intensity="3.988497e-002" type="0"/>
    <Peak1D F1="3.211768" intensity="1.875943e-002" type="0"/>
    <Peak1D F1="2.519941" intensity="2.138253e-001" type="0"/>
    <Peak1D F1="2.515474" intensity="2.868755e-001" type="0"/>
    <Peak1D F1="2.511001" intensity="2.094651e-001" type="0"/>
    <Peak1D F1="2.363594" intensity="1.473177e-002" type="0"/>
    <Peak1D F1="2.346384" intensity="3.823856e-002" type="0"/>
    <Peak1D F1="2.329357" intensity="4.017973e-002" type="0"/>
    <Peak1D F1="2.311881" intensity="2.223197e-002" type="0"/>
    <Peak1D F1="2.251248" intensity="4.674377e-002" type="0"/>
    <Peak1D F1="2.233114" intensity="9.644444e-002" type="0"/>
    <Peak1D F1="2.208238" intensity="2.015754e+000" type="0"/>
    <Peak1D F1="2.191565" intensity="5.391968e+000" type="0"/>
    <Peak1D F1="2.174402" intensity="5.736377e+000" type="0"/>
    <Peak1D F1="2.157098" intensity="2.336265e+000" type="0"/>
    <Peak1D F1="2.139848" intensity="1.218424e-001" type="0"/>
    <Peak1D F1="2.121659" intensity="8.440512e-002" type="0"/>
    <Peak1D F1="2.103434" intensity="3.963325e-002" type="0"/>
    <Peak1D F1="2.060230" intensity="1.137739e+000" type="0"/>
    <Peak1D F1="2.041812" intensity="3.861230e+000" type="0"/>
    <Peak1D F1="2.023295" intensity="5.391782e+000" type="0"/>
    <Peak1D F1="2.005047" intensity="3.790929e+000" type="0"/>
    <Peak1D F1="1.987583" intensity="1.128147e+000" type="0"/>
    <Peak1D F1="1.901868" intensity="1.136134e-002" type="0"/>
    <Peak1D F1="1.883016" intensity="2.635063e-002" type="0"/>
    <Peak1D F1="1.864453" intensity="3.593076e-002" type="0"/>
    <Peak1D F1="1.846154" intensity="2.381503e-002" type="0"/>
    <Peak1D F1="1.604509" intensity="9.467050e-003" type="0"/>
    <Peak1D F1="1.565876" intensity="1.685314e-002" type="0"/>
    <Peak1D F1="1.477631" intensity="8.154040e-003" type="0"/>
    <Peak1D F1="1.272204" intensity="1.030036e-002" type="0"/>
    <Peak1D F1="1.153786" intensity="2.825051e-002" type="0"/>
    <Peak1D F1="1.105980" intensity="6.507065e-002" type="0"/>
    <Peak1D F1="1.087180" intensity="1.263877e-001" type="0"/>
    <Peak1D F1="1.068226" intensity="7.322246e-002" type="0"/>
    <Peak1D F1="1.048661" intensity="3.236594e-002" type="0"/>
    <Peak1D F1="0.950361" intensity="9.027381e+000" type="0"/>
    <Peak1D F1="0.931342" intensity="1.500000e+001" type="0"/>
    <Peak1D F1="0.912585" intensity="9.232488e+000" type="0"/>
    <Peak1D F1="0.791222" intensity="7.009641e-002" type="0"/>
    <Peak1D F1="0.772431" intensity="1.294937e-001" type="0"/>
    <Peak1D F1="0.753616" intensity="6.472684e-002" type="0"/>
    <Peak1D F1="-0.000148" intensity="5.870222e-002" type="0"/>
  </PeakList1D>
</PeakList>
