<?xml version="1.0" encoding="UTF-8"?>
<PeakList>
  <PeakList1D>
    <PeakList1DHeader creator="root" date="2021-09-30T14:15:26.315+08:00" expNo="1" name="0930XYC" owner="" procNo="1" source="D:/Zhi-Ming Zhang">
      <PeakPickDetails>F1=16.182961ppm, F2=-3.842582ppm, MI=0.00cm, MAXI=10000.00cm, PC=1.000
      </PeakPickDetails>
    </PeakList1DHeader>
    <Peak1D F1="10.189773" intensity="4.983347e-002" type="0"/>
    <Peak1D F1="9.954054" intensity="5.783834e-002" type="0"/>
    <Peak1D F1="9.934038" intensity="5.891079e-002" type="0"/>
    <Peak1D F1="9.853161" intensity="1.967816e-002" type="0"/>
    <Peak1D F1="9.832835" intensity="2.013309e-002" type="0"/>
    <Peak1D F1="5.789247" intensity="3.299588e-002" type="0"/>
    <Peak1D F1="5.769275" intensity="2.430192e-002" type="0"/>
    <Peak1D F1="5.477276" intensity="1.229630e-002" type="0"/>
    <Peak1D F1="5.307718" intensity="1.123501e+000" type="0"/>
    <Peak1D F1="5.305366" intensity="1.145330e+000" type="0"/>
    <Peak1D F1="5.291798" intensity="2.246835e+000" type="0"/>
    <Peak1D F1="5.289296" intensity="2.245172e+000" type="0"/>
    <Peak1D F1="5.275826" intensity="1.249955e+000" type="0"/>
    <Peak1D F1="5.273460" intensity="1.215187e+000" type="0"/>
    <Peak1D F1="5.110556" intensity="1.026037e+000" type="0"/>
    <Peak1D F1="5.093750" intensity="2.053155e+000" type="0"/>
    <Peak1D F1="5.076355" intensity="1.153811e+000" type="0"/>
    <Peak1D F1="4.903901" intensity="1.485880e-002" type="0"/>
    <Peak1D F1="4.829625" intensity="2.102191e-002" type="0"/>
    <Peak1D F1="4.434684" intensity="1.830809e+000" type="0"/>
    <Peak1D F1="4.421496" intensity="3.811781e+000" type="0"/>
    <Peak1D F1="4.408394" intensity="2.080695e+000" type="0"/>
    <Peak1D F1="4.130787" intensity="2.860081e-002" type="0"/>
    <Peak1D F1="3.973614" intensity="2.903927e+000" type="0"/>
    <Peak1D F1="3.959132" intensity="4.725339e+000" type="0"/>
    <Peak1D F1="3.944937" intensity="2.853962e+000" type="0"/>
    <Peak1D F1="3.783229" intensity="3.477595e-002" type="0"/>
    <Peak1D F1="3.536488" intensity="1.584187e-002" type="0"/>
    <Peak1D F1="3.474050" intensity="1.962173e-002" type="0"/>
    <Peak1D F1="3.407535" intensity="9.150085e-001" type="0"/>
    <Peak1D F1="2.794276" intensity="1.463901e-002" type="0"/>
    <Peak1D F1="2.780853" intensity="2.048074e-002" type="0"/>
    <Peak1D F1="2.767023" intensity="1.384720e-002" type="0"/>
    <Peak1D F1="2.639862" intensity="2.101182e-002" type="0"/>
    <Peak1D F1="2.607993" intensity="1.581547e-002" type="0"/>
    <Peak1D F1="2.589556" intensity="3.024240e-002" type="0"/>
    <Peak1D F1="2.570980" intensity="1.869529e-002" type="0"/>
    <Peak1D F1="2.511378" intensity="2.558233e-001" type="0"/>
    <Peak1D F1="2.507077" intensity="3.373763e-001" type="0"/>
    <Peak1D F1="2.502784" intensity="2.486620e-001" type="0"/>
    <Peak1D F1="2.203072" intensity="9.059698e-002" type="0"/>
    <Peak1D F1="2.191514" intensity="6.528345e-002" type="0"/>
    <Peak1D F1="2.176308" intensity="6.003778e-002" type="0"/>
    <Peak1D F1="2.149757" intensity="2.436952e-001" type="0"/>
    <Peak1D F1="2.089727" intensity="8.761347e-001" type="0"/>
    <Peak1D F1="2.072112" intensity="2.396637e+000" type="0"/>
    <Peak1D F1="2.052617" intensity="3.067782e+000" type="0"/>
    <Peak1D F1="2.035979" intensity="1.718626e+000" type="0"/>
    <Peak1D F1="2.008952" intensity="3.050520e-001" type="0"/>
    <Peak1D F1="1.980923" intensity="3.459653e+000" type="0"/>
    <Peak1D F1="1.960773" intensity="3.548232e+000" type="0"/>
    <Peak1D F1="1.943493" intensity="1.639463e+000" type="0"/>
    <Peak1D F1="1.824200" intensity="3.221545e-002" type="0"/>
    <Peak1D F1="1.804645" intensity="1.215933e-001" type="0"/>
    <Peak1D F1="1.744935" intensity="1.241417e-001" type="0"/>
    <Peak1D F1="1.731402" intensity="1.389516e-001" type="0"/>
    <Peak1D F1="1.678081" intensity="4.660576e-001" type="0"/>
    <Peak1D F1="1.649556" intensity="1.223407e+001" type="0"/>
    <Peak1D F1="1.589260" intensity="1.373000e+001" type="0"/>
    <Peak1D F1="1.575426" intensity="1.500000e+001" type="0"/>
    <Peak1D F1="1.492834" intensity="1.821153e-001" type="0"/>
    <Peak1D F1="1.430970" intensity="1.415415e-001" type="0"/>
    <Peak1D F1="1.418865" intensity="1.384913e-001" type="0"/>
    <Peak1D F1="1.373304" intensity="3.895122e-002" type="0"/>
    <Peak1D F1="1.239012" intensity="8.272524e-002" type="0"/>
    <Peak1D F1="1.225159" intensity="1.225683e-001" type="0"/>
    <Peak1D F1="1.200227" intensity="1.817445e-001" type="0"/>
    <Peak1D F1="1.195129" intensity="1.364389e-001" type="0"/>
    <Peak1D F1="1.183795" intensity="7.029161e-002" type="0"/>
    <Peak1D F1="1.124390" intensity="4.229548e-002" type="0"/>
    <Peak1D F1="1.066421" intensity="3.982442e-002" type="0"/>
    <Peak1D F1="1.047296" intensity="4.535416e-002" type="0"/>
    <Peak1D F1="0.889059" intensity="1.680929e-002" type="0"/>
    <Peak1D F1="-0.000148" intensity="7.547282e-002" type="0"/>
  </PeakList1D>
</PeakList>
