<?xml version="1.0" encoding="UTF-8"?>
<PeakList>
  <PeakList1D>
    <PeakList1DHeader creator="root" date="2021-09-14T08:26:44.345+08:00" expNo="1" name="0914KNZ" owner="" procNo="1" source="D:/Zhi-Ming Zhang">
      <PeakPickDetails>F1=16.178570ppm, F2=-3.846973ppm, MI=0.00cm, MAXI=10000.00cm, PC=1.000
      </PeakPickDetails>
    </PeakList1DHeader>
    <Peak1D F1="14.398762" intensity="4.232452e-004" type="0"/>
    <Peak1D F1="14.352401" intensity="4.689588e-004" type="0"/>
    <Peak1D F1="14.326481" intensity="4.086139e-004" type="0"/>
    <Peak1D F1="14.274689" intensity="4.243592e-004" type="0"/>
    <Peak1D F1="14.187106" intensity="4.370834e-004" type="0"/>
    <Peak1D F1="14.135718" intensity="4.256746e-004" type="0"/>
    <Peak1D F1="14.120424" intensity="4.648793e-004" type="0"/>
    <Peak1D F1="14.052007" intensity="4.176854e-004" type="0"/>
    <Peak1D F1="13.984036" intensity="4.318377e-004" type="0"/>
    <Peak1D F1="13.909530" intensity="4.530914e-004" type="0"/>
    <Peak1D F1="13.890944" intensity="4.226332e-004" type="0"/>
    <Peak1D F1="13.864780" intensity="4.277946e-004" type="0"/>
    <Peak1D F1="13.840087" intensity="4.044246e-004" type="0"/>
    <Peak1D F1="13.795702" intensity="4.408211e-004" type="0"/>
    <Peak1D F1="13.784611" intensity="4.383240e-004" type="0"/>
    <Peak1D F1="13.738475" intensity="4.692044e-004" type="0"/>
    <Peak1D F1="13.710898" intensity="4.108952e-004" type="0"/>
    <Peak1D F1="13.703998" intensity="4.527750e-004" type="0"/>
    <Peak1D F1="13.670601" intensity="4.137661e-004" type="0"/>
    <Peak1D F1="13.661425" intensity="4.721633e-004" type="0"/>
    <Peak1D F1="13.645283" intensity="4.197400e-004" type="0"/>
    <Peak1D F1="13.594759" intensity="4.425652e-004" type="0"/>
    <Peak1D F1="13.478530" intensity="4.546501e-004" type="0"/>
    <Peak1D F1="13.321882" intensity="4.503755e-004" type="0"/>
    <Peak1D F1="13.158922" intensity="4.475123e-004" type="0"/>
    <Peak1D F1="13.105936" intensity="4.061338e-004" type="0"/>
    <Peak1D F1="13.068862" intensity="4.045402e-004" type="0"/>
    <Peak1D F1="12.711787" intensity="4.298027e-004" type="0"/>
    <Peak1D F1="8.373940" intensity="4.252726e-004" type="0"/>
    <Peak1D F1="8.238502" intensity="4.892872e-004" type="0"/>
    <Peak1D F1="8.205263" intensity="4.548442e-004" type="0"/>
    <Peak1D F1="8.147820" intensity="4.258853e-004" type="0"/>
    <Peak1D F1="8.122530" intensity="5.017538e-004" type="0"/>
    <Peak1D F1="8.092438" intensity="9.002193e-004" type="0"/>
    <Peak1D F1="7.986724" intensity="8.878476e-004" type="0"/>
    <Peak1D F1="7.964048" intensity="8.208001e-004" type="0"/>
    <Peak1D F1="7.941973" intensity="5.627842e-004" type="0"/>
    <Peak1D F1="7.858340" intensity="6.876389e-004" type="0"/>
    <Peak1D F1="7.812092" intensity="7.663617e-004" type="0"/>
    <Peak1D F1="7.792016" intensity="7.765357e-004" type="0"/>
    <Peak1D F1="7.768087" intensity="6.992821e-004" type="0"/>
    <Peak1D F1="7.731291" intensity="6.793621e-004" type="0"/>
    <Peak1D F1="7.689601" intensity="1.021801e-003" type="0"/>
    <Peak1D F1="7.674474" intensity="8.518770e-004" type="0"/>
    <Peak1D F1="7.638422" intensity="1.036250e-003" type="0"/>
    <Peak1D F1="7.620012" intensity="9.134914e-004" type="0"/>
    <Peak1D F1="7.585643" intensity="8.122062e-004" type="0"/>
    <Peak1D F1="7.530470" intensity="1.128371e-003" type="0"/>
    <Peak1D F1="7.510864" intensity="1.149776e-003" type="0"/>
    <Peak1D F1="7.492428" intensity="9.733257e-004" type="0"/>
    <Peak1D F1="7.427272" intensity="1.401879e-003" type="0"/>
    <Peak1D F1="7.366113" intensity="1.115484e-003" type="0"/>
    <Peak1D F1="7.353122" intensity="1.344543e-003" type="0"/>
    <Peak1D F1="7.309730" intensity="1.203457e-003" type="0"/>
    <Peak1D F1="7.292475" intensity="1.372679e-003" type="0"/>
    <Peak1D F1="7.272958" intensity="1.326477e-003" type="0"/>
    <Peak1D F1="7.261880" intensity="1.258042e-003" type="0"/>
    <Peak1D F1="7.199208" intensity="1.060738e-003" type="0"/>
    <Peak1D F1="7.168867" intensity="1.106220e-003" type="0"/>
    <Peak1D F1="7.098168" intensity="1.136140e-003" type="0"/>
    <Peak1D F1="7.051086" intensity="1.211316e-003" type="0"/>
    <Peak1D F1="7.011151" intensity="1.234325e-003" type="0"/>
    <Peak1D F1="6.984309" intensity="1.489504e-003" type="0"/>
    <Peak1D F1="6.966768" intensity="1.474947e-003" type="0"/>
    <Peak1D F1="6.940824" intensity="1.421324e-003" type="0"/>
    <Peak1D F1="6.920635" intensity="1.445993e-003" type="0"/>
    <Peak1D F1="6.888376" intensity="1.385054e-003" type="0"/>
    <Peak1D F1="6.868186" intensity="1.680416e-003" type="0"/>
    <Peak1D F1="6.835731" intensity="1.496276e-003" type="0"/>
    <Peak1D F1="6.802205" intensity="1.494130e-003" type="0"/>
    <Peak1D F1="6.785610" intensity="1.513797e-003" type="0"/>
    <Peak1D F1="6.771484" intensity="1.538534e-003" type="0"/>
    <Peak1D F1="6.745628" intensity="1.553498e-003" type="0"/>
    <Peak1D F1="6.697731" intensity="1.629270e-003" type="0"/>
    <Peak1D F1="6.658130" intensity="1.660284e-003" type="0"/>
    <Peak1D F1="6.629220" intensity="1.732523e-003" type="0"/>
    <Peak1D F1="6.611676" intensity="1.735881e-003" type="0"/>
    <Peak1D F1="6.588452" intensity="1.832166e-003" type="0"/>
    <Peak1D F1="6.570624" intensity="1.892623e-003" type="0"/>
    <Peak1D F1="6.534547" intensity="1.815016e-003" type="0"/>
    <Peak1D F1="6.497671" intensity="1.892931e-003" type="0"/>
    <Peak1D F1="6.446687" intensity="1.911908e-003" type="0"/>
    <Peak1D F1="6.428632" intensity="1.913858e-003" type="0"/>
    <Peak1D F1="6.410679" intensity="2.009034e-003" type="0"/>
    <Peak1D F1="6.358771" intensity="2.069081e-003" type="0"/>
    <Peak1D F1="6.345098" intensity="2.064467e-003" type="0"/>
    <Peak1D F1="6.279470" intensity="2.245792e-003" type="0"/>
    <Peak1D F1="6.270178" intensity="2.207823e-003" type="0"/>
    <Peak1D F1="6.225567" intensity="2.310843e-003" type="0"/>
    <Peak1D F1="6.146441" intensity="2.406560e-003" type="0"/>
    <Peak1D F1="6.095789" intensity="2.516084e-003" type="0"/>
    <Peak1D F1="6.061606" intensity="2.594775e-003" type="0"/>
    <Peak1D F1="6.040557" intensity="2.621539e-003" type="0"/>
    <Peak1D F1="5.999867" intensity="2.693381e-003" type="0"/>
    <Peak1D F1="5.977826" intensity="2.846014e-003" type="0"/>
    <Peak1D F1="5.953726" intensity="2.857380e-003" type="0"/>
    <Peak1D F1="5.904429" intensity="2.923373e-003" type="0"/>
    <Peak1D F1="5.888741" intensity="3.071779e-003" type="0"/>
    <Peak1D F1="5.861267" intensity="3.096111e-003" type="0"/>
    <Peak1D F1="5.799137" intensity="3.293331e-003" type="0"/>
    <Peak1D F1="5.761035" intensity="3.322436e-003" type="0"/>
    <Peak1D F1="5.743121" intensity="3.389400e-003" type="0"/>
    <Peak1D F1="5.703609" intensity="4.113794e-003" type="0"/>
    <Peak1D F1="5.683412" intensity="3.592703e-003" type="0"/>
    <Peak1D F1="5.666806" intensity="3.634389e-003" type="0"/>
    <Peak1D F1="5.649324" intensity="3.658690e-003" type="0"/>
    <Peak1D F1="5.635272" intensity="3.683627e-003" type="0"/>
    <Peak1D F1="5.629949" intensity="3.658802e-003" type="0"/>
    <Peak1D F1="5.596654" intensity="3.867861e-003" type="0"/>
    <Peak1D F1="5.585045" intensity="3.951049e-003" type="0"/>
    <Peak1D F1="5.550511" intensity="4.258076e-003" type="0"/>
    <Peak1D F1="5.530354" intensity="4.607015e-003" type="0"/>
    <Peak1D F1="5.515093" intensity="4.693129e-003" type="0"/>
    <Peak1D F1="5.501697" intensity="4.690592e-003" type="0"/>
    <Peak1D F1="5.486181" intensity="4.678573e-003" type="0"/>
    <Peak1D F1="5.461777" intensity="4.522413e-003" type="0"/>
    <Peak1D F1="5.417249" intensity="4.888123e-003" type="0"/>
    <Peak1D F1="5.405748" intensity="5.024817e-003" type="0"/>
    <Peak1D F1="5.371650" intensity="5.041923e-003" type="0"/>
    <Peak1D F1="5.346164" intensity="5.147535e-003" type="0"/>
    <Peak1D F1="5.307853" intensity="5.457104e-003" type="0"/>
    <Peak1D F1="5.264817" intensity="5.595902e-003" type="0"/>
    <Peak1D F1="5.200988" intensity="6.110832e-003" type="0"/>
    <Peak1D F1="5.176415" intensity="6.297543e-003" type="0"/>
    <Peak1D F1="5.090523" intensity="7.222043e-003" type="0"/>
    <Peak1D F1="5.072035" intensity="7.261968e-003" type="0"/>
    <Peak1D F1="5.018469" intensity="7.753100e-003" type="0"/>
    <Peak1D F1="4.978151" intensity="8.497880e-003" type="0"/>
    <Peak1D F1="4.935868" intensity="8.996787e-003" type="0"/>
    <Peak1D F1="4.804755" intensity="1.327151e-002" type="0"/>
    <Peak1D F1="4.790548" intensity="1.367209e-002" type="0"/>
    <Peak1D F1="4.668747" intensity="2.518948e-002" type="0"/>
    <Peak1D F1="4.650321" intensity="3.298361e-002" type="0"/>
    <Peak1D F1="4.634701" intensity="3.955901e-002" type="0"/>
    <Peak1D F1="4.618798" intensity="3.694727e-002" type="0"/>
    <Peak1D F1="4.599968" intensity="3.314807e-002" type="0"/>
    <Peak1D F1="4.483788" intensity="1.059936e+000" type="0"/>
    <Peak1D F1="4.465036" intensity="2.167543e+000" type="0"/>
    <Peak1D F1="4.449500" intensity="3.070759e+000" type="0"/>
    <Peak1D F1="4.433772" intensity="2.194566e+000" type="0"/>
    <Peak1D F1="4.414907" intensity="9.071937e-001" type="0"/>
    <Peak1D F1="4.293806" intensity="1.385584e-003" type="0"/>
    <Peak1D F1="4.288330" intensity="2.767482e-003" type="0"/>
    <Peak1D F1="4.275112" intensity="1.312012e-002" type="0"/>
    <Peak1D F1="4.260317" intensity="1.406238e-002" type="0"/>
    <Peak1D F1="4.248883" intensity="1.576963e-003" type="0"/>
    <Peak1D F1="3.958932" intensity="5.390729e-003" type="0"/>
    <Peak1D F1="3.935385" intensity="6.936048e-003" type="0"/>
    <Peak1D F1="3.931698" intensity="5.069262e-003" type="0"/>
    <Peak1D F1="3.908195" intensity="4.851667e-003" type="0"/>
    <Peak1D F1="3.640746" intensity="1.548922e-003" type="0"/>
    <Peak1D F1="3.630608" intensity="2.347529e-003" type="0"/>
    <Peak1D F1="3.597762" intensity="2.420052e-002" type="0"/>
    <Peak1D F1="3.592925" intensity="2.031046e-002" type="0"/>
    <Peak1D F1="3.583585" intensity="1.069020e-001" type="0"/>
    <Peak1D F1="3.392151" intensity="3.308875e-002" type="0"/>
    <Peak1D F1="3.377278" intensity="3.469060e-002" type="0"/>
    <Peak1D F1="3.277464" intensity="7.566414e-001" type="0"/>
    <Peak1D F1="3.079052" intensity="6.612524e-004" type="0"/>
    <Peak1D F1="3.056045" intensity="6.106379e-004" type="0"/>
    <Peak1D F1="2.957187" intensity="1.354886e-003" type="0"/>
    <Peak1D F1="2.919680" intensity="1.970291e-003" type="0"/>
    <Peak1D F1="2.912997" intensity="2.127714e-003" type="0"/>
    <Peak1D F1="2.888594" intensity="2.722244e-003" type="0"/>
    <Peak1D F1="2.868912" intensity="3.356817e-003" type="0"/>
    <Peak1D F1="2.824966" intensity="4.811336e-003" type="0"/>
    <Peak1D F1="2.775511" intensity="7.773219e-003" type="0"/>
    <Peak1D F1="2.744250" intensity="1.151229e-002" type="0"/>
    <Peak1D F1="2.740340" intensity="1.086931e-002" type="0"/>
    <Peak1D F1="2.718832" intensity="1.600081e-002" type="0"/>
    <Peak1D F1="2.708889" intensity="1.294011e-002" type="0"/>
    <Peak1D F1="2.695184" intensity="2.316632e-002" type="0"/>
    <Peak1D F1="2.675125" intensity="3.225507e-002" type="0"/>
    <Peak1D F1="2.671512" intensity="2.558018e-002" type="0"/>
    <Peak1D F1="2.651560" intensity="5.138060e-002" type="0"/>
    <Peak1D F1="2.634265" intensity="3.566404e-002" type="0"/>
    <Peak1D F1="2.629234" intensity="5.811501e-002" type="0"/>
    <Peak1D F1="2.618853" intensity="4.689293e-002" type="0"/>
    <Peak1D F1="2.609284" intensity="5.989272e-002" type="0"/>
    <Peak1D F1="2.606709" intensity="5.361668e-002" type="0"/>
    <Peak1D F1="2.595463" intensity="5.820988e-002" type="0"/>
    <Peak1D F1="2.589664" intensity="6.026800e-002" type="0"/>
    <Peak1D F1="2.584828" intensity="6.891736e-002" type="0"/>
    <Peak1D F1="2.555796" intensity="1.114008e+000" type="0"/>
    <Peak1D F1="2.532032" intensity="2.412883e+000" type="0"/>
    <Peak1D F1="2.512033" intensity="3.222032e+000" type="0"/>
    <Peak1D F1="2.508259" intensity="1.971971e+000" type="0"/>
    <Peak1D F1="2.501781" intensity="8.703483e-001" type="0"/>
    <Peak1D F1="2.496813" intensity="7.989954e-001" type="0"/>
    <Peak1D F1="2.488303" intensity="6.448184e+000" type="0"/>
    <Peak1D F1="2.464432" intensity="4.216783e+000" type="0"/>
    <Peak1D F1="2.460991" intensity="3.399849e+000" type="0"/>
    <Peak1D F1="2.450266" intensity="3.538481e+000" type="0"/>
    <Peak1D F1="2.437553" intensity="3.289672e+000" type="0"/>
    <Peak1D F1="2.427061" intensity="3.671199e+000" type="0"/>
    <Peak1D F1="2.417163" intensity="1.241652e+000" type="0"/>
    <Peak1D F1="2.406575" intensity="1.161053e+000" type="0"/>
    <Peak1D F1="2.393884" intensity="1.251901e+000" type="0"/>
    <Peak1D F1="2.383414" intensity="1.164623e+000" type="0"/>
    <Peak1D F1="2.366079" intensity="1.888420e-002" type="0"/>
    <Peak1D F1="2.358899" intensity="3.469094e-002" type="0"/>
    <Peak1D F1="2.346832" intensity="2.730676e-002" type="0"/>
    <Peak1D F1="2.339945" intensity="5.767436e-002" type="0"/>
    <Peak1D F1="2.321032" intensity="8.300428e-002" type="0"/>
    <Peak1D F1="2.306858" intensity="1.276098e+000" type="0"/>
    <Peak1D F1="2.296392" intensity="1.282155e+000" type="0"/>
    <Peak1D F1="2.290479" intensity="1.380331e+000" type="0"/>
    <Peak1D F1="2.283039" intensity="1.381644e+000" type="0"/>
    <Peak1D F1="2.279985" intensity="1.607591e+000" type="0"/>
    <Peak1D F1="2.275690" intensity="1.802595e+000" type="0"/>
    <Peak1D F1="2.273086" intensity="1.382905e+000" type="0"/>
    <Peak1D F1="2.265523" intensity="2.001612e+000" type="0"/>
    <Peak1D F1="2.259225" intensity="1.701903e+000" type="0"/>
    <Peak1D F1="2.256551" intensity="1.459776e+000" type="0"/>
    <Peak1D F1="2.252105" intensity="1.539135e+000" type="0"/>
    <Peak1D F1="2.248830" intensity="1.602023e+000" type="0"/>
    <Peak1D F1="2.241610" intensity="1.160297e+000" type="0"/>
    <Peak1D F1="2.235811" intensity="1.195307e+000" type="0"/>
    <Peak1D F1="2.225207" intensity="9.987893e-001" type="0"/>
    <Peak1D F1="2.085998" intensity="1.151344e-003" type="0"/>
    <Peak1D F1="2.070573" intensity="8.098191e-003" type="0"/>
    <Peak1D F1="2.065372" intensity="4.209770e-003" type="0"/>
    <Peak1D F1="2.038232" intensity="5.772552e-003" type="0"/>
    <Peak1D F1="2.018754" intensity="8.272029e-003" type="0"/>
    <Peak1D F1="2.014408" intensity="8.632228e-003" type="0"/>
    <Peak1D F1="1.994909" intensity="5.326959e-003" type="0"/>
    <Peak1D F1="1.976822" intensity="1.253576e-002" type="0"/>
    <Peak1D F1="1.961994" intensity="1.748393e-002" type="0"/>
    <Peak1D F1="1.958754" intensity="8.727005e-003" type="0"/>
    <Peak1D F1="1.952249" intensity="1.677116e-002" type="0"/>
    <Peak1D F1="1.945457" intensity="8.112291e-003" type="0"/>
    <Peak1D F1="1.937502" intensity="2.083847e-002" type="0"/>
    <Peak1D F1="1.930733" intensity="1.652801e-002" type="0"/>
    <Peak1D F1="1.920728" intensity="8.794955e-003" type="0"/>
    <Peak1D F1="1.914726" intensity="6.352414e-003" type="0"/>
    <Peak1D F1="1.905854" intensity="1.150946e-002" type="0"/>
    <Peak1D F1="1.898323" intensity="6.345929e-003" type="0"/>
    <Peak1D F1="1.882042" intensity="1.725031e-002" type="0"/>
    <Peak1D F1="1.873980" intensity="1.959187e-002" type="0"/>
    <Peak1D F1="1.860789" intensity="2.271014e-002" type="0"/>
    <Peak1D F1="1.847957" intensity="3.183751e-002" type="0"/>
    <Peak1D F1="1.840479" intensity="5.364935e-002" type="0"/>
    <Peak1D F1="1.837062" intensity="5.296316e-002" type="0"/>
    <Peak1D F1="1.819266" intensity="1.198886e+000" type="0"/>
    <Peak1D F1="1.799038" intensity="1.588003e+000" type="0"/>
    <Peak1D F1="1.795782" intensity="2.387466e+000" type="0"/>
    <Peak1D F1="1.788166" intensity="1.292727e+000" type="0"/>
    <Peak1D F1="1.775723" intensity="2.371444e+000" type="0"/>
    <Peak1D F1="1.772171" intensity="1.692658e+000" type="0"/>
    <Peak1D F1="1.768097" intensity="1.674702e+000" type="0"/>
    <Peak1D F1="1.764598" intensity="2.219085e+000" type="0"/>
    <Peak1D F1="1.752062" intensity="1.208655e+000" type="0"/>
    <Peak1D F1="1.744519" intensity="2.115801e+000" type="0"/>
    <Peak1D F1="1.741210" intensity="1.257079e+000" type="0"/>
    <Peak1D F1="1.720911" intensity="9.249383e-001" type="0"/>
    <Peak1D F1="1.685698" intensity="2.749448e-001" type="0"/>
    <Peak1D F1="1.675975" intensity="4.719554e-001" type="0"/>
    <Peak1D F1="1.666256" intensity="7.767721e-001" type="0"/>
    <Peak1D F1="1.655910" intensity="1.102255e+000" type="0"/>
    <Peak1D F1="1.652993" intensity="1.067296e+000" type="0"/>
    <Peak1D F1="1.642644" intensity="1.412037e+000" type="0"/>
    <Peak1D F1="1.637264" intensity="1.369202e+000" type="0"/>
    <Peak1D F1="1.633235" intensity="1.431942e+000" type="0"/>
    <Peak1D F1="1.623727" intensity="1.558670e+000" type="0"/>
    <Peak1D F1="1.619400" intensity="1.569286e+000" type="0"/>
    <Peak1D F1="1.600359" intensity="1.197194e+000" type="0"/>
    <Peak1D F1="1.582312" intensity="1.450387e+000" type="0"/>
    <Peak1D F1="1.568564" intensity="1.564007e+000" type="0"/>
    <Peak1D F1="1.559420" intensity="1.682307e+000" type="0"/>
    <Peak1D F1="1.548219" intensity="1.371985e+000" type="0"/>
    <Peak1D F1="1.540702" intensity="9.382361e-001" type="0"/>
    <Peak1D F1="1.525442" intensity="1.066998e+000" type="0"/>
    <Peak1D F1="1.511294" intensity="6.362616e-001" type="0"/>
    <Peak1D F1="1.493577" intensity="7.269739e-002" type="0"/>
    <Peak1D F1="1.487646" intensity="6.882284e-002" type="0"/>
    <Peak1D F1="1.479463" intensity="7.785454e-002" type="0"/>
    <Peak1D F1="1.465261" intensity="8.458721e-002" type="0"/>
    <Peak1D F1="1.458788" intensity="9.471632e-002" type="0"/>
    <Peak1D F1="1.420437" intensity="4.272186e-001" type="0"/>
    <Peak1D F1="1.406619" intensity="8.295429e-001" type="0"/>
    <Peak1D F1="1.400966" intensity="7.861177e-001" type="0"/>
    <Peak1D F1="1.387650" intensity="1.521459e+000" type="0"/>
    <Peak1D F1="1.374243" intensity="1.478778e+000" type="0"/>
    <Peak1D F1="1.363470" intensity="1.757875e+000" type="0"/>
    <Peak1D F1="1.352561" intensity="2.352655e+000" type="0"/>
    <Peak1D F1="1.338457" intensity="3.335863e+000" type="0"/>
    <Peak1D F1="1.319246" intensity="5.427840e+000" type="0"/>
    <Peak1D F1="1.305432" intensity="7.961737e+000" type="0"/>
    <Peak1D F1="1.291769" intensity="8.896291e+000" type="0"/>
    <Peak1D F1="1.284479" intensity="1.175729e+001" type="0"/>
    <Peak1D F1="1.181915" intensity="1.282006e-001" type="0"/>
    <Peak1D F1="1.169457" intensity="1.163342e-001" type="0"/>
    <Peak1D F1="1.164032" intensity="1.143036e-001" type="0"/>
    <Peak1D F1="1.147892" intensity="1.077268e-001" type="0"/>
    <Peak1D F1="1.133708" intensity="9.286650e-002" type="0"/>
    <Peak1D F1="1.128708" intensity="9.954279e-002" type="0"/>
    <Peak1D F1="1.111567" intensity="7.614072e-002" type="0"/>
    <Peak1D F1="1.068414" intensity="2.516919e-002" type="0"/>
    <Peak1D F1="1.048279" intensity="3.724381e-002" type="0"/>
    <Peak1D F1="1.031748" intensity="9.189775e-002" type="0"/>
    <Peak1D F1="1.014572" intensity="2.689375e-002" type="0"/>
    <Peak1D F1="1.004023" intensity="3.884860e-003" type="0"/>
    <Peak1D F1="0.938118" intensity="2.140801e-002" type="0"/>
    <Peak1D F1="0.894638" intensity="5.152113e+000" type="0"/>
    <Peak1D F1="0.877938" intensity="1.500000e+001" type="0"/>
    <Peak1D F1="0.860295" intensity="6.462513e+000" type="0"/>
    <Peak1D F1="0.737591" intensity="8.143415e-002" type="0"/>
    <Peak1D F1="0.720705" intensity="1.439593e-001" type="0"/>
    <Peak1D F1="0.703018" intensity="7.939752e-002" type="0"/>
    <Peak1D F1="0.451928" intensity="1.280312e-002" type="0"/>
    <Peak1D F1="0.321693" intensity="9.060779e-003" type="0"/>
    <Peak1D F1="0.259923" intensity="8.039702e-003" type="0"/>
    <Peak1D F1="0.145910" intensity="6.552069e-003" type="0"/>
    <Peak1D F1="0.024620" intensity="5.096891e-003" type="0"/>
    <Peak1D F1="0.007928" intensity="7.601055e-003" type="0"/>
    <Peak1D F1="-0.000155" intensity="9.397519e-002" type="0"/>
    <Peak1D F1="-0.008342" intensity="9.834134e-003" type="0"/>
    <Peak1D F1="-0.099108" intensity="4.287126e-003" type="0"/>
    <Peak1D F1="-0.149447" intensity="4.082373e-003" type="0"/>
    <Peak1D F1="-0.169885" intensity="3.848615e-003" type="0"/>
    <Peak1D F1="-0.257363" intensity="3.363930e-003" type="0"/>
    <Peak1D F1="-0.330532" intensity="2.891669e-003" type="0"/>
    <Peak1D F1="-0.336843" intensity="2.932338e-003" type="0"/>
    <Peak1D F1="-0.434431" intensity="2.585861e-003" type="0"/>
    <Peak1D F1="-0.499585" intensity="2.271689e-003" type="0"/>
    <Peak1D F1="-0.566316" intensity="2.005506e-003" type="0"/>
    <Peak1D F1="-0.611605" intensity="1.856684e-003" type="0"/>
    <Peak1D F1="-0.627347" intensity="1.958538e-003" type="0"/>
    <Peak1D F1="-0.673707" intensity="1.713395e-003" type="0"/>
    <Peak1D F1="-0.685345" intensity="1.679399e-003" type="0"/>
    <Peak1D F1="-0.689318" intensity="1.670155e-003" type="0"/>
    <Peak1D F1="-0.693516" intensity="1.763423e-003" type="0"/>
    <Peak1D F1="-0.706734" intensity="1.582342e-003" type="0"/>
    <Peak1D F1="-0.710506" intensity="1.722395e-003" type="0"/>
    <Peak1D F1="-0.728771" intensity="1.681246e-003" type="0"/>
    <Peak1D F1="-0.731600" intensity="1.520496e-003" type="0"/>
    <Peak1D F1="-0.742309" intensity="1.572426e-003" type="0"/>
    <Peak1D F1="-0.831620" intensity="1.345495e-003" type="0"/>
    <Peak1D F1="-0.883806" intensity="1.256814e-003" type="0"/>
    <Peak1D F1="-0.910697" intensity="1.215437e-003" type="0"/>
    <Peak1D F1="-0.933512" intensity="1.279052e-003" type="0"/>
    <Peak1D F1="-0.965335" intensity="1.065438e-003" type="0"/>
    <Peak1D F1="-1.006022" intensity="1.027465e-003" type="0"/>
    <Peak1D F1="-1.053391" intensity="1.054803e-003" type="0"/>
    <Peak1D F1="-1.074273" intensity="9.344139e-004" type="0"/>
    <Peak1D F1="-1.134568" intensity="8.167966e-004" type="0"/>
    <Peak1D F1="-1.156365" intensity="7.640869e-004" type="0"/>
    <Peak1D F1="-1.219713" intensity="7.573417e-004" type="0"/>
    <Peak1D F1="-1.253164" intensity="6.733005e-004" type="0"/>
    <Peak1D F1="-1.296934" intensity="5.321330e-004" type="0"/>
    <Peak1D F1="-1.304486" intensity="5.837882e-004" type="0"/>
    <Peak1D F1="-1.328311" intensity="5.471156e-004" type="0"/>
    <Peak1D F1="-1.343455" intensity="5.593066e-004" type="0"/>
    <Peak1D F1="-1.370592" intensity="5.360894e-004" type="0"/>
    <Peak1D F1="-1.381294" intensity="5.297957e-004" type="0"/>
    <Peak1D F1="-1.421408" intensity="5.339338e-004" type="0"/>
    <Peak1D F1="-1.425228" intensity="4.747607e-004" type="0"/>
    <Peak1D F1="-1.441371" intensity="4.597511e-004" type="0"/>
    <Peak1D F1="-1.481343" intensity="4.262591e-004" type="0"/>
    <Peak1D F1="-3.298967" intensity="4.483008e-004" type="0"/>
    <Peak1D F1="-3.348618" intensity="4.570643e-004" type="0"/>
    <Peak1D F1="-3.391111" intensity="4.354217e-004" type="0"/>
    <Peak1D F1="-3.415110" intensity="4.552091e-004" type="0"/>
    <Peak1D F1="-3.446795" intensity="4.913852e-004" type="0"/>
    <Peak1D F1="-3.463614" intensity="4.424115e-004" type="0"/>
    <Peak1D F1="-3.493559" intensity="4.728712e-004" type="0"/>
    <Peak1D F1="-3.511129" intensity="4.748967e-004" type="0"/>
  </PeakList1D>
</PeakList>
