<?xml version="1.0" encoding="UTF-8"?>
<PeakList>
  <PeakList1D>
    <PeakList1DHeader creator="root" date="2021-09-27T15:47:07.174+08:00" expNo="1" name="0927xj19" owner="" procNo="1" source="D:/Zhi-Ming Zhang">
      <PeakPickDetails>F1=16.174829ppm, F2=-3.850713ppm, MI=0.00cm, MAXI=10000.00cm, PC=1.000
      </PeakPickDetails>
    </PeakList1DHeader>
    <Peak1D F1="12.225360" intensity="8.856691e-004" type="0"/>
    <Peak1D F1="12.218688" intensity="9.523514e-004" type="0"/>
    <Peak1D F1="12.172668" intensity="9.199517e-004" type="0"/>
    <Peak1D F1="12.166497" intensity="9.215749e-004" type="0"/>
    <Peak1D F1="12.150847" intensity="1.683465e-003" type="0"/>
    <Peak1D F1="12.053333" intensity="8.938087e-004" type="0"/>
    <Peak1D F1="11.754734" intensity="1.458065e-003" type="0"/>
    <Peak1D F1="11.609769" intensity="1.018708e-003" type="0"/>
    <Peak1D F1="11.534126" intensity="2.241486e-003" type="0"/>
    <Peak1D F1="11.460549" intensity="2.819300e-002" type="0"/>
    <Peak1D F1="11.386622" intensity="1.500348e-002" type="0"/>
    <Peak1D F1="11.327647" intensity="5.898175e-003" type="0"/>
    <Peak1D F1="11.324409" intensity="5.768522e-003" type="0"/>
    <Peak1D F1="11.292972" intensity="8.927588e-004" type="0"/>
    <Peak1D F1="11.198046" intensity="8.524757e-004" type="0"/>
    <Peak1D F1="11.183084" intensity="1.102389e-003" type="0"/>
    <Peak1D F1="11.143106" intensity="1.633747e-002" type="0"/>
    <Peak1D F1="10.866390" intensity="5.653695e-002" type="0"/>
    <Peak1D F1="10.665009" intensity="1.148956e-003" type="0"/>
    <Peak1D F1="10.426092" intensity="8.638459e-004" type="0"/>
    <Peak1D F1="10.378379" intensity="1.311568e-003" type="0"/>
    <Peak1D F1="10.359446" intensity="1.132484e-003" type="0"/>
    <Peak1D F1="10.318373" intensity="1.768845e-003" type="0"/>
    <Peak1D F1="10.299396" intensity="2.124648e-003" type="0"/>
    <Peak1D F1="10.287301" intensity="1.626224e-003" type="0"/>
    <Peak1D F1="10.252817" intensity="3.569816e-002" type="0"/>
    <Peak1D F1="10.232546" intensity="3.546821e-002" type="0"/>
    <Peak1D F1="10.093306" intensity="1.186935e-003" type="0"/>
    <Peak1D F1="10.080163" intensity="5.482541e-003" type="0"/>
    <Peak1D F1="9.695552" intensity="1.299530e-003" type="0"/>
    <Peak1D F1="9.667936" intensity="9.628998e-004" type="0"/>
    <Peak1D F1="9.625931" intensity="2.420018e-002" type="0"/>
    <Peak1D F1="9.554304" intensity="9.274692e-004" type="0"/>
    <Peak1D F1="9.479500" intensity="1.299494e-003" type="0"/>
    <Peak1D F1="9.469691" intensity="1.101867e-003" type="0"/>
    <Peak1D F1="9.465476" intensity="1.144367e-003" type="0"/>
    <Peak1D F1="9.380839" intensity="2.018644e-003" type="0"/>
    <Peak1D F1="9.374217" intensity="1.341570e-003" type="0"/>
    <Peak1D F1="9.359759" intensity="1.304342e-003" type="0"/>
    <Peak1D F1="9.298021" intensity="1.097304e-003" type="0"/>
    <Peak1D F1="9.285520" intensity="1.914870e-003" type="0"/>
    <Peak1D F1="9.213252" intensity="1.016126e-003" type="0"/>
    <Peak1D F1="9.150022" intensity="1.088797e-003" type="0"/>
    <Peak1D F1="9.105235" intensity="1.286173e-003" type="0"/>
    <Peak1D F1="9.051566" intensity="1.561168e-003" type="0"/>
    <Peak1D F1="8.984029" intensity="1.499712e-003" type="0"/>
    <Peak1D F1="8.949486" intensity="1.550955e-003" type="0"/>
    <Peak1D F1="8.934084" intensity="1.605572e-003" type="0"/>
    <Peak1D F1="8.918874" intensity="1.682792e-003" type="0"/>
    <Peak1D F1="8.901177" intensity="1.633082e-003" type="0"/>
    <Peak1D F1="8.813794" intensity="2.018678e-003" type="0"/>
    <Peak1D F1="8.785179" intensity="3.974360e-003" type="0"/>
    <Peak1D F1="8.707122" intensity="2.184429e-003" type="0"/>
    <Peak1D F1="8.652862" intensity="2.380142e-003" type="0"/>
    <Peak1D F1="8.638864" intensity="2.573582e-003" type="0"/>
    <Peak1D F1="8.586843" intensity="2.659513e-003" type="0"/>
    <Peak1D F1="8.539256" intensity="3.206338e-003" type="0"/>
    <Peak1D F1="8.485046" intensity="3.466343e-003" type="0"/>
    <Peak1D F1="8.436007" intensity="3.440680e-003" type="0"/>
    <Peak1D F1="8.416716" intensity="3.472644e-003" type="0"/>
    <Peak1D F1="8.389118" intensity="3.777185e-003" type="0"/>
    <Peak1D F1="8.364959" intensity="3.898582e-003" type="0"/>
    <Peak1D F1="8.332918" intensity="4.194254e-003" type="0"/>
    <Peak1D F1="8.325944" intensity="4.204515e-003" type="0"/>
    <Peak1D F1="8.293694" intensity="4.691902e-003" type="0"/>
    <Peak1D F1="8.274460" intensity="5.409498e-003" type="0"/>
    <Peak1D F1="8.248830" intensity="6.722798e-003" type="0"/>
    <Peak1D F1="8.230589" intensity="4.907562e-003" type="0"/>
    <Peak1D F1="8.189890" intensity="6.254510e-003" type="0"/>
    <Peak1D F1="8.184067" intensity="5.853368e-003" type="0"/>
    <Peak1D F1="8.123779" intensity="5.087018e-002" type="0"/>
    <Peak1D F1="8.094942" intensity="6.133776e-003" type="0"/>
    <Peak1D F1="8.086201" intensity="6.835260e-003" type="0"/>
    <Peak1D F1="8.023857" intensity="2.057827e-002" type="0"/>
    <Peak1D F1="8.021992" intensity="2.023506e-002" type="0"/>
    <Peak1D F1="7.891739" intensity="1.037555e-002" type="0"/>
    <Peak1D F1="7.858118" intensity="1.077430e-002" type="0"/>
    <Peak1D F1="7.849279" intensity="1.124844e-002" type="0"/>
    <Peak1D F1="7.808911" intensity="1.350507e-002" type="0"/>
    <Peak1D F1="7.768023" intensity="3.875954e-002" type="0"/>
    <Peak1D F1="7.765620" intensity="3.911312e-002" type="0"/>
    <Peak1D F1="7.763794" intensity="3.765392e-002" type="0"/>
    <Peak1D F1="7.734677" intensity="1.718134e-002" type="0"/>
    <Peak1D F1="7.678700" intensity="2.618675e-002" type="0"/>
    <Peak1D F1="7.630786" intensity="3.508086e-002" type="0"/>
    <Peak1D F1="7.626400" intensity="3.569862e-002" type="0"/>
    <Peak1D F1="7.587372" intensity="9.461715e-002" type="0"/>
    <Peak1D F1="7.583729" intensity="1.117997e-001" type="0"/>
    <Peak1D F1="7.581040" intensity="1.096170e-001" type="0"/>
    <Peak1D F1="7.559521" intensity="1.099137e-001" type="0"/>
    <Peak1D F1="7.556900" intensity="1.113442e-001" type="0"/>
    <Peak1D F1="7.519705" intensity="3.612535e+000" type="0"/>
    <Peak1D F1="7.517951" intensity="4.090832e+000" type="0"/>
    <Peak1D F1="7.515471" intensity="4.164002e+000" type="0"/>
    <Peak1D F1="7.513554" intensity="3.993458e+000" type="0"/>
    <Peak1D F1="7.492187" intensity="7.102011e-002" type="0"/>
    <Peak1D F1="7.487326" intensity="7.194026e-002" type="0"/>
    <Peak1D F1="7.486021" intensity="7.162382e-002" type="0"/>
    <Peak1D F1="7.478798" intensity="3.306729e-002" type="0"/>
    <Peak1D F1="7.452527" intensity="9.789884e-003" type="0"/>
    <Peak1D F1="7.447980" intensity="8.379218e-003" type="0"/>
    <Peak1D F1="7.434468" intensity="1.082279e-003" type="0"/>
    <Peak1D F1="7.421844" intensity="1.238518e-002" type="0"/>
    <Peak1D F1="7.419440" intensity="1.178698e-002" type="0"/>
    <Peak1D F1="7.362614" intensity="7.732399e-003" type="0"/>
    <Peak1D F1="7.351702" intensity="5.500554e-003" type="0"/>
    <Peak1D F1="7.311130" intensity="2.689360e-002" type="0"/>
    <Peak1D F1="7.268359" intensity="7.277562e-001" type="0"/>
    <Peak1D F1="7.227259" intensity="7.681009e-001" type="0"/>
    <Peak1D F1="7.200367" intensity="1.794719e-002" type="0"/>
    <Peak1D F1="7.188326" intensity="1.970140e-002" type="0"/>
    <Peak1D F1="7.158393" intensity="1.108867e-002" type="0"/>
    <Peak1D F1="7.118311" intensity="2.229980e-003" type="0"/>
    <Peak1D F1="7.076816" intensity="1.835763e-001" type="0"/>
    <Peak1D F1="7.066067" intensity="1.387568e-002" type="0"/>
    <Peak1D F1="7.037337" intensity="1.998140e-001" type="0"/>
    <Peak1D F1="6.995917" intensity="6.907740e-003" type="0"/>
    <Peak1D F1="6.955525" intensity="1.213770e-002" type="0"/>
    <Peak1D F1="6.931437" intensity="1.896073e-002" type="0"/>
    <Peak1D F1="6.923779" intensity="7.869462e-003" type="0"/>
    <Peak1D F1="6.914554" intensity="7.574461e-003" type="0"/>
    <Peak1D F1="6.895696" intensity="5.674093e-003" type="0"/>
    <Peak1D F1="6.876894" intensity="5.557667e-003" type="0"/>
    <Peak1D F1="6.867087" intensity="5.049916e-003" type="0"/>
    <Peak1D F1="6.843173" intensity="7.693301e-003" type="0"/>
    <Peak1D F1="6.828131" intensity="6.401965e-003" type="0"/>
    <Peak1D F1="6.819911" intensity="6.744816e-003" type="0"/>
    <Peak1D F1="6.805933" intensity="1.361652e-002" type="0"/>
    <Peak1D F1="6.792295" intensity="1.844098e-002" type="0"/>
    <Peak1D F1="6.786596" intensity="1.144899e-002" type="0"/>
    <Peak1D F1="6.766023" intensity="1.633774e-002" type="0"/>
    <Peak1D F1="6.750983" intensity="1.988217e-002" type="0"/>
    <Peak1D F1="6.737158" intensity="1.910276e-002" type="0"/>
    <Peak1D F1="6.732944" intensity="2.067880e-002" type="0"/>
    <Peak1D F1="6.728230" intensity="1.982844e-002" type="0"/>
    <Peak1D F1="6.724077" intensity="1.907188e-002" type="0"/>
    <Peak1D F1="6.711069" intensity="1.051880e-002" type="0"/>
    <Peak1D F1="6.690130" intensity="1.174813e-002" type="0"/>
    <Peak1D F1="6.683981" intensity="1.172160e-002" type="0"/>
    <Peak1D F1="6.677880" intensity="1.222561e-002" type="0"/>
    <Peak1D F1="6.667428" intensity="1.346652e-002" type="0"/>
    <Peak1D F1="6.652722" intensity="1.559176e-002" type="0"/>
    <Peak1D F1="6.648228" intensity="1.513942e-002" type="0"/>
    <Peak1D F1="6.641493" intensity="2.006731e-002" type="0"/>
    <Peak1D F1="6.617204" intensity="2.216651e-002" type="0"/>
    <Peak1D F1="6.601957" intensity="2.406528e-002" type="0"/>
    <Peak1D F1="6.578279" intensity="3.970470e-002" type="0"/>
    <Peak1D F1="6.574231" intensity="3.842222e-002" type="0"/>
    <Peak1D F1="6.571142" intensity="3.889725e-002" type="0"/>
    <Peak1D F1="6.566482" intensity="3.662144e-002" type="0"/>
    <Peak1D F1="6.528327" intensity="2.900250e-002" type="0"/>
    <Peak1D F1="6.520421" intensity="3.158569e-002" type="0"/>
    <Peak1D F1="6.515560" intensity="3.181246e-002" type="0"/>
    <Peak1D F1="6.505976" intensity="3.209201e-002" type="0"/>
    <Peak1D F1="6.480639" intensity="5.582162e-002" type="0"/>
    <Peak1D F1="6.472814" intensity="6.079155e-002" type="0"/>
    <Peak1D F1="6.454046" intensity="5.555189e-002" type="0"/>
    <Peak1D F1="6.445831" intensity="5.358290e-002" type="0"/>
    <Peak1D F1="6.413886" intensity="1.054455e-001" type="0"/>
    <Peak1D F1="6.406474" intensity="1.978630e-001" type="0"/>
    <Peak1D F1="6.402328" intensity="1.770991e-001" type="0"/>
    <Peak1D F1="6.363351" intensity="2.541156e+000" type="0"/>
    <Peak1D F1="6.358671" intensity="2.902939e+000" type="0"/>
    <Peak1D F1="6.355600" intensity="3.301132e+000" type="0"/>
    <Peak1D F1="6.350981" intensity="3.052258e+000" type="0"/>
    <Peak1D F1="6.300089" intensity="7.885809e-002" type="0"/>
    <Peak1D F1="6.265015" intensity="3.562484e+000" type="0"/>
    <Peak1D F1="6.257210" intensity="3.176492e+000" type="0"/>
    <Peak1D F1="6.204382" intensity="1.799470e-002" type="0"/>
    <Peak1D F1="6.190384" intensity="2.742733e-002" type="0"/>
    <Peak1D F1="6.177649" intensity="6.890760e-002" type="0"/>
    <Peak1D F1="6.169656" intensity="6.961484e-002" type="0"/>
    <Peak1D F1="6.164044" intensity="7.130625e-002" type="0"/>
    <Peak1D F1="6.158130" intensity="4.832613e-002" type="0"/>
    <Peak1D F1="6.143013" intensity="4.825132e-002" type="0"/>
    <Peak1D F1="6.138052" intensity="7.512376e-002" type="0"/>
    <Peak1D F1="6.130107" intensity="6.408387e-002" type="0"/>
    <Peak1D F1="6.124462" intensity="2.140599e-001" type="0"/>
    <Peak1D F1="6.086668" intensity="1.527837e+000" type="0"/>
    <Peak1D F1="6.045680" intensity="1.394085e+000" type="0"/>
    <Peak1D F1="6.011395" intensity="6.923784e-002" type="0"/>
    <Peak1D F1="5.997273" intensity="9.467350e-001" type="0"/>
    <Peak1D F1="5.969811" intensity="1.035834e+000" type="0"/>
    <Peak1D F1="5.953468" intensity="1.074900e+000" type="0"/>
    <Peak1D F1="5.925992" intensity="1.086114e+000" type="0"/>
    <Peak1D F1="5.886250" intensity="1.039547e-002" type="0"/>
    <Peak1D F1="5.876003" intensity="3.165021e-002" type="0"/>
    <Peak1D F1="5.855695" intensity="3.037723e-002" type="0"/>
    <Peak1D F1="5.845496" intensity="8.004002e-003" type="0"/>
    <Peak1D F1="5.835409" intensity="1.525861e-002" type="0"/>
    <Peak1D F1="5.818888" intensity="7.513120e-003" type="0"/>
    <Peak1D F1="5.799242" intensity="4.457284e-003" type="0"/>
    <Peak1D F1="5.784563" intensity="2.928958e-003" type="0"/>
    <Peak1D F1="5.771515" intensity="5.624377e-003" type="0"/>
    <Peak1D F1="5.755427" intensity="6.359257e-003" type="0"/>
    <Peak1D F1="5.744426" intensity="5.278627e-003" type="0"/>
    <Peak1D F1="5.727918" intensity="1.019059e-002" type="0"/>
    <Peak1D F1="5.720916" intensity="4.634412e-003" type="0"/>
    <Peak1D F1="5.694580" intensity="1.582038e-002" type="0"/>
    <Peak1D F1="5.666544" intensity="1.717755e-002" type="0"/>
    <Peak1D F1="5.641591" intensity="5.248710e-003" type="0"/>
    <Peak1D F1="5.626828" intensity="3.310779e-002" type="0"/>
    <Peak1D F1="5.611924" intensity="4.696145e-003" type="0"/>
    <Peak1D F1="5.587764" intensity="1.102332e-002" type="0"/>
    <Peak1D F1="5.533020" intensity="1.432001e-002" type="0"/>
    <Peak1D F1="5.515004" intensity="2.750739e-002" type="0"/>
    <Peak1D F1="5.497059" intensity="2.256445e-002" type="0"/>
    <Peak1D F1="5.493735" intensity="2.297113e-002" type="0"/>
    <Peak1D F1="5.475432" intensity="2.264730e-002" type="0"/>
    <Peak1D F1="5.457373" intensity="1.480040e-002" type="0"/>
    <Peak1D F1="5.388299" intensity="1.765484e-002" type="0"/>
    <Peak1D F1="5.378162" intensity="1.905948e-002" type="0"/>
    <Peak1D F1="5.364241" intensity="2.479017e-002" type="0"/>
    <Peak1D F1="5.351353" intensity="3.254295e-002" type="0"/>
    <Peak1D F1="5.348819" intensity="3.201615e-002" type="0"/>
    <Peak1D F1="5.336449" intensity="2.645346e-002" type="0"/>
    <Peak1D F1="5.304788" intensity="3.729724e-002" type="0"/>
    <Peak1D F1="5.284903" intensity="4.656762e-002" type="0"/>
    <Peak1D F1="5.257233" intensity="6.219158e-002" type="0"/>
    <Peak1D F1="5.194829" intensity="1.015817e+000" type="0"/>
    <Peak1D F1="5.181144" intensity="1.901336e+000" type="0"/>
    <Peak1D F1="5.167258" intensity="1.180823e+000" type="0"/>
    <Peak1D F1="5.159001" intensity="1.703373e+000" type="0"/>
    <Peak1D F1="5.156641" intensity="1.772956e+000" type="0"/>
    <Peak1D F1="5.115079" intensity="1.267780e+000" type="0"/>
    <Peak1D F1="5.112772" intensity="1.382286e+000" type="0"/>
    <Peak1D F1="5.099985" intensity="5.006566e-001" type="0"/>
    <Peak1D F1="5.096660" intensity="5.805085e-001" type="0"/>
    <Peak1D F1="5.090924" intensity="1.708926e+000" type="0"/>
    <Peak1D F1="5.088536" intensity="1.735265e+000" type="0"/>
    <Peak1D F1="5.083048" intensity="8.608128e-001" type="0"/>
    <Peak1D F1="5.079525" intensity="9.400038e-001" type="0"/>
    <Peak1D F1="5.076230" intensity="8.218420e-001" type="0"/>
    <Peak1D F1="5.063409" intensity="1.649433e+000" type="0"/>
    <Peak1D F1="5.061111" intensity="1.741432e+000" type="0"/>
    <Peak1D F1="4.999655" intensity="1.019920e-002" type="0"/>
    <Peak1D F1="4.989428" intensity="8.735329e-003" type="0"/>
    <Peak1D F1="4.971774" intensity="1.011437e-002" type="0"/>
    <Peak1D F1="4.960145" intensity="1.476166e-002" type="0"/>
    <Peak1D F1="4.942736" intensity="4.943029e-003" type="0"/>
    <Peak1D F1="4.937139" intensity="4.885664e-003" type="0"/>
    <Peak1D F1="4.916791" intensity="1.027913e-002" type="0"/>
    <Peak1D F1="4.899848" intensity="1.654469e-002" type="0"/>
    <Peak1D F1="4.889268" intensity="1.729894e-002" type="0"/>
    <Peak1D F1="4.862675" intensity="1.121582e-002" type="0"/>
    <Peak1D F1="4.813650" intensity="2.085428e-002" type="0"/>
    <Peak1D F1="4.801807" intensity="1.503107e-002" type="0"/>
    <Peak1D F1="4.766087" intensity="7.913711e-003" type="0"/>
    <Peak1D F1="4.754200" intensity="1.083273e-002" type="0"/>
    <Peak1D F1="4.732782" intensity="1.181206e-002" type="0"/>
    <Peak1D F1="4.722893" intensity="1.576421e-002" type="0"/>
    <Peak1D F1="4.713254" intensity="1.453956e-002" type="0"/>
    <Peak1D F1="4.686208" intensity="3.518116e-002" type="0"/>
    <Peak1D F1="4.665930" intensity="3.697931e-002" type="0"/>
    <Peak1D F1="4.633104" intensity="2.434554e-002" type="0"/>
    <Peak1D F1="4.622202" intensity="2.205186e-002" type="0"/>
    <Peak1D F1="4.603060" intensity="7.017256e-002" type="0"/>
    <Peak1D F1="4.591335" intensity="6.242907e-002" type="0"/>
    <Peak1D F1="4.573966" intensity="3.711017e-002" type="0"/>
    <Peak1D F1="4.563499" intensity="3.915653e-002" type="0"/>
    <Peak1D F1="4.555708" intensity="4.423767e-002" type="0"/>
    <Peak1D F1="4.540004" intensity="4.333827e-002" type="0"/>
    <Peak1D F1="4.532242" intensity="4.618689e-002" type="0"/>
    <Peak1D F1="4.525431" intensity="5.069580e-002" type="0"/>
    <Peak1D F1="4.521485" intensity="5.095343e-002" type="0"/>
    <Peak1D F1="4.501577" intensity="9.253123e-002" type="0"/>
    <Peak1D F1="4.489337" intensity="6.881122e-002" type="0"/>
    <Peak1D F1="4.429429" intensity="4.773160e+000" type="0"/>
    <Peak1D F1="4.416960" intensity="4.922170e+000" type="0"/>
    <Peak1D F1="4.375195" intensity="1.274911e-001" type="0"/>
    <Peak1D F1="4.362894" intensity="9.724747e-002" type="0"/>
    <Peak1D F1="4.339474" intensity="2.154620e-002" type="0"/>
    <Peak1D F1="4.285139" intensity="7.755980e-003" type="0"/>
    <Peak1D F1="4.250271" intensity="2.683301e-002" type="0"/>
    <Peak1D F1="4.238140" intensity="2.855342e-002" type="0"/>
    <Peak1D F1="4.210530" intensity="3.201393e-003" type="0"/>
    <Peak1D F1="4.170685" intensity="8.712547e-003" type="0"/>
    <Peak1D F1="4.163078" intensity="6.556362e-003" type="0"/>
    <Peak1D F1="4.145831" intensity="3.350937e-003" type="0"/>
    <Peak1D F1="4.129392" intensity="1.740106e-003" type="0"/>
    <Peak1D F1="4.106856" intensity="1.987428e-003" type="0"/>
    <Peak1D F1="4.073556" intensity="2.743215e-003" type="0"/>
    <Peak1D F1="4.060427" intensity="9.787899e-003" type="0"/>
    <Peak1D F1="4.050805" intensity="3.637424e-003" type="0"/>
    <Peak1D F1="4.037906" intensity="2.537348e-003" type="0"/>
    <Peak1D F1="4.018406" intensity="7.369815e-003" type="0"/>
    <Peak1D F1="4.008115" intensity="1.031381e-002" type="0"/>
    <Peak1D F1="3.991196" intensity="7.730660e-002" type="0"/>
    <Peak1D F1="3.970701" intensity="1.020971e-002" type="0"/>
    <Peak1D F1="3.947773" intensity="1.536625e-002" type="0"/>
    <Peak1D F1="3.921758" intensity="2.175525e-002" type="0"/>
    <Peak1D F1="3.902261" intensity="5.350118e-003" type="0"/>
    <Peak1D F1="3.863136" intensity="1.112770e-002" type="0"/>
    <Peak1D F1="3.849946" intensity="1.145019e-002" type="0"/>
    <Peak1D F1="3.834119" intensity="1.145228e-002" type="0"/>
    <Peak1D F1="3.829826" intensity="6.702721e-003" type="0"/>
    <Peak1D F1="3.820890" intensity="7.775469e-003" type="0"/>
    <Peak1D F1="3.816415" intensity="8.048656e-003" type="0"/>
    <Peak1D F1="3.803360" intensity="4.532466e-003" type="0"/>
    <Peak1D F1="3.795583" intensity="3.056525e-003" type="0"/>
    <Peak1D F1="3.766411" intensity="1.688390e-002" type="0"/>
    <Peak1D F1="3.747254" intensity="1.130735e-002" type="0"/>
    <Peak1D F1="3.731270" intensity="1.105536e-002" type="0"/>
    <Peak1D F1="3.719390" intensity="1.156839e-002" type="0"/>
    <Peak1D F1="3.715145" intensity="8.220861e-003" type="0"/>
    <Peak1D F1="3.698498" intensity="4.078809e-003" type="0"/>
    <Peak1D F1="3.674250" intensity="6.678926e-003" type="0"/>
    <Peak1D F1="3.656934" intensity="8.435696e-003" type="0"/>
    <Peak1D F1="3.651726" intensity="8.451959e-003" type="0"/>
    <Peak1D F1="3.642694" intensity="1.189649e-002" type="0"/>
    <Peak1D F1="3.625039" intensity="1.931885e-002" type="0"/>
    <Peak1D F1="3.604629" intensity="2.132095e-002" type="0"/>
    <Peak1D F1="3.589131" intensity="2.261255e-002" type="0"/>
    <Peak1D F1="3.572359" intensity="2.162172e-002" type="0"/>
    <Peak1D F1="3.464056" intensity="3.278209e-001" type="0"/>
    <Peak1D F1="3.391297" intensity="4.628363e-002" type="0"/>
    <Peak1D F1="3.384599" intensity="5.276371e-002" type="0"/>
    <Peak1D F1="3.325418" intensity="1.008124e-002" type="0"/>
    <Peak1D F1="3.280074" intensity="2.012720e-003" type="0"/>
    <Peak1D F1="3.237286" intensity="2.114732e-003" type="0"/>
    <Peak1D F1="3.219041" intensity="4.704484e-003" type="0"/>
    <Peak1D F1="3.148233" intensity="3.983140e-003" type="0"/>
    <Peak1D F1="3.137323" intensity="1.931414e-002" type="0"/>
    <Peak1D F1="3.130017" intensity="2.064159e-002" type="0"/>
    <Peak1D F1="3.106821" intensity="2.295793e-003" type="0"/>
    <Peak1D F1="3.078805" intensity="5.102406e-003" type="0"/>
    <Peak1D F1="3.069844" intensity="9.989348e-003" type="0"/>
    <Peak1D F1="3.055216" intensity="3.437417e-003" type="0"/>
    <Peak1D F1="3.012337" intensity="1.055753e-002" type="0"/>
    <Peak1D F1="2.994637" intensity="5.093093e-003" type="0"/>
    <Peak1D F1="2.969219" intensity="5.890503e-003" type="0"/>
    <Peak1D F1="2.957705" intensity="2.573408e-003" type="0"/>
    <Peak1D F1="2.932273" intensity="3.082495e-003" type="0"/>
    <Peak1D F1="2.784128" intensity="8.652721e-004" type="0"/>
    <Peak1D F1="2.765124" intensity="1.784049e-003" type="0"/>
    <Peak1D F1="2.690978" intensity="1.562698e-003" type="0"/>
    <Peak1D F1="2.684502" intensity="1.220953e-003" type="0"/>
    <Peak1D F1="2.671874" intensity="4.509763e-003" type="0"/>
    <Peak1D F1="2.666800" intensity="6.715795e-003" type="0"/>
    <Peak1D F1="2.656571" intensity="1.482940e-002" type="0"/>
    <Peak1D F1="2.641540" intensity="2.549690e-002" type="0"/>
    <Peak1D F1="2.624938" intensity="1.710714e-002" type="0"/>
    <Peak1D F1="2.602867" intensity="8.394818e-003" type="0"/>
    <Peak1D F1="2.585682" intensity="9.534352e-003" type="0"/>
    <Peak1D F1="2.568712" intensity="1.965000e-002" type="0"/>
    <Peak1D F1="2.551286" intensity="2.218977e-002" type="0"/>
    <Peak1D F1="2.542866" intensity="2.705239e-002" type="0"/>
    <Peak1D F1="2.525034" intensity="2.892357e-002" type="0"/>
    <Peak1D F1="2.502572" intensity="3.053925e-001" type="0"/>
    <Peak1D F1="2.498159" intensity="4.225388e-001" type="0"/>
    <Peak1D F1="2.493719" intensity="3.383468e-001" type="0"/>
    <Peak1D F1="2.464669" intensity="3.744829e-002" type="0"/>
    <Peak1D F1="2.446982" intensity="2.884830e-002" type="0"/>
    <Peak1D F1="2.437945" intensity="1.989647e-002" type="0"/>
    <Peak1D F1="2.425396" intensity="1.724655e-002" type="0"/>
    <Peak1D F1="2.410872" intensity="2.797367e-002" type="0"/>
    <Peak1D F1="2.403009" intensity="8.412615e-002" type="0"/>
    <Peak1D F1="2.387167" intensity="2.557133e-002" type="0"/>
    <Peak1D F1="2.377577" intensity="4.198559e-002" type="0"/>
    <Peak1D F1="2.348173" intensity="2.490421e-002" type="0"/>
    <Peak1D F1="2.342106" intensity="2.709493e-002" type="0"/>
    <Peak1D F1="2.324528" intensity="1.541047e-001" type="0"/>
    <Peak1D F1="2.308233" intensity="3.776319e-002" type="0"/>
    <Peak1D F1="2.303306" intensity="4.057885e-002" type="0"/>
    <Peak1D F1="2.284527" intensity="1.054238e-001" type="0"/>
    <Peak1D F1="2.275706" intensity="1.270651e-001" type="0"/>
    <Peak1D F1="2.268136" intensity="2.338440e-001" type="0"/>
    <Peak1D F1="2.258693" intensity="3.940563e-001" type="0"/>
    <Peak1D F1="2.245905" intensity="1.079011e+001" type="0"/>
    <Peak1D F1="2.208748" intensity="1.505972e-001" type="0"/>
    <Peak1D F1="2.198784" intensity="1.676746e-001" type="0"/>
    <Peak1D F1="2.185916" intensity="7.724660e-002" type="0"/>
    <Peak1D F1="2.178601" intensity="6.369449e-002" type="0"/>
    <Peak1D F1="2.172411" intensity="6.129578e-002" type="0"/>
    <Peak1D F1="2.169584" intensity="6.172370e-002" type="0"/>
    <Peak1D F1="2.153191" intensity="5.879387e-002" type="0"/>
    <Peak1D F1="2.145516" intensity="5.851025e-002" type="0"/>
    <Peak1D F1="2.140787" intensity="6.163327e-002" type="0"/>
    <Peak1D F1="2.135570" intensity="6.646638e-002" type="0"/>
    <Peak1D F1="2.121989" intensity="7.455284e-002" type="0"/>
    <Peak1D F1="2.111313" intensity="8.406959e-002" type="0"/>
    <Peak1D F1="2.106010" intensity="1.370367e-001" type="0"/>
    <Peak1D F1="2.091239" intensity="1.012025e-001" type="0"/>
    <Peak1D F1="2.085464" intensity="1.640466e-001" type="0"/>
    <Peak1D F1="2.067013" intensity="7.472016e-001" type="0"/>
    <Peak1D F1="2.051703" intensity="1.537069e+000" type="0"/>
    <Peak1D F1="2.036465" intensity="9.141866e-001" type="0"/>
    <Peak1D F1="2.006390" intensity="1.311986e-001" type="0"/>
    <Peak1D F1="1.971382" intensity="4.723190e-001" type="0"/>
    <Peak1D F1="1.946458" intensity="1.205780e+001" type="0"/>
    <Peak1D F1="1.932958" intensity="1.906858e+000" type="0"/>
    <Peak1D F1="1.915245" intensity="1.454420e+000" type="0"/>
    <Peak1D F1="1.895703" intensity="2.916010e-001" type="0"/>
    <Peak1D F1="1.890851" intensity="3.268154e-001" type="0"/>
    <Peak1D F1="1.875038" intensity="5.798310e-001" type="0"/>
    <Peak1D F1="1.857510" intensity="4.540004e-001" type="0"/>
    <Peak1D F1="1.853258" intensity="3.794652e-001" type="0"/>
    <Peak1D F1="1.842360" intensity="8.211415e-001" type="0"/>
    <Peak1D F1="1.835648" intensity="3.862472e-001" type="0"/>
    <Peak1D F1="1.821118" intensity="9.361967e-001" type="0"/>
    <Peak1D F1="1.801867" intensity="5.998734e-001" type="0"/>
    <Peak1D F1="1.790146" intensity="2.367014e-001" type="0"/>
    <Peak1D F1="1.783648" intensity="3.097889e-001" type="0"/>
    <Peak1D F1="1.778413" intensity="2.329935e-001" type="0"/>
    <Peak1D F1="1.767302" intensity="7.465854e-001" type="0"/>
    <Peak1D F1="1.751323" intensity="8.348089e-001" type="0"/>
    <Peak1D F1="1.737235" intensity="5.974866e+000" type="0"/>
    <Peak1D F1="1.714162" intensity="7.814582e-001" type="0"/>
    <Peak1D F1="1.692925" intensity="3.942579e-001" type="0"/>
    <Peak1D F1="1.673738" intensity="1.923259e-001" type="0"/>
    <Peak1D F1="1.641927" intensity="5.402348e+000" type="0"/>
    <Peak1D F1="1.620749" intensity="5.701120e-001" type="0"/>
    <Peak1D F1="1.612894" intensity="6.793600e-001" type="0"/>
    <Peak1D F1="1.605126" intensity="9.101467e-001" type="0"/>
    <Peak1D F1="1.596783" intensity="8.734500e-001" type="0"/>
    <Peak1D F1="1.590478" intensity="1.204490e+000" type="0"/>
    <Peak1D F1="1.581474" intensity="9.417987e-001" type="0"/>
    <Peak1D F1="1.575176" intensity="1.250046e+000" type="0"/>
    <Peak1D F1="1.555719" intensity="6.169026e+000" type="0"/>
    <Peak1D F1="1.522648" intensity="2.961415e-001" type="0"/>
    <Peak1D F1="1.508116" intensity="3.098408e-001" type="0"/>
    <Peak1D F1="1.486469" intensity="9.451632e+000" type="0"/>
    <Peak1D F1="1.471400" intensity="1.955207e+000" type="0"/>
    <Peak1D F1="1.465079" intensity="1.419180e+000" type="0"/>
    <Peak1D F1="1.456517" intensity="1.488214e+000" type="0"/>
    <Peak1D F1="1.450413" intensity="1.246312e+000" type="0"/>
    <Peak1D F1="1.441935" intensity="1.209216e+000" type="0"/>
    <Peak1D F1="1.407002" intensity="2.515875e-001" type="0"/>
    <Peak1D F1="1.395539" intensity="2.588081e-001" type="0"/>
    <Peak1D F1="1.391920" intensity="2.576014e-001" type="0"/>
    <Peak1D F1="1.386721" intensity="2.707634e-001" type="0"/>
    <Peak1D F1="1.376507" intensity="3.181750e-001" type="0"/>
    <Peak1D F1="1.354134" intensity="1.745755e-001" type="0"/>
    <Peak1D F1="1.342781" intensity="2.761418e-001" type="0"/>
    <Peak1D F1="1.325137" intensity="1.585754e-001" type="0"/>
    <Peak1D F1="1.308908" intensity="1.211415e-001" type="0"/>
    <Peak1D F1="1.296252" intensity="9.349339e-002" type="0"/>
    <Peak1D F1="1.293046" intensity="9.401290e-002" type="0"/>
    <Peak1D F1="1.282574" intensity="8.985244e-002" type="0"/>
    <Peak1D F1="1.263892" intensity="8.774168e-002" type="0"/>
    <Peak1D F1="1.253723" intensity="1.263736e-001" type="0"/>
    <Peak1D F1="1.238086" intensity="3.847652e-001" type="0"/>
    <Peak1D F1="1.223779" intensity="2.618679e-001" type="0"/>
    <Peak1D F1="1.211113" intensity="2.186645e-001" type="0"/>
    <Peak1D F1="1.185969" intensity="2.772356e-001" type="0"/>
    <Peak1D F1="1.171945" intensity="1.518048e-001" type="0"/>
    <Peak1D F1="1.157001" intensity="2.752143e-001" type="0"/>
    <Peak1D F1="1.130159" intensity="9.094274e-001" type="0"/>
    <Peak1D F1="1.101932" intensity="1.171946e+000" type="0"/>
    <Peak1D F1="1.086162" intensity="3.263535e-001" type="0"/>
    <Peak1D F1="1.055589" intensity="1.500000e+001" type="0"/>
    <Peak1D F1="1.028449" intensity="5.061703e-001" type="0"/>
    <Peak1D F1="1.017516" intensity="4.521362e-001" type="0"/>
    <Peak1D F1="0.996088" intensity="2.227952e-001" type="0"/>
    <Peak1D F1="0.979097" intensity="1.445194e-001" type="0"/>
    <Peak1D F1="0.970649" intensity="1.244297e-001" type="0"/>
    <Peak1D F1="0.963841" intensity="1.222027e-001" type="0"/>
    <Peak1D F1="0.942494" intensity="9.947081e-002" type="0"/>
    <Peak1D F1="0.936213" intensity="9.332709e-002" type="0"/>
    <Peak1D F1="0.925282" intensity="8.126331e-002" type="0"/>
    <Peak1D F1="0.915826" intensity="8.756866e-002" type="0"/>
    <Peak1D F1="0.897385" intensity="2.135162e-001" type="0"/>
    <Peak1D F1="0.879594" intensity="9.065969e-001" type="0"/>
    <Peak1D F1="0.841672" intensity="1.252096e-001" type="0"/>
    <Peak1D F1="0.831805" intensity="1.269164e-001" type="0"/>
    <Peak1D F1="0.823496" intensity="1.379252e-001" type="0"/>
    <Peak1D F1="0.804738" intensity="7.774461e-002" type="0"/>
    <Peak1D F1="0.795116" intensity="6.249160e-002" type="0"/>
    <Peak1D F1="0.779495" intensity="4.137827e-002" type="0"/>
    <Peak1D F1="0.775618" intensity="4.198433e-002" type="0"/>
    <Peak1D F1="0.758183" intensity="3.252729e-002" type="0"/>
    <Peak1D F1="0.728556" intensity="6.224342e-002" type="0"/>
    <Peak1D F1="0.694017" intensity="2.092876e-002" type="0"/>
    <Peak1D F1="0.664353" intensity="1.782055e-002" type="0"/>
    <Peak1D F1="0.626172" intensity="1.450400e-002" type="0"/>
    <Peak1D F1="0.590413" intensity="2.327282e-002" type="0"/>
    <Peak1D F1="0.526641" intensity="1.007597e-002" type="0"/>
    <Peak1D F1="0.395550" intensity="6.444853e-003" type="0"/>
    <Peak1D F1="0.373530" intensity="5.984420e-003" type="0"/>
    <Peak1D F1="0.357572" intensity="5.809949e-003" type="0"/>
    <Peak1D F1="0.226195" intensity="4.034376e-003" type="0"/>
    <Peak1D F1="0.192685" intensity="3.625870e-003" type="0"/>
    <Peak1D F1="0.117823" intensity="3.025522e-003" type="0"/>
    <Peak1D F1="0.048782" intensity="2.429124e-003" type="0"/>
    <Peak1D F1="0.040999" intensity="2.397903e-003" type="0"/>
    <Peak1D F1="0.008078" intensity="4.527514e-003" type="0"/>
    <Peak1D F1="-0.000148" intensity="8.520234e-002" type="0"/>
    <Peak1D F1="-0.106116" intensity="1.747542e-003" type="0"/>
    <Peak1D F1="-0.113515" intensity="1.743048e-003" type="0"/>
    <Peak1D F1="-0.149079" intensity="1.695116e-003" type="0"/>
    <Peak1D F1="-0.175204" intensity="1.472678e-003" type="0"/>
    <Peak1D F1="-0.186570" intensity="1.354303e-003" type="0"/>
    <Peak1D F1="-0.215518" intensity="1.303262e-003" type="0"/>
    <Peak1D F1="-0.243042" intensity="1.166449e-003" type="0"/>
    <Peak1D F1="-0.263145" intensity="1.126525e-003" type="0"/>
    <Peak1D F1="-0.287312" intensity="1.051141e-003" type="0"/>
    <Peak1D F1="-0.332882" intensity="9.661696e-004" type="0"/>
  </PeakList1D>
</PeakList>
