<?xml version="1.0" encoding="UTF-8"?>
<PeakList>
  <PeakList1D>
    <PeakList1DHeader creator="root" date="2021-09-29T08:23:40.775+08:00" expNo="1" name="0927CHSC#DMSO" owner="" procNo="1" source="D:/Zhi-Ming Zhang">
      <PeakPickDetails>F1=16.187111ppm, F2=-3.838432ppm, MI=0.00cm, MAXI=10000.00cm, PC=1.000
      </PeakPickDetails>
    </PeakList1DHeader>
    <Peak1D F1="10.800360" intensity="2.032937e-002" type="0"/>
    <Peak1D F1="9.362864" intensity="1.124051e-002" type="0"/>
    <Peak1D F1="8.114672" intensity="1.045878e-002" type="0"/>
    <Peak1D F1="6.796732" intensity="8.428861e-003" type="0"/>
    <Peak1D F1="6.032732" intensity="1.965204e-002" type="0"/>
    <Peak1D F1="5.989577" intensity="2.052324e-002" type="0"/>
    <Peak1D F1="5.883391" intensity="1.639890e+000" type="0"/>
    <Peak1D F1="5.872806" intensity="1.117098e+000" type="0"/>
    <Peak1D F1="5.856656" intensity="1.810919e+000" type="0"/>
    <Peak1D F1="5.846030" intensity="1.327435e+000" type="0"/>
    <Peak1D F1="5.840101" intensity="1.972991e+000" type="0"/>
    <Peak1D F1="5.829497" intensity="1.302772e+000" type="0"/>
    <Peak1D F1="5.813367" intensity="1.951607e+000" type="0"/>
    <Peak1D F1="5.802763" intensity="1.299188e+000" type="0"/>
    <Peak1D F1="5.648776" intensity="9.993233e-003" type="0"/>
    <Peak1D F1="5.604235" intensity="1.588844e-002" type="0"/>
    <Peak1D F1="5.559151" intensity="1.705456e-002" type="0"/>
    <Peak1D F1="5.501270" intensity="1.112919e-002" type="0"/>
    <Peak1D F1="5.351964" intensity="2.190958e-002" type="0"/>
    <Peak1D F1="5.308670" intensity="1.963548e-002" type="0"/>
    <Peak1D F1="5.251721" intensity="2.346033e-002" type="0"/>
    <Peak1D F1="5.208596" intensity="3.745718e-002" type="0"/>
    <Peak1D F1="5.165239" intensity="2.165129e+000" type="0"/>
    <Peak1D F1="5.159989" intensity="3.232053e+000" type="0"/>
    <Peak1D F1="5.154574" intensity="1.580559e+000" type="0"/>
    <Peak1D F1="5.121931" intensity="2.081988e+000" type="0"/>
    <Peak1D F1="5.116667" intensity="3.153101e+000" type="0"/>
    <Peak1D F1="5.111173" intensity="2.045969e+000" type="0"/>
    <Peak1D F1="5.102952" intensity="1.601612e+000" type="0"/>
    <Peak1D F1="5.099363" intensity="1.565542e+000" type="0"/>
    <Peak1D F1="5.095145" intensity="1.532199e+000" type="0"/>
    <Peak1D F1="5.085042" intensity="2.793263e+000" type="0"/>
    <Peak1D F1="5.066821" intensity="2.228921e+000" type="0"/>
    <Peak1D F1="5.052544" intensity="6.519203e-001" type="0"/>
    <Peak1D F1="5.049183" intensity="6.985955e-001" type="0"/>
    <Peak1D F1="4.995829" intensity="2.051181e-002" type="0"/>
    <Peak1D F1="4.945262" intensity="2.519088e+000" type="0"/>
    <Peak1D F1="4.943007" intensity="2.330589e+000" type="0"/>
    <Peak1D F1="4.940369" intensity="2.613188e+000" type="0"/>
    <Peak1D F1="4.918538" intensity="2.410087e+000" type="0"/>
    <Peak1D F1="4.916258" intensity="2.215723e+000" type="0"/>
    <Peak1D F1="4.913646" intensity="2.504506e+000" type="0"/>
    <Peak1D F1="4.746923" intensity="1.075754e-002" type="0"/>
    <Peak1D F1="4.718064" intensity="1.155500e-002" type="0"/>
    <Peak1D F1="4.367492" intensity="2.394711e+000" type="0"/>
    <Peak1D F1="3.783819" intensity="1.050888e-002" type="0"/>
    <Peak1D F1="3.360945" intensity="2.109642e-001" type="0"/>
    <Peak1D F1="3.080348" intensity="9.898134e-003" type="0"/>
    <Peak1D F1="2.641603" intensity="1.996948e-002" type="0"/>
    <Peak1D F1="2.625455" intensity="2.908800e-002" type="0"/>
    <Peak1D F1="2.604812" intensity="2.361456e-002" type="0"/>
    <Peak1D F1="2.563979" intensity="8.401532e-003" type="0"/>
    <Peak1D F1="2.515286" intensity="1.884172e-001" type="0"/>
    <Peak1D F1="2.510814" intensity="2.556726e-001" type="0"/>
    <Peak1D F1="2.506341" intensity="1.851897e-001" type="0"/>
    <Peak1D F1="2.385254" intensity="1.565509e-002" type="0"/>
    <Peak1D F1="2.366567" intensity="1.414560e-002" type="0"/>
    <Peak1D F1="2.178555" intensity="1.385731e-001" type="0"/>
    <Peak1D F1="2.149483" intensity="4.187969e-002" type="0"/>
    <Peak1D F1="2.107306" intensity="8.180484e-002" type="0"/>
    <Peak1D F1="2.087414" intensity="1.757734e-001" type="0"/>
    <Peak1D F1="2.053830" intensity="5.938483e-001" type="0"/>
    <Peak1D F1="2.036204" intensity="1.792666e+000" type="0"/>
    <Peak1D F1="2.017693" intensity="2.771080e+000" type="0"/>
    <Peak1D F1="1.991470" intensity="4.525180e+000" type="0"/>
    <Peak1D F1="1.983620" intensity="2.438301e+000" type="0"/>
    <Peak1D F1="1.963355" intensity="1.832512e+000" type="0"/>
    <Peak1D F1="1.946529" intensity="3.448771e+000" type="0"/>
    <Peak1D F1="1.927227" intensity="3.117211e+000" type="0"/>
    <Peak1D F1="1.909429" intensity="1.619437e+000" type="0"/>
    <Peak1D F1="1.886524" intensity="4.992689e-001" type="0"/>
    <Peak1D F1="1.868171" intensity="2.598066e-001" type="0"/>
    <Peak1D F1="1.791808" intensity="1.097032e-001" type="0"/>
    <Peak1D F1="1.729694" intensity="7.903777e-002" type="0"/>
    <Peak1D F1="1.707331" intensity="1.289021e-001" type="0"/>
    <Peak1D F1="1.648576" intensity="6.735938e+000" type="0"/>
    <Peak1D F1="1.637290" intensity="1.248568e+001" type="0"/>
    <Peak1D F1="1.576545" intensity="6.720154e+000" type="0"/>
    <Peak1D F1="1.559766" intensity="1.019136e+001" type="0"/>
    <Peak1D F1="1.552638" intensity="1.079817e+001" type="0"/>
    <Peak1D F1="1.491697" intensity="1.348599e-001" type="0"/>
    <Peak1D F1="1.479293" intensity="1.729660e-001" type="0"/>
    <Peak1D F1="1.471546" intensity="2.290449e-001" type="0"/>
    <Peak1D F1="1.462395" intensity="2.105757e-001" type="0"/>
    <Peak1D F1="1.455417" intensity="3.254150e-001" type="0"/>
    <Peak1D F1="1.446349" intensity="3.830366e-001" type="0"/>
    <Peak1D F1="1.437979" intensity="1.334414e+000" type="0"/>
    <Peak1D F1="1.430683" intensity="1.902424e+000" type="0"/>
    <Peak1D F1="1.421781" intensity="2.008603e+000" type="0"/>
    <Peak1D F1="1.413992" intensity="3.363348e+000" type="0"/>
    <Peak1D F1="1.404272" intensity="2.856077e+000" type="0"/>
    <Peak1D F1="1.396283" intensity="1.779611e+000" type="0"/>
    <Peak1D F1="1.388410" intensity="1.840094e+000" type="0"/>
    <Peak1D F1="1.378361" intensity="8.812745e-001" type="0"/>
    <Peak1D F1="1.371951" intensity="4.318698e-001" type="0"/>
    <Peak1D F1="1.360789" intensity="2.763951e-001" type="0"/>
    <Peak1D F1="1.355691" intensity="2.248719e-001" type="0"/>
    <Peak1D F1="1.345308" intensity="1.696991e-001" type="0"/>
    <Peak1D F1="1.312381" intensity="1.323022e-001" type="0"/>
    <Peak1D F1="1.243235" intensity="1.177250e-001" type="0"/>
    <Peak1D F1="1.227558" intensity="3.554336e-001" type="0"/>
    <Peak1D F1="1.222182" intensity="2.288247e-001" type="0"/>
    <Peak1D F1="1.213111" intensity="2.247549e-001" type="0"/>
    <Peak1D F1="1.204649" intensity="3.044399e-001" type="0"/>
    <Peak1D F1="1.195796" intensity="2.071551e-001" type="0"/>
    <Peak1D F1="1.181108" intensity="3.709259e-001" type="0"/>
    <Peak1D F1="1.157021" intensity="1.500000e+001" type="0"/>
    <Peak1D F1="1.152659" intensity="1.277605e+001" type="0"/>
    <Peak1D F1="1.096891" intensity="1.228099e-001" type="0"/>
    <Peak1D F1="1.067944" intensity="9.993491e-002" type="0"/>
    <Peak1D F1="1.060810" intensity="9.501800e-002" type="0"/>
    <Peak1D F1="1.045741" intensity="1.056360e-001" type="0"/>
    <Peak1D F1="1.027090" intensity="9.764030e-002" type="0"/>
    <Peak1D F1="0.998225" intensity="1.315518e-001" type="0"/>
    <Peak1D F1="-0.000153" intensity="1.358228e-001" type="0"/>
  </PeakList1D>
</PeakList>
