<?xml version="1.0" encoding="UTF-8"?>
<PeakList>
  <PeakList1D>
    <PeakList1DHeader creator="root" date="2021-09-26T19:40:04.114+08:00" expNo="1" name="0926xj13" owner="" procNo="1" source="D:/Zhi-Ming Zhang">
      <PeakPickDetails>F1=16.173759ppm, F2=-3.851783ppm, MI=0.00cm, MAXI=10000.00cm, PC=1.000
      </PeakPickDetails>
    </PeakList1DHeader>
    <Peak1D F1="16.123495" intensity="1.052843e-003" type="0"/>
    <Peak1D F1="16.064278" intensity="9.755149e-004" type="0"/>
    <Peak1D F1="16.040859" intensity="9.745997e-004" type="0"/>
    <Peak1D F1="11.570231" intensity="4.683416e-003" type="0"/>
    <Peak1D F1="11.532253" intensity="2.458940e-003" type="0"/>
    <Peak1D F1="11.458172" intensity="3.482549e-003" type="0"/>
    <Peak1D F1="11.407038" intensity="1.327613e-003" type="0"/>
    <Peak1D F1="11.338428" intensity="5.626603e-002" type="0"/>
    <Peak1D F1="11.330425" intensity="1.380600e-002" type="0"/>
    <Peak1D F1="11.323258" intensity="8.155699e-003" type="0"/>
    <Peak1D F1="11.288909" intensity="3.334325e-003" type="0"/>
    <Peak1D F1="11.251801" intensity="1.760473e-003" type="0"/>
    <Peak1D F1="11.194217" intensity="1.477405e-003" type="0"/>
    <Peak1D F1="11.179732" intensity="1.764579e-003" type="0"/>
    <Peak1D F1="10.865298" intensity="6.324107e-002" type="0"/>
    <Peak1D F1="10.251796" intensity="5.234174e-003" type="0"/>
    <Peak1D F1="10.225491" intensity="1.415260e-003" type="0"/>
    <Peak1D F1="10.183074" intensity="1.356541e-003" type="0"/>
    <Peak1D F1="9.778647" intensity="1.790121e-002" type="0"/>
    <Peak1D F1="9.748745" intensity="1.183587e-003" type="0"/>
    <Peak1D F1="9.613397" intensity="4.011228e-003" type="0"/>
    <Peak1D F1="9.593783" intensity="3.999874e-003" type="0"/>
    <Peak1D F1="9.375072" intensity="9.907986e-004" type="0"/>
    <Peak1D F1="9.137575" intensity="1.160536e-003" type="0"/>
    <Peak1D F1="9.028798" intensity="9.221063e-004" type="0"/>
    <Peak1D F1="8.970484" intensity="9.598113e-004" type="0"/>
    <Peak1D F1="8.912691" intensity="3.040993e-003" type="0"/>
    <Peak1D F1="8.883192" intensity="1.711732e-003" type="0"/>
    <Peak1D F1="8.871129" intensity="2.553544e-003" type="0"/>
    <Peak1D F1="8.850911" intensity="3.685614e-003" type="0"/>
    <Peak1D F1="8.839560" intensity="2.352431e-003" type="0"/>
    <Peak1D F1="8.829586" intensity="2.178149e-003" type="0"/>
    <Peak1D F1="8.803205" intensity="3.949620e-003" type="0"/>
    <Peak1D F1="8.782057" intensity="1.544778e-003" type="0"/>
    <Peak1D F1="8.758739" intensity="2.776075e-003" type="0"/>
    <Peak1D F1="8.747512" intensity="2.725751e-003" type="0"/>
    <Peak1D F1="8.724420" intensity="4.779869e-003" type="0"/>
    <Peak1D F1="8.705936" intensity="8.053551e-003" type="0"/>
    <Peak1D F1="8.636425" intensity="3.945213e+000" type="0"/>
    <Peak1D F1="8.576135" intensity="1.274483e-002" type="0"/>
    <Peak1D F1="8.554190" intensity="6.200534e-003" type="0"/>
    <Peak1D F1="8.544340" intensity="4.289866e-003" type="0"/>
    <Peak1D F1="8.499990" intensity="1.717175e-003" type="0"/>
    <Peak1D F1="8.474673" intensity="2.247118e-003" type="0"/>
    <Peak1D F1="8.455400" intensity="2.491535e-003" type="0"/>
    <Peak1D F1="8.423886" intensity="1.232596e-003" type="0"/>
    <Peak1D F1="8.253307" intensity="7.607464e-003" type="0"/>
    <Peak1D F1="8.130541" intensity="7.657188e-003" type="0"/>
    <Peak1D F1="8.079851" intensity="1.664279e-003" type="0"/>
    <Peak1D F1="7.570599" intensity="2.254107e-003" type="0"/>
    <Peak1D F1="7.554567" intensity="1.493884e-003" type="0"/>
    <Peak1D F1="7.550182" intensity="9.305279e-004" type="0"/>
    <Peak1D F1="7.531016" intensity="2.523305e-003" type="0"/>
    <Peak1D F1="7.414922" intensity="2.058314e-003" type="0"/>
    <Peak1D F1="7.410336" intensity="5.680223e-003" type="0"/>
    <Peak1D F1="7.404545" intensity="8.021908e-003" type="0"/>
    <Peak1D F1="7.400122" intensity="8.525481e-003" type="0"/>
    <Peak1D F1="7.393873" intensity="6.020984e-003" type="0"/>
    <Peak1D F1="7.389314" intensity="2.350681e-003" type="0"/>
    <Peak1D F1="7.331949" intensity="2.586675e-003" type="0"/>
    <Peak1D F1="7.327335" intensity="2.605090e-003" type="0"/>
    <Peak1D F1="7.262148" intensity="4.707099e-003" type="0"/>
    <Peak1D F1="7.153258" intensity="9.313080e-004" type="0"/>
    <Peak1D F1="7.137345" intensity="1.166940e-003" type="0"/>
    <Peak1D F1="7.132648" intensity="1.542932e-003" type="0"/>
    <Peak1D F1="7.081385" intensity="1.846960e-003" type="0"/>
    <Peak1D F1="7.062891" intensity="3.673593e-003" type="0"/>
    <Peak1D F1="7.051182" intensity="1.103555e-003" type="0"/>
    <Peak1D F1="7.022358" intensity="1.531427e-003" type="0"/>
    <Peak1D F1="6.997434" intensity="3.232995e-003" type="0"/>
    <Peak1D F1="6.989007" intensity="9.252450e-003" type="0"/>
    <Peak1D F1="6.978202" intensity="2.815640e-003" type="0"/>
    <Peak1D F1="6.967792" intensity="9.959721e-003" type="0"/>
    <Peak1D F1="6.958139" intensity="4.117840e-003" type="0"/>
    <Peak1D F1="6.936742" intensity="4.036808e-003" type="0"/>
    <Peak1D F1="6.924823" intensity="1.814965e-002" type="0"/>
    <Peak1D F1="6.904904" intensity="2.899769e-002" type="0"/>
    <Peak1D F1="6.884211" intensity="8.096534e-003" type="0"/>
    <Peak1D F1="6.877334" intensity="4.648658e-003" type="0"/>
    <Peak1D F1="6.863834" intensity="5.503319e-003" type="0"/>
    <Peak1D F1="6.856674" intensity="3.104656e-003" type="0"/>
    <Peak1D F1="6.836829" intensity="7.597839e-003" type="0"/>
    <Peak1D F1="6.825623" intensity="4.874201e-003" type="0"/>
    <Peak1D F1="6.815569" intensity="5.677079e-003" type="0"/>
    <Peak1D F1="6.805757" intensity="9.835223e-003" type="0"/>
    <Peak1D F1="6.786356" intensity="1.307909e-002" type="0"/>
    <Peak1D F1="6.778941" intensity="1.379170e-002" type="0"/>
    <Peak1D F1="6.772320" intensity="1.887942e-002" type="0"/>
    <Peak1D F1="6.766695" intensity="2.326049e-002" type="0"/>
    <Peak1D F1="6.730875" intensity="2.693053e+000" type="0"/>
    <Peak1D F1="6.710823" intensity="5.978631e+000" type="0"/>
    <Peak1D F1="6.667175" intensity="3.293417e-002" type="0"/>
    <Peak1D F1="6.648407" intensity="2.700520e-002" type="0"/>
    <Peak1D F1="6.626586" intensity="1.446536e-002" type="0"/>
    <Peak1D F1="6.621837" intensity="1.463012e-002" type="0"/>
    <Peak1D F1="6.573855" intensity="1.559902e+000" type="0"/>
    <Peak1D F1="6.569178" intensity="1.429789e+000" type="0"/>
    <Peak1D F1="6.553956" intensity="1.221606e+000" type="0"/>
    <Peak1D F1="6.549214" intensity="1.209012e+000" type="0"/>
    <Peak1D F1="6.530185" intensity="4.340218e-002" type="0"/>
    <Peak1D F1="6.520105" intensity="2.815504e-002" type="0"/>
    <Peak1D F1="6.510466" intensity="2.017974e-002" type="0"/>
    <Peak1D F1="6.472652" intensity="4.318225e-003" type="0"/>
    <Peak1D F1="6.432683" intensity="1.783741e-003" type="0"/>
    <Peak1D F1="6.411156" intensity="1.035280e-003" type="0"/>
    <Peak1D F1="6.405783" intensity="9.638113e-004" type="0"/>
    <Peak1D F1="6.375388" intensity="6.260630e-003" type="0"/>
    <Peak1D F1="6.371226" intensity="6.009174e-003" type="0"/>
    <Peak1D F1="6.355641" intensity="5.897602e-003" type="0"/>
    <Peak1D F1="6.351327" intensity="6.073067e-003" type="0"/>
    <Peak1D F1="6.338753" intensity="2.171160e-003" type="0"/>
    <Peak1D F1="6.333221" intensity="1.700140e-003" type="0"/>
    <Peak1D F1="6.313278" intensity="2.069745e-002" type="0"/>
    <Peak1D F1="6.296934" intensity="3.232781e-003" type="0"/>
    <Peak1D F1="6.290951" intensity="1.968462e-003" type="0"/>
    <Peak1D F1="6.273381" intensity="1.701115e-002" type="0"/>
    <Peak1D F1="6.238208" intensity="1.137365e-003" type="0"/>
    <Peak1D F1="6.212938" intensity="2.546695e-003" type="0"/>
    <Peak1D F1="6.183374" intensity="5.284616e-003" type="0"/>
    <Peak1D F1="6.166005" intensity="2.475149e-003" type="0"/>
    <Peak1D F1="6.155795" intensity="5.959703e-003" type="0"/>
    <Peak1D F1="6.148998" intensity="4.104639e-003" type="0"/>
    <Peak1D F1="6.139667" intensity="6.303678e-003" type="0"/>
    <Peak1D F1="6.132025" intensity="2.196826e-003" type="0"/>
    <Peak1D F1="6.123858" intensity="5.447160e-003" type="0"/>
    <Peak1D F1="6.112017" intensity="6.372298e-003" type="0"/>
    <Peak1D F1="6.106607" intensity="6.227582e-003" type="0"/>
    <Peak1D F1="6.098667" intensity="1.932714e-003" type="0"/>
    <Peak1D F1="6.089533" intensity="3.032656e-003" type="0"/>
    <Peak1D F1="6.081569" intensity="4.324812e-003" type="0"/>
    <Peak1D F1="6.064528" intensity="2.637637e-003" type="0"/>
    <Peak1D F1="6.033182" intensity="1.974404e-002" type="0"/>
    <Peak1D F1="6.024052" intensity="4.213175e-003" type="0"/>
    <Peak1D F1="6.005445" intensity="3.732411e-002" type="0"/>
    <Peak1D F1="5.989722" intensity="9.860074e-001" type="0"/>
    <Peak1D F1="5.976050" intensity="3.847485e-001" type="0"/>
    <Peak1D F1="5.962151" intensity="1.250207e+000" type="0"/>
    <Peak1D F1="5.959381" intensity="1.001398e+000" type="0"/>
    <Peak1D F1="5.950946" intensity="5.259303e-001" type="0"/>
    <Peak1D F1="5.945881" intensity="1.245162e+000" type="0"/>
    <Peak1D F1="5.934031" intensity="1.180076e+000" type="0"/>
    <Peak1D F1="5.917870" intensity="1.847706e+000" type="0"/>
    <Peak1D F1="5.908566" intensity="5.025949e-001" type="0"/>
    <Peak1D F1="5.899881" intensity="4.602396e-001" type="0"/>
    <Peak1D F1="5.891670" intensity="8.859068e-001" type="0"/>
    <Peak1D F1="5.874893" intensity="4.164025e-001" type="0"/>
    <Peak1D F1="5.838982" intensity="6.025441e-003" type="0"/>
    <Peak1D F1="5.830902" intensity="4.173703e-003" type="0"/>
    <Peak1D F1="5.819188" intensity="2.754959e-003" type="0"/>
    <Peak1D F1="5.813674" intensity="2.957931e-003" type="0"/>
    <Peak1D F1="5.798420" intensity="1.189528e-003" type="0"/>
    <Peak1D F1="5.791481" intensity="4.912875e-003" type="0"/>
    <Peak1D F1="5.781952" intensity="1.949149e-003" type="0"/>
    <Peak1D F1="5.764516" intensity="7.944419e-003" type="0"/>
    <Peak1D F1="5.756746" intensity="2.166787e-003" type="0"/>
    <Peak1D F1="5.747834" intensity="6.172584e-003" type="0"/>
    <Peak1D F1="5.739771" intensity="5.090599e-003" type="0"/>
    <Peak1D F1="5.722114" intensity="7.379048e-003" type="0"/>
    <Peak1D F1="5.714355" intensity="1.578247e-003" type="0"/>
    <Peak1D F1="5.705566" intensity="9.459184e-004" type="0"/>
    <Peak1D F1="5.697420" intensity="3.161114e-003" type="0"/>
    <Peak1D F1="5.680738" intensity="8.935670e-004" type="0"/>
    <Peak1D F1="5.662880" intensity="1.470989e-002" type="0"/>
    <Peak1D F1="5.623165" intensity="2.944062e-002" type="0"/>
    <Peak1D F1="5.583195" intensity="8.193693e-003" type="0"/>
    <Peak1D F1="5.529186" intensity="1.077396e-002" type="0"/>
    <Peak1D F1="5.511242" intensity="2.274592e-002" type="0"/>
    <Peak1D F1="5.493151" intensity="1.388681e-002" type="0"/>
    <Peak1D F1="5.471598" intensity="1.425326e-002" type="0"/>
    <Peak1D F1="5.452259" intensity="2.319249e-002" type="0"/>
    <Peak1D F1="5.436603" intensity="3.623793e-002" type="0"/>
    <Peak1D F1="5.421271" intensity="2.265579e-002" type="0"/>
    <Peak1D F1="5.417338" intensity="2.706211e-002" type="0"/>
    <Peak1D F1="5.413826" intensity="3.812596e-002" type="0"/>
    <Peak1D F1="5.398405" intensity="7.518721e-002" type="0"/>
    <Peak1D F1="5.383169" intensity="4.434617e-002" type="0"/>
    <Peak1D F1="5.367134" intensity="1.220638e-002" type="0"/>
    <Peak1D F1="5.350305" intensity="1.743775e-001" type="0"/>
    <Peak1D F1="5.346503" intensity="3.006767e-001" type="0"/>
    <Peak1D F1="5.342566" intensity="2.045817e-001" type="0"/>
    <Peak1D F1="5.332356" intensity="3.581550e-001" type="0"/>
    <Peak1D F1="5.328524" intensity="6.140015e-001" type="0"/>
    <Peak1D F1="5.324351" intensity="5.661253e-001" type="0"/>
    <Peak1D F1="5.319986" intensity="5.227515e-001" type="0"/>
    <Peak1D F1="5.315578" intensity="4.030296e-001" type="0"/>
    <Peak1D F1="5.310675" intensity="3.974866e-001" type="0"/>
    <Peak1D F1="5.306140" intensity="6.108118e-001" type="0"/>
    <Peak1D F1="5.302011" intensity="9.004283e-001" type="0"/>
    <Peak1D F1="5.298419" intensity="5.487055e-001" type="0"/>
    <Peak1D F1="5.287782" intensity="2.980366e-001" type="0"/>
    <Peak1D F1="5.284245" intensity="4.943002e-001" type="0"/>
    <Peak1D F1="5.269535" intensity="4.002424e-002" type="0"/>
    <Peak1D F1="5.258202" intensity="2.291902e-002" type="0"/>
    <Peak1D F1="5.253428" intensity="2.728761e-002" type="0"/>
    <Peak1D F1="5.228765" intensity="2.975223e-001" type="0"/>
    <Peak1D F1="5.225869" intensity="4.683490e-001" type="0"/>
    <Peak1D F1="5.222559" intensity="2.919698e-001" type="0"/>
    <Peak1D F1="5.211178" intensity="5.694355e-001" type="0"/>
    <Peak1D F1="5.207808" intensity="9.224617e-001" type="0"/>
    <Peak1D F1="5.204055" intensity="6.150958e-001" type="0"/>
    <Peak1D F1="5.199390" intensity="3.813944e-001" type="0"/>
    <Peak1D F1="5.193533" intensity="3.653063e-001" type="0"/>
    <Peak1D F1="5.189660" intensity="4.990008e-001" type="0"/>
    <Peak1D F1="5.185206" intensity="5.299051e-001" type="0"/>
    <Peak1D F1="5.181246" intensity="6.384053e-001" type="0"/>
    <Peak1D F1="5.177695" intensity="3.870443e-001" type="0"/>
    <Peak1D F1="5.166406" intensity="2.381724e-001" type="0"/>
    <Peak1D F1="5.163063" intensity="3.727400e-001" type="0"/>
    <Peak1D F1="5.159133" intensity="3.132508e-001" type="0"/>
    <Peak1D F1="5.152988" intensity="1.420091e+000" type="0"/>
    <Peak1D F1="5.150562" intensity="1.471169e+000" type="0"/>
    <Peak1D F1="5.109177" intensity="1.315688e+000" type="0"/>
    <Peak1D F1="5.106736" intensity="1.338330e+000" type="0"/>
    <Peak1D F1="5.094938" intensity="4.641971e-001" type="0"/>
    <Peak1D F1="5.091834" intensity="5.384271e-001" type="0"/>
    <Peak1D F1="5.084737" intensity="1.799546e+000" type="0"/>
    <Peak1D F1="5.082213" intensity="1.758078e+000" type="0"/>
    <Peak1D F1="5.077981" intensity="8.931521e-001" type="0"/>
    <Peak1D F1="5.068058" intensity="1.728734e+000" type="0"/>
    <Peak1D F1="5.063067" intensity="1.733333e+000" type="0"/>
    <Peak1D F1="5.057374" intensity="2.078508e+000" type="0"/>
    <Peak1D F1="5.054840" intensity="1.802959e+000" type="0"/>
    <Peak1D F1="5.029345" intensity="5.416200e-001" type="0"/>
    <Peak1D F1="5.025514" intensity="1.171339e+000" type="0"/>
    <Peak1D F1="5.020576" intensity="1.315730e+000" type="0"/>
    <Peak1D F1="5.016214" intensity="8.423183e-001" type="0"/>
    <Peak1D F1="5.013927" intensity="9.129798e-001" type="0"/>
    <Peak1D F1="5.010831" intensity="1.418582e+000" type="0"/>
    <Peak1D F1="5.008277" intensity="1.277376e+000" type="0"/>
    <Peak1D F1="5.005735" intensity="1.226626e+000" type="0"/>
    <Peak1D F1="4.985828" intensity="1.294610e+000" type="0"/>
    <Peak1D F1="4.983195" intensity="1.175672e+000" type="0"/>
    <Peak1D F1="4.980746" intensity="1.130500e+000" type="0"/>
    <Peak1D F1="4.956806" intensity="3.510817e-002" type="0"/>
    <Peak1D F1="4.938332" intensity="1.542500e-002" type="0"/>
    <Peak1D F1="4.928708" intensity="1.269670e-002" type="0"/>
    <Peak1D F1="4.925243" intensity="1.286997e-002" type="0"/>
    <Peak1D F1="4.912787" intensity="1.483261e-002" type="0"/>
    <Peak1D F1="4.898376" intensity="2.065597e-002" type="0"/>
    <Peak1D F1="4.884059" intensity="1.819449e-002" type="0"/>
    <Peak1D F1="4.873316" intensity="1.230192e-002" type="0"/>
    <Peak1D F1="4.868670" intensity="1.216007e-002" type="0"/>
    <Peak1D F1="4.856562" intensity="1.004567e-002" type="0"/>
    <Peak1D F1="4.830729" intensity="7.347422e-003" type="0"/>
    <Peak1D F1="4.825945" intensity="7.943822e-003" type="0"/>
    <Peak1D F1="4.822027" intensity="6.036995e-003" type="0"/>
    <Peak1D F1="4.812201" intensity="7.033452e-003" type="0"/>
    <Peak1D F1="4.787162" intensity="6.618729e-003" type="0"/>
    <Peak1D F1="4.726797" intensity="4.491722e-003" type="0"/>
    <Peak1D F1="4.715274" intensity="4.073532e-003" type="0"/>
    <Peak1D F1="4.689235" intensity="1.392651e-002" type="0"/>
    <Peak1D F1="4.658566" intensity="1.463791e-002" type="0"/>
    <Peak1D F1="4.437356" intensity="9.963144e-003" type="0"/>
    <Peak1D F1="4.352040" intensity="2.367696e-003" type="0"/>
    <Peak1D F1="4.235764" intensity="3.464142e-003" type="0"/>
    <Peak1D F1="4.220236" intensity="1.205971e-002" type="0"/>
    <Peak1D F1="4.202579" intensity="1.062288e-002" type="0"/>
    <Peak1D F1="4.185925" intensity="3.268720e-003" type="0"/>
    <Peak1D F1="4.143982" intensity="3.310248e-003" type="0"/>
    <Peak1D F1="4.126456" intensity="2.558510e-003" type="0"/>
    <Peak1D F1="3.953124" intensity="1.739585e-003" type="0"/>
    <Peak1D F1="3.924462" intensity="9.636234e-002" type="0"/>
    <Peak1D F1="3.914386" intensity="9.216611e-003" type="0"/>
    <Peak1D F1="3.888571" intensity="2.649646e-003" type="0"/>
    <Peak1D F1="3.869890" intensity="5.600172e-003" type="0"/>
    <Peak1D F1="3.861519" intensity="4.666049e-003" type="0"/>
    <Peak1D F1="3.844515" intensity="7.794517e-002" type="0"/>
    <Peak1D F1="3.837236" intensity="2.630155e-002" type="0"/>
    <Peak1D F1="3.814974" intensity="2.018442e-002" type="0"/>
    <Peak1D F1="3.809259" intensity="3.041400e-002" type="0"/>
    <Peak1D F1="3.792601" intensity="6.057712e-002" type="0"/>
    <Peak1D F1="3.775585" intensity="1.334901e-001" type="0"/>
    <Peak1D F1="3.746906" intensity="1.500000e+001" type="0"/>
    <Peak1D F1="3.696854" intensity="6.535681e-002" type="0"/>
    <Peak1D F1="3.689430" intensity="3.716938e-002" type="0"/>
    <Peak1D F1="3.686456" intensity="3.792467e-002" type="0"/>
    <Peak1D F1="3.673818" intensity="1.167658e-002" type="0"/>
    <Peak1D F1="3.664358" intensity="1.439080e-002" type="0"/>
    <Peak1D F1="3.652086" intensity="8.133842e-003" type="0"/>
    <Peak1D F1="3.643305" intensity="6.854182e-003" type="0"/>
    <Peak1D F1="3.616669" intensity="3.817867e-003" type="0"/>
    <Peak1D F1="3.610547" intensity="4.560135e-003" type="0"/>
    <Peak1D F1="3.584538" intensity="7.949684e-003" type="0"/>
    <Peak1D F1="3.564870" intensity="9.516856e-002" type="0"/>
    <Peak1D F1="3.512702" intensity="4.269059e-003" type="0"/>
    <Peak1D F1="3.425334" intensity="7.246814e-001" type="0"/>
    <Peak1D F1="3.332915" intensity="1.235025e-002" type="0"/>
    <Peak1D F1="3.259803" intensity="2.784515e+000" type="0"/>
    <Peak1D F1="3.242992" intensity="2.787653e+000" type="0"/>
    <Peak1D F1="3.181637" intensity="1.278444e-002" type="0"/>
    <Peak1D F1="3.163582" intensity="5.095610e-003" type="0"/>
    <Peak1D F1="3.131685" intensity="3.025359e-003" type="0"/>
    <Peak1D F1="3.099958" intensity="1.679179e-002" type="0"/>
    <Peak1D F1="3.083389" intensity="1.548599e-002" type="0"/>
    <Peak1D F1="3.018395" intensity="1.123581e-002" type="0"/>
    <Peak1D F1="3.000635" intensity="1.079571e-002" type="0"/>
    <Peak1D F1="2.978237" intensity="2.242228e-003" type="0"/>
    <Peak1D F1="2.961150" intensity="3.608413e-003" type="0"/>
    <Peak1D F1="2.932139" intensity="5.272476e-003" type="0"/>
    <Peak1D F1="2.862037" intensity="2.045711e+000" type="0"/>
    <Peak1D F1="2.844023" intensity="2.048808e+000" type="0"/>
    <Peak1D F1="2.808432" intensity="1.583380e-001" type="0"/>
    <Peak1D F1="2.793355" intensity="1.532892e-001" type="0"/>
    <Peak1D F1="2.752216" intensity="4.098922e-003" type="0"/>
    <Peak1D F1="2.725981" intensity="2.278847e-003" type="0"/>
    <Peak1D F1="2.701627" intensity="1.349005e-002" type="0"/>
    <Peak1D F1="2.683346" intensity="1.301876e-002" type="0"/>
    <Peak1D F1="2.670857" intensity="4.357576e-003" type="0"/>
    <Peak1D F1="2.666265" intensity="4.732250e-003" type="0"/>
    <Peak1D F1="2.646753" intensity="1.464140e-002" type="0"/>
    <Peak1D F1="2.631345" intensity="2.532739e-002" type="0"/>
    <Peak1D F1="2.615343" intensity="1.439819e-002" type="0"/>
    <Peak1D F1="2.599173" intensity="1.578826e-002" type="0"/>
    <Peak1D F1="2.581549" intensity="1.483053e-002" type="0"/>
    <Peak1D F1="2.579316" intensity="1.469302e-002" type="0"/>
    <Peak1D F1="2.562992" intensity="1.814299e-002" type="0"/>
    <Peak1D F1="2.544911" intensity="2.107220e-002" type="0"/>
    <Peak1D F1="2.538121" intensity="2.761061e-002" type="0"/>
    <Peak1D F1="2.518303" intensity="4.501625e-002" type="0"/>
    <Peak1D F1="2.501695" intensity="3.552399e-001" type="0"/>
    <Peak1D F1="2.497250" intensity="4.603428e-001" type="0"/>
    <Peak1D F1="2.492845" intensity="3.477831e-001" type="0"/>
    <Peak1D F1="2.437588" intensity="1.420571e+000" type="0"/>
    <Peak1D F1="2.434803" intensity="1.450945e+000" type="0"/>
    <Peak1D F1="2.428753" intensity="1.627250e+000" type="0"/>
    <Peak1D F1="2.422363" intensity="1.519136e+000" type="0"/>
    <Peak1D F1="2.419172" intensity="1.611563e+000" type="0"/>
    <Peak1D F1="2.416959" intensity="1.663015e+000" type="0"/>
    <Peak1D F1="2.333478" intensity="2.255782e-002" type="0"/>
    <Peak1D F1="2.326973" intensity="2.944200e-002" type="0"/>
    <Peak1D F1="2.308737" intensity="3.596625e-002" type="0"/>
    <Peak1D F1="2.303326" intensity="3.095711e-002" type="0"/>
    <Peak1D F1="2.294991" intensity="4.412581e-002" type="0"/>
    <Peak1D F1="2.284118" intensity="4.223909e-002" type="0"/>
    <Peak1D F1="2.245882" intensity="2.162563e+000" type="0"/>
    <Peak1D F1="2.241296" intensity="1.619964e+000" type="0"/>
    <Peak1D F1="2.233877" intensity="1.958555e+000" type="0"/>
    <Peak1D F1="2.228476" intensity="1.461188e+000" type="0"/>
    <Peak1D F1="2.222469" intensity="1.666675e+000" type="0"/>
    <Peak1D F1="2.191490" intensity="3.091753e-002" type="0"/>
    <Peak1D F1="2.156348" intensity="3.430619e-001" type="0"/>
    <Peak1D F1="2.138652" intensity="1.243604e+000" type="0"/>
    <Peak1D F1="2.137678" intensity="1.243873e+000" type="0"/>
    <Peak1D F1="2.119648" intensity="1.897235e+000" type="0"/>
    <Peak1D F1="2.100997" intensity="1.316236e+000" type="0"/>
    <Peak1D F1="2.082256" intensity="3.811594e-001" type="0"/>
    <Peak1D F1="2.070111" intensity="7.290877e-002" type="0"/>
    <Peak1D F1="2.058240" intensity="5.811788e-002" type="0"/>
    <Peak1D F1="2.006995" intensity="7.523079e+000" type="0"/>
    <Peak1D F1="1.965666" intensity="4.953211e-001" type="0"/>
    <Peak1D F1="1.945271" intensity="1.265096e+001" type="0"/>
    <Peak1D F1="1.933410" intensity="1.246285e+000" type="0"/>
    <Peak1D F1="1.927450" intensity="1.423538e+000" type="0"/>
    <Peak1D F1="1.914636" intensity="6.745275e-001" type="0"/>
    <Peak1D F1="1.909056" intensity="7.939196e-001" type="0"/>
    <Peak1D F1="1.893972" intensity="1.702373e-001" type="0"/>
    <Peak1D F1="1.884239" intensity="1.892121e-001" type="0"/>
    <Peak1D F1="1.868587" intensity="5.086238e-001" type="0"/>
    <Peak1D F1="1.850949" intensity="4.159632e-001" type="0"/>
    <Peak1D F1="1.846675" intensity="3.436204e-001" type="0"/>
    <Peak1D F1="1.835869" intensity="7.427562e-001" type="0"/>
    <Peak1D F1="1.828990" intensity="2.709066e-001" type="0"/>
    <Peak1D F1="1.816498" intensity="7.086865e-001" type="0"/>
    <Peak1D F1="1.814499" intensity="7.558005e-001" type="0"/>
    <Peak1D F1="1.795216" intensity="4.408199e-001" type="0"/>
    <Peak1D F1="1.782406" intensity="1.294908e-001" type="0"/>
    <Peak1D F1="1.775519" intensity="9.007908e-002" type="0"/>
    <Peak1D F1="1.758316" intensity="6.150500e-001" type="0"/>
    <Peak1D F1="1.742296" intensity="6.279759e-001" type="0"/>
    <Peak1D F1="1.734168" intensity="5.057608e-001" type="0"/>
    <Peak1D F1="1.725614" intensity="4.166053e-001" type="0"/>
    <Peak1D F1="1.717554" intensity="4.727244e-001" type="0"/>
    <Peak1D F1="1.705154" intensity="5.702017e-001" type="0"/>
    <Peak1D F1="1.683930" intensity="2.760414e-001" type="0"/>
    <Peak1D F1="1.666124" intensity="1.266867e-001" type="0"/>
    <Peak1D F1="1.639699" intensity="5.292069e+000" type="0"/>
    <Peak1D F1="1.591519" intensity="6.452781e-002" type="0"/>
    <Peak1D F1="1.554960" intensity="5.894579e+000" type="0"/>
    <Peak1D F1="1.522323" intensity="7.794067e-002" type="0"/>
    <Peak1D F1="1.502468" intensity="2.024330e-001" type="0"/>
    <Peak1D F1="1.481177" intensity="9.560305e+000" type="0"/>
    <Peak1D F1="1.453860" intensity="2.678873e-001" type="0"/>
    <Peak1D F1="1.448800" intensity="1.511618e-001" type="0"/>
    <Peak1D F1="1.437977" intensity="5.889602e-002" type="0"/>
    <Peak1D F1="1.420677" intensity="5.038794e-002" type="0"/>
    <Peak1D F1="1.415384" intensity="4.578424e-002" type="0"/>
    <Peak1D F1="1.396325" intensity="6.937726e-002" type="0"/>
    <Peak1D F1="1.370190" intensity="2.935254e-002" type="0"/>
    <Peak1D F1="1.351543" intensity="1.772411e-002" type="0"/>
    <Peak1D F1="1.337462" intensity="1.613886e-001" type="0"/>
    <Peak1D F1="1.319875" intensity="6.866202e-002" type="0"/>
    <Peak1D F1="1.304950" intensity="1.060915e-002" type="0"/>
    <Peak1D F1="1.290498" intensity="1.196248e-002" type="0"/>
    <Peak1D F1="1.278755" intensity="1.279745e-002" type="0"/>
    <Peak1D F1="1.237113" intensity="3.289754e-001" type="0"/>
    <Peak1D F1="1.218254" intensity="1.725571e-001" type="0"/>
    <Peak1D F1="1.198038" intensity="1.664957e-002" type="0"/>
    <Peak1D F1="1.183110" intensity="2.642589e-001" type="0"/>
    <Peak1D F1="1.173185" intensity="3.696458e-002" type="0"/>
    <Peak1D F1="1.158685" intensity="1.216260e-002" type="0"/>
    <Peak1D F1="1.150202" intensity="1.199821e-002" type="0"/>
    <Peak1D F1="1.142756" intensity="1.215732e-002" type="0"/>
    <Peak1D F1="1.134911" intensity="1.008302e-002" type="0"/>
    <Peak1D F1="1.127567" intensity="1.015334e-002" type="0"/>
    <Peak1D F1="1.117199" intensity="3.030997e-002" type="0"/>
    <Peak1D F1="1.109197" intensity="1.160296e-002" type="0"/>
    <Peak1D F1="1.098400" intensity="5.033616e-002" type="0"/>
    <Peak1D F1="1.090016" intensity="1.265868e-002" type="0"/>
    <Peak1D F1="1.079455" intensity="3.089469e-002" type="0"/>
    <Peak1D F1="1.057212" intensity="8.781515e-003" type="0"/>
    <Peak1D F1="1.044968" intensity="1.011609e-002" type="0"/>
    <Peak1D F1="1.036975" intensity="1.095607e-002" type="0"/>
    <Peak1D F1="1.030268" intensity="1.221858e-002" type="0"/>
    <Peak1D F1="1.018465" intensity="1.445720e-002" type="0"/>
    <Peak1D F1="1.012890" intensity="1.142388e-002" type="0"/>
    <Peak1D F1="0.997778" intensity="1.807806e-002" type="0"/>
    <Peak1D F1="0.961523" intensity="3.908957e+000" type="0"/>
    <Peak1D F1="0.942700" intensity="7.415354e+000" type="0"/>
    <Peak1D F1="0.923886" intensity="3.807244e+000" type="0"/>
    <Peak1D F1="0.901698" intensity="6.658488e-001" type="0"/>
    <Peak1D F1="0.883166" intensity="3.806049e-001" type="0"/>
    <Peak1D F1="0.865240" intensity="6.698551e-002" type="0"/>
    <Peak1D F1="0.838139" intensity="5.461140e-002" type="0"/>
    <Peak1D F1="0.819426" intensity="8.824196e-002" type="0"/>
    <Peak1D F1="0.801427" intensity="5.632517e-002" type="0"/>
    <Peak1D F1="0.783466" intensity="5.120632e-002" type="0"/>
    <Peak1D F1="0.764708" intensity="2.791640e-002" type="0"/>
    <Peak1D F1="0.749881" intensity="6.786103e-003" type="0"/>
    <Peak1D F1="0.742735" intensity="6.957937e-003" type="0"/>
    <Peak1D F1="0.724322" intensity="4.071707e-003" type="0"/>
    <Peak1D F1="0.706923" intensity="2.060306e-003" type="0"/>
    <Peak1D F1="0.687135" intensity="1.648535e-003" type="0"/>
    <Peak1D F1="0.665009" intensity="3.687743e-003" type="0"/>
    <Peak1D F1="0.647795" intensity="3.666322e-003" type="0"/>
    <Peak1D F1="0.007947" intensity="4.048416e-003" type="0"/>
    <Peak1D F1="-0.000155" intensity="1.028933e-001" type="0"/>
    <Peak1D F1="-0.008319" intensity="4.385958e-003" type="0"/>
  </PeakList1D>
</PeakList>
