<?xml version="1.0" encoding="UTF-8"?>
<PeakList>
  <PeakList1D>
    <PeakList1DHeader creator="root" date="2021-09-27T15:53:10.390+08:00" expNo="1" name="0927xj20" owner="" procNo="1" source="D:/Zhi-Ming Zhang">
      <PeakPickDetails>F1=16.171829ppm, F2=-3.853714ppm, MI=0.00cm, MAXI=10000.00cm, PC=1.000
      </PeakPickDetails>
    </PeakList1DHeader>
    <Peak1D F1="12.411957" intensity="7.149467e-004" type="0"/>
    <Peak1D F1="12.174281" intensity="2.092354e-003" type="0"/>
    <Peak1D F1="12.156208" intensity="2.139343e-003" type="0"/>
    <Peak1D F1="12.146759" intensity="2.208832e-003" type="0"/>
    <Peak1D F1="12.123482" intensity="2.489154e-003" type="0"/>
    <Peak1D F1="12.023918" intensity="1.661561e-003" type="0"/>
    <Peak1D F1="11.921780" intensity="1.152731e-003" type="0"/>
    <Peak1D F1="11.904799" intensity="9.089400e-004" type="0"/>
    <Peak1D F1="11.852419" intensity="7.574827e-004" type="0"/>
    <Peak1D F1="11.828562" intensity="6.626453e-004" type="0"/>
    <Peak1D F1="11.810732" intensity="6.500193e-004" type="0"/>
    <Peak1D F1="11.805840" intensity="7.222258e-004" type="0"/>
    <Peak1D F1="11.787253" intensity="7.227932e-004" type="0"/>
    <Peak1D F1="11.727470" intensity="1.258887e-003" type="0"/>
    <Peak1D F1="11.579272" intensity="1.057103e-003" type="0"/>
    <Peak1D F1="11.506438" intensity="1.743312e-003" type="0"/>
    <Peak1D F1="11.456542" intensity="1.070990e-003" type="0"/>
    <Peak1D F1="11.430512" intensity="1.873731e-002" type="0"/>
    <Peak1D F1="11.374111" intensity="9.433692e-003" type="0"/>
    <Peak1D F1="11.352400" intensity="7.904430e-004" type="0"/>
    <Peak1D F1="11.297338" intensity="5.351131e-003" type="0"/>
    <Peak1D F1="11.276232" intensity="7.802116e-004" type="0"/>
    <Peak1D F1="11.164124" intensity="8.992170e-004" type="0"/>
    <Peak1D F1="11.151145" intensity="1.313314e-003" type="0"/>
    <Peak1D F1="11.137236" intensity="1.016960e-002" type="0"/>
    <Peak1D F1="10.842685" intensity="3.789148e-002" type="0"/>
    <Peak1D F1="10.642480" intensity="7.385784e-004" type="0"/>
    <Peak1D F1="10.317303" intensity="7.464828e-004" type="0"/>
    <Peak1D F1="10.297480" intensity="1.023971e-003" type="0"/>
    <Peak1D F1="10.250956" intensity="2.285978e-002" type="0"/>
    <Peak1D F1="10.230811" intensity="1.981271e-002" type="0"/>
    <Peak1D F1="10.169558" intensity="1.295246e-003" type="0"/>
    <Peak1D F1="10.078222" intensity="2.924972e-003" type="0"/>
    <Peak1D F1="9.779255" intensity="9.699804e-003" type="0"/>
    <Peak1D F1="9.719598" intensity="6.697141e-004" type="0"/>
    <Peak1D F1="9.615012" intensity="1.778891e-003" type="0"/>
    <Peak1D F1="9.595248" intensity="1.814180e-003" type="0"/>
    <Peak1D F1="8.942760" intensity="1.027095e-003" type="0"/>
    <Peak1D F1="8.895559" intensity="2.785972e-003" type="0"/>
    <Peak1D F1="8.877778" intensity="3.990849e-003" type="0"/>
    <Peak1D F1="8.837278" intensity="4.751252e-003" type="0"/>
    <Peak1D F1="8.815654" intensity="6.398831e-003" type="0"/>
    <Peak1D F1="8.772026" intensity="7.338211e-003" type="0"/>
    <Peak1D F1="8.600391" intensity="2.571966e+000" type="0"/>
    <Peak1D F1="8.531652" intensity="2.120578e-003" type="0"/>
    <Peak1D F1="8.516389" intensity="2.289651e-003" type="0"/>
    <Peak1D F1="8.437636" intensity="8.921258e-004" type="0"/>
    <Peak1D F1="8.213903" intensity="4.575438e-003" type="0"/>
    <Peak1D F1="8.115280" intensity="2.788220e-002" type="0"/>
    <Peak1D F1="7.561675" intensity="7.462780e-004" type="0"/>
    <Peak1D F1="7.522810" intensity="1.022971e-003" type="0"/>
    <Peak1D F1="7.486126" intensity="2.619093e-003" type="0"/>
    <Peak1D F1="7.454928" intensity="1.825231e-003" type="0"/>
    <Peak1D F1="7.438325" intensity="4.237094e-003" type="0"/>
    <Peak1D F1="7.401571" intensity="1.400455e-002" type="0"/>
    <Peak1D F1="7.388799" intensity="7.045396e-003" type="0"/>
    <Peak1D F1="7.320308" intensity="1.165679e-002" type="0"/>
    <Peak1D F1="7.299334" intensity="2.122303e-002" type="0"/>
    <Peak1D F1="7.253105" intensity="6.597477e-001" type="0"/>
    <Peak1D F1="7.212035" intensity="6.945326e-001" type="0"/>
    <Peak1D F1="7.180137" intensity="1.937065e-002" type="0"/>
    <Peak1D F1="7.149905" intensity="1.125211e-002" type="0"/>
    <Peak1D F1="7.126637" intensity="3.854796e-003" type="0"/>
    <Peak1D F1="7.083899" intensity="1.054390e-002" type="0"/>
    <Peak1D F1="7.060638" intensity="1.341978e-001" type="0"/>
    <Peak1D F1="7.020847" intensity="1.217368e-001" type="0"/>
    <Peak1D F1="6.986971" intensity="1.301122e-002" type="0"/>
    <Peak1D F1="6.964751" intensity="1.135841e-002" type="0"/>
    <Peak1D F1="6.944567" intensity="1.269406e-002" type="0"/>
    <Peak1D F1="6.938306" intensity="1.255084e-002" type="0"/>
    <Peak1D F1="6.917351" intensity="2.811448e-002" type="0"/>
    <Peak1D F1="6.897783" intensity="2.925674e-002" type="0"/>
    <Peak1D F1="6.883731" intensity="1.975299e-002" type="0"/>
    <Peak1D F1="6.728541" intensity="1.744438e+000" type="0"/>
    <Peak1D F1="6.707257" intensity="3.553008e+000" type="0"/>
    <Peak1D F1="6.654278" intensity="2.601714e-002" type="0"/>
    <Peak1D F1="6.566984" intensity="1.427217e+000" type="0"/>
    <Peak1D F1="6.547108" intensity="1.135509e+000" type="0"/>
    <Peak1D F1="6.508573" intensity="2.126976e-002" type="0"/>
    <Peak1D F1="6.478283" intensity="2.335405e-003" type="0"/>
    <Peak1D F1="6.455199" intensity="6.144237e-003" type="0"/>
    <Peak1D F1="6.433631" intensity="1.298654e-003" type="0"/>
    <Peak1D F1="6.415730" intensity="8.478976e-003" type="0"/>
    <Peak1D F1="6.400926" intensity="4.396723e-003" type="0"/>
    <Peak1D F1="6.391788" intensity="3.770220e-003" type="0"/>
    <Peak1D F1="6.380391" intensity="6.825003e-003" type="0"/>
    <Peak1D F1="6.365035" intensity="8.546087e-003" type="0"/>
    <Peak1D F1="6.348011" intensity="9.681265e-003" type="0"/>
    <Peak1D F1="6.320416" intensity="4.880719e-003" type="0"/>
    <Peak1D F1="6.296497" intensity="2.242436e-003" type="0"/>
    <Peak1D F1="6.270808" intensity="6.793885e-003" type="0"/>
    <Peak1D F1="6.246171" intensity="2.780736e-003" type="0"/>
    <Peak1D F1="6.229482" intensity="7.778646e-003" type="0"/>
    <Peak1D F1="6.213358" intensity="6.231551e-003" type="0"/>
    <Peak1D F1="6.179191" intensity="1.158693e-002" type="0"/>
    <Peak1D F1="6.168218" intensity="2.216064e-002" type="0"/>
    <Peak1D F1="6.123541" intensity="1.420311e-001" type="0"/>
    <Peak1D F1="6.074895" intensity="1.050874e+000" type="0"/>
    <Peak1D F1="6.033758" intensity="9.844484e-001" type="0"/>
    <Peak1D F1="6.002302" intensity="6.824210e-002" type="0"/>
    <Peak1D F1="5.985991" intensity="6.404084e-001" type="0"/>
    <Peak1D F1="5.973170" intensity="3.051149e-001" type="0"/>
    <Peak1D F1="5.957710" intensity="1.059585e+000" type="0"/>
    <Peak1D F1="5.941712" intensity="9.309163e-001" type="0"/>
    <Peak1D F1="5.931242" intensity="7.944409e-001" type="0"/>
    <Peak1D F1="5.914449" intensity="1.396175e+000" type="0"/>
    <Peak1D F1="5.897353" intensity="3.314899e-001" type="0"/>
    <Peak1D F1="5.888995" intensity="5.394651e-001" type="0"/>
    <Peak1D F1="5.872207" intensity="2.649193e-001" type="0"/>
    <Peak1D F1="5.842094" intensity="2.444661e-002" type="0"/>
    <Peak1D F1="5.804957" intensity="3.166260e-003" type="0"/>
    <Peak1D F1="5.788580" intensity="2.656533e-003" type="0"/>
    <Peak1D F1="5.761839" intensity="4.539509e-003" type="0"/>
    <Peak1D F1="5.743930" intensity="3.181700e-003" type="0"/>
    <Peak1D F1="5.738194" intensity="2.021034e-003" type="0"/>
    <Peak1D F1="5.717665" intensity="4.424231e-003" type="0"/>
    <Peak1D F1="5.702889" intensity="6.723803e-004" type="0"/>
    <Peak1D F1="5.694782" intensity="8.247783e-004" type="0"/>
    <Peak1D F1="5.674035" intensity="3.172787e-003" type="0"/>
    <Peak1D F1="5.661559" intensity="1.091875e-002" type="0"/>
    <Peak1D F1="5.621521" intensity="2.154006e-002" type="0"/>
    <Peak1D F1="5.579973" intensity="3.788888e-003" type="0"/>
    <Peak1D F1="5.523449" intensity="4.996612e-003" type="0"/>
    <Peak1D F1="5.505710" intensity="1.352943e-002" type="0"/>
    <Peak1D F1="5.485482" intensity="9.734815e-003" type="0"/>
    <Peak1D F1="5.466776" intensity="1.059515e-002" type="0"/>
    <Peak1D F1="5.448927" intensity="1.415854e-003" type="0"/>
    <Peak1D F1="5.361647" intensity="1.047973e-002" type="0"/>
    <Peak1D F1="5.340237" intensity="1.133311e-002" type="0"/>
    <Peak1D F1="5.316998" intensity="7.571696e-003" type="0"/>
    <Peak1D F1="5.296329" intensity="1.510270e-002" type="0"/>
    <Peak1D F1="5.274056" intensity="2.095481e-002" type="0"/>
    <Peak1D F1="5.248566" intensity="3.693129e-002" type="0"/>
    <Peak1D F1="5.204184" intensity="4.677618e-002" type="0"/>
    <Peak1D F1="5.148518" intensity="1.251310e+000" type="0"/>
    <Peak1D F1="5.104690" intensity="1.214832e+000" type="0"/>
    <Peak1D F1="5.089102" intensity="6.017492e-001" type="0"/>
    <Peak1D F1="5.077709" intensity="1.802267e+000" type="0"/>
    <Peak1D F1="5.061039" intensity="1.654743e+000" type="0"/>
    <Peak1D F1="5.051044" intensity="1.659782e+000" type="0"/>
    <Peak1D F1="5.018476" intensity="1.182250e+000" type="0"/>
    <Peak1D F1="5.004461" intensity="1.288862e+000" type="0"/>
    <Peak1D F1="4.979335" intensity="1.151514e+000" type="0"/>
    <Peak1D F1="4.908580" intensity="1.370645e-002" type="0"/>
    <Peak1D F1="4.891446" intensity="2.217500e-002" type="0"/>
    <Peak1D F1="4.877959" intensity="1.531937e-002" type="0"/>
    <Peak1D F1="4.866776" intensity="1.092822e-002" type="0"/>
    <Peak1D F1="4.850329" intensity="9.389703e-003" type="0"/>
    <Peak1D F1="4.823559" intensity="7.592429e-003" type="0"/>
    <Peak1D F1="4.808541" intensity="1.217579e-002" type="0"/>
    <Peak1D F1="4.777470" intensity="1.545613e-002" type="0"/>
    <Peak1D F1="4.759230" intensity="5.114001e-002" type="0"/>
    <Peak1D F1="4.734670" intensity="2.305893e-003" type="0"/>
    <Peak1D F1="4.682783" intensity="4.391325e-002" type="0"/>
    <Peak1D F1="4.654951" intensity="1.184836e-002" type="0"/>
    <Peak1D F1="4.597324" intensity="1.172244e-002" type="0"/>
    <Peak1D F1="4.569461" intensity="4.147705e-002" type="0"/>
    <Peak1D F1="4.535579" intensity="8.413696e-003" type="0"/>
    <Peak1D F1="4.411343" intensity="1.583592e-003" type="0"/>
    <Peak1D F1="4.310791" intensity="7.380969e-004" type="0"/>
    <Peak1D F1="4.158050" intensity="4.204088e-003" type="0"/>
    <Peak1D F1="4.020254" intensity="1.287320e-003" type="0"/>
    <Peak1D F1="3.999130" intensity="2.086781e-003" type="0"/>
    <Peak1D F1="3.925774" intensity="6.900659e-002" type="0"/>
    <Peak1D F1="3.845496" intensity="8.963303e-002" type="0"/>
    <Peak1D F1="3.836084" intensity="5.422738e-002" type="0"/>
    <Peak1D F1="3.808749" intensity="9.085149e-002" type="0"/>
    <Peak1D F1="3.748283" intensity="1.006914e+001" type="0"/>
    <Peak1D F1="3.699143" intensity="5.325738e-002" type="0"/>
    <Peak1D F1="3.680036" intensity="1.849852e-002" type="0"/>
    <Peak1D F1="3.664149" intensity="1.794888e-002" type="0"/>
    <Peak1D F1="3.641574" intensity="7.481424e-003" type="0"/>
    <Peak1D F1="3.614946" intensity="6.741263e-003" type="0"/>
    <Peak1D F1="3.585253" intensity="1.479051e-002" type="0"/>
    <Peak1D F1="3.566222" intensity="6.103005e-002" type="0"/>
    <Peak1D F1="3.403463" intensity="3.060195e-001" type="0"/>
    <Peak1D F1="3.369013" intensity="5.863328e-002" type="0"/>
    <Peak1D F1="3.259487" intensity="2.539127e+000" type="0"/>
    <Peak1D F1="3.242846" intensity="2.537559e+000" type="0"/>
    <Peak1D F1="3.175647" intensity="8.465869e-003" type="0"/>
    <Peak1D F1="3.157683" intensity="4.409479e-003" type="0"/>
    <Peak1D F1="3.125268" intensity="5.674242e-003" type="0"/>
    <Peak1D F1="3.102174" intensity="3.074358e-002" type="0"/>
    <Peak1D F1="3.083115" intensity="1.313441e-002" type="0"/>
    <Peak1D F1="3.052233" intensity="2.142650e-003" type="0"/>
    <Peak1D F1="2.988596" intensity="2.222958e-003" type="0"/>
    <Peak1D F1="2.637452" intensity="7.335182e-003" type="0"/>
    <Peak1D F1="2.622469" intensity="1.735538e-002" type="0"/>
    <Peak1D F1="2.606384" intensity="7.461138e-003" type="0"/>
    <Peak1D F1="2.561595" intensity="1.521887e-002" type="0"/>
    <Peak1D F1="2.540196" intensity="2.789160e-002" type="0"/>
    <Peak1D F1="2.519161" intensity="3.195157e-002" type="0"/>
    <Peak1D F1="2.495728" intensity="3.666490e-001" type="0"/>
    <Peak1D F1="2.469521" intensity="2.171932e-002" type="0"/>
    <Peak1D F1="2.450855" intensity="2.477366e-002" type="0"/>
    <Peak1D F1="2.433590" intensity="2.018822e-002" type="0"/>
    <Peak1D F1="2.413364" intensity="2.203091e-002" type="0"/>
    <Peak1D F1="2.396217" intensity="5.125498e-002" type="0"/>
    <Peak1D F1="2.377302" intensity="3.038677e-002" type="0"/>
    <Peak1D F1="2.319552" intensity="1.095123e-001" type="0"/>
    <Peak1D F1="2.273404" intensity="1.645181e-001" type="0"/>
    <Peak1D F1="2.262557" intensity="2.552920e-001" type="0"/>
    <Peak1D F1="2.238943" intensity="6.625589e+000" type="0"/>
    <Peak1D F1="2.192814" intensity="1.175349e-001" type="0"/>
    <Peak1D F1="2.169940" intensity="7.639975e-002" type="0"/>
    <Peak1D F1="2.155134" intensity="7.381760e-002" type="0"/>
    <Peak1D F1="2.143152" intensity="7.953416e-002" type="0"/>
    <Peak1D F1="2.135018" intensity="8.047326e-002" type="0"/>
    <Peak1D F1="2.115267" intensity="9.898803e-002" type="0"/>
    <Peak1D F1="2.098516" intensity="1.477046e-001" type="0"/>
    <Peak1D F1="2.077956" intensity="1.995856e-001" type="0"/>
    <Peak1D F1="2.054860" intensity="7.946208e-001" type="0"/>
    <Peak1D F1="2.039820" intensity="1.467602e+000" type="0"/>
    <Peak1D F1="2.024612" intensity="8.768512e-001" type="0"/>
    <Peak1D F1="1.966354" intensity="1.051258e+000" type="0"/>
    <Peak1D F1="1.939317" intensity="8.416932e+000" type="0"/>
    <Peak1D F1="1.908992" intensity="1.294403e+000" type="0"/>
    <Peak1D F1="1.891197" intensity="4.222882e-001" type="0"/>
    <Peak1D F1="1.875270" intensity="5.002046e-001" type="0"/>
    <Peak1D F1="1.857929" intensity="3.907685e-001" type="0"/>
    <Peak1D F1="1.842724" intensity="6.285858e-001" type="0"/>
    <Peak1D F1="1.822427" intensity="8.306805e-001" type="0"/>
    <Peak1D F1="1.802121" intensity="4.607511e-001" type="0"/>
    <Peak1D F1="1.775467" intensity="3.174979e-001" type="0"/>
    <Peak1D F1="1.756615" intensity="6.862863e-001" type="0"/>
    <Peak1D F1="1.730962" intensity="5.282901e+000" type="0"/>
    <Peak1D F1="1.704208" intensity="6.306517e-001" type="0"/>
    <Peak1D F1="1.691726" intensity="3.259273e-001" type="0"/>
    <Peak1D F1="1.682887" intensity="4.024219e-001" type="0"/>
    <Peak1D F1="1.639912" intensity="5.251638e+000" type="0"/>
    <Peak1D F1="1.615742" intensity="5.538981e-001" type="0"/>
    <Peak1D F1="1.600802" intensity="1.042108e+000" type="0"/>
    <Peak1D F1="1.585823" intensity="1.253098e+000" type="0"/>
    <Peak1D F1="1.570905" intensity="1.900137e+000" type="0"/>
    <Peak1D F1="1.554757" intensity="6.477525e+000" type="0"/>
    <Peak1D F1="1.527174" intensity="1.030740e+000" type="0"/>
    <Peak1D F1="1.482726" intensity="7.575258e+000" type="0"/>
    <Peak1D F1="1.458431" intensity="4.447789e+000" type="0"/>
    <Peak1D F1="1.436458" intensity="3.855309e+000" type="0"/>
    <Peak1D F1="1.410188" intensity="4.679242e-001" type="0"/>
    <Peak1D F1="1.402399" intensity="4.645943e-001" type="0"/>
    <Peak1D F1="1.378917" intensity="3.427345e-001" type="0"/>
    <Peak1D F1="1.369993" intensity="3.399432e-001" type="0"/>
    <Peak1D F1="1.340457" intensity="1.262262e+000" type="0"/>
    <Peak1D F1="1.298425" intensity="2.190423e-001" type="0"/>
    <Peak1D F1="1.248799" intensity="2.040174e-001" type="0"/>
    <Peak1D F1="1.236366" intensity="3.680383e-001" type="0"/>
    <Peak1D F1="1.217541" intensity="2.937671e-001" type="0"/>
    <Peak1D F1="1.208994" intensity="3.401209e-001" type="0"/>
    <Peak1D F1="1.182255" intensity="5.097071e-001" type="0"/>
    <Peak1D F1="1.167246" intensity="5.218837e-001" type="0"/>
    <Peak1D F1="1.143828" intensity="1.500000e+001" type="0"/>
    <Peak1D F1="1.125563" intensity="1.143924e+000" type="0"/>
    <Peak1D F1="1.096674" intensity="9.744151e-001" type="0"/>
    <Peak1D F1="1.071108" intensity="5.334079e-001" type="0"/>
    <Peak1D F1="1.052253" intensity="1.062428e+001" type="0"/>
    <Peak1D F1="1.024253" intensity="4.424988e-001" type="0"/>
    <Peak1D F1="1.016349" intensity="3.870848e-001" type="0"/>
    <Peak1D F1="0.994888" intensity="2.408668e-001" type="0"/>
    <Peak1D F1="0.986250" intensity="3.180315e-001" type="0"/>
    <Peak1D F1="0.964100" intensity="2.667286e-001" type="0"/>
    <Peak1D F1="0.941070" intensity="8.183225e+000" type="0"/>
    <Peak1D F1="0.917377" intensity="3.462514e-001" type="0"/>
    <Peak1D F1="0.899115" intensity="2.830980e-001" type="0"/>
    <Peak1D F1="0.894894" intensity="2.848676e-001" type="0"/>
    <Peak1D F1="0.879118" intensity="6.957538e-001" type="0"/>
    <Peak1D F1="0.863016" intensity="2.548102e-001" type="0"/>
    <Peak1D F1="0.845757" intensity="2.129338e-001" type="0"/>
    <Peak1D F1="0.828442" intensity="1.585574e-001" type="0"/>
    <Peak1D F1="0.821697" intensity="1.872799e-001" type="0"/>
    <Peak1D F1="0.803596" intensity="8.373810e-002" type="0"/>
    <Peak1D F1="0.796599" intensity="7.238843e-002" type="0"/>
    <Peak1D F1="0.782965" intensity="9.806163e-002" type="0"/>
    <Peak1D F1="0.728218" intensity="5.998606e-002" type="0"/>
    <Peak1D F1="0.690648" intensity="9.831554e-002" type="0"/>
    <Peak1D F1="0.671304" intensity="2.508294e-002" type="0"/>
    <Peak1D F1="0.653915" intensity="2.176362e-002" type="0"/>
    <Peak1D F1="0.624717" intensity="1.008321e-001" type="0"/>
    <Peak1D F1="0.610982" intensity="6.389093e-002" type="0"/>
    <Peak1D F1="0.583778" intensity="2.162890e-002" type="0"/>
    <Peak1D F1="0.519711" intensity="8.813008e-003" type="0"/>
    <Peak1D F1="0.500728" intensity="8.570805e-003" type="0"/>
    <Peak1D F1="0.467500" intensity="7.155437e-003" type="0"/>
    <Peak1D F1="0.423321" intensity="6.276032e-003" type="0"/>
    <Peak1D F1="0.409671" intensity="5.802303e-003" type="0"/>
    <Peak1D F1="0.341848" intensity="4.498634e-003" type="0"/>
    <Peak1D F1="0.312476" intensity="4.159695e-003" type="0"/>
    <Peak1D F1="0.260300" intensity="3.337399e-003" type="0"/>
    <Peak1D F1="0.204131" intensity="2.733307e-003" type="0"/>
    <Peak1D F1="0.149039" intensity="2.193020e-003" type="0"/>
    <Peak1D F1="0.094942" intensity="1.933977e-003" type="0"/>
    <Peak1D F1="-0.000150" intensity="5.877999e-002" type="0"/>
    <Peak1D F1="-0.085106" intensity="8.964503e-004" type="0"/>
    <Peak1D F1="-0.150102" intensity="8.985093e-004" type="0"/>
    <Peak1D F1="-2.709835" intensity="6.584195e-004" type="0"/>
    <Peak1D F1="-2.865590" intensity="6.827402e-004" type="0"/>
    <Peak1D F1="-2.880397" intensity="6.658789e-004" type="0"/>
    <Peak1D F1="-2.892267" intensity="6.579601e-004" type="0"/>
    <Peak1D F1="-2.987530" intensity="6.335033e-004" type="0"/>
    <Peak1D F1="-3.022620" intensity="6.421969e-004" type="0"/>
    <Peak1D F1="-3.047859" intensity="6.699148e-004" type="0"/>
    <Peak1D F1="-3.061460" intensity="6.943078e-004" type="0"/>
    <Peak1D F1="-3.077740" intensity="8.095125e-004" type="0"/>
    <Peak1D F1="-3.098081" intensity="6.853209e-004" type="0"/>
    <Peak1D F1="-3.128403" intensity="7.464425e-004" type="0"/>
    <Peak1D F1="-3.145189" intensity="7.385275e-004" type="0"/>
    <Peak1D F1="-3.176716" intensity="7.117944e-004" type="0"/>
    <Peak1D F1="-3.189335" intensity="8.082478e-004" type="0"/>
    <Peak1D F1="-3.211809" intensity="7.434391e-004" type="0"/>
    <Peak1D F1="-3.226970" intensity="8.943829e-004" type="0"/>
    <Peak1D F1="-3.249348" intensity="8.069010e-004" type="0"/>
    <Peak1D F1="-3.285266" intensity="6.858883e-004" type="0"/>
    <Peak1D F1="-3.328826" intensity="7.583507e-004" type="0"/>
    <Peak1D F1="-3.352137" intensity="8.316246e-004" type="0"/>
    <Peak1D F1="-3.362184" intensity="8.280946e-004" type="0"/>
    <Peak1D F1="-3.398038" intensity="7.863688e-004" type="0"/>
    <Peak1D F1="-3.408003" intensity="7.623578e-004" type="0"/>
    <Peak1D F1="-3.427589" intensity="7.327621e-004" type="0"/>
    <Peak1D F1="-3.441179" intensity="7.352997e-004" type="0"/>
    <Peak1D F1="-3.453060" intensity="8.254323e-004" type="0"/>
    <Peak1D F1="-3.469804" intensity="8.368516e-004" type="0"/>
    <Peak1D F1="-3.488117" intensity="8.445472e-004" type="0"/>
    <Peak1D F1="-3.519073" intensity="8.582822e-004" type="0"/>
    <Peak1D F1="-3.585859" intensity="8.020353e-004" type="0"/>
    <Peak1D F1="-3.608232" intensity="9.963916e-004" type="0"/>
    <Peak1D F1="-3.632645" intensity="8.806635e-004" type="0"/>
    <Peak1D F1="-3.662268" intensity="8.492322e-004" type="0"/>
    <Peak1D F1="-3.741062" intensity="9.254905e-004" type="0"/>
    <Peak1D F1="-3.760317" intensity="9.628388e-004" type="0"/>
    <Peak1D F1="-3.798954" intensity="9.659852e-004" type="0"/>
  </PeakList1D>
</PeakList>
