<?xml version="1.0" encoding="UTF-8"?>
<PeakList>
  <PeakList1D>
    <PeakList1DHeader creator="root" date="2021-09-25T19:27:54.441+08:00" expNo="1" name="0925xj12" owner="" procNo="1" source="D:/Zhi-Ming Zhang">
      <PeakPickDetails>F1=16.186171ppm, F2=-3.839372ppm, MI=0.00cm, MAXI=10000.00cm, PC=1.000
      </PeakPickDetails>
    </PeakList1DHeader>
    <Peak1D F1="11.305074" intensity="2.416885e-002" type="0"/>
    <Peak1D F1="11.262239" intensity="7.385838e-003" type="0"/>
    <Peak1D F1="10.042951" intensity="1.254547e-002" type="0"/>
    <Peak1D F1="10.022717" intensity="1.351282e-002" type="0"/>
    <Peak1D F1="9.984002" intensity="8.692718e-002" type="0"/>
    <Peak1D F1="9.969141" intensity="9.590514e-001" type="0"/>
    <Peak1D F1="9.949109" intensity="9.695456e-001" type="0"/>
    <Peak1D F1="9.868562" intensity="6.953453e-001" type="0"/>
    <Peak1D F1="9.848214" intensity="7.009194e-001" type="0"/>
    <Peak1D F1="9.631549" intensity="7.701096e-003" type="0"/>
    <Peak1D F1="8.160360" intensity="8.637822e-003" type="0"/>
    <Peak1D F1="8.115041" intensity="3.614078e-002" type="0"/>
    <Peak1D F1="7.084770" intensity="2.116029e-002" type="0"/>
    <Peak1D F1="7.073082" intensity="1.829246e-002" type="0"/>
    <Peak1D F1="5.846362" intensity="4.139567e-002" type="0"/>
    <Peak1D F1="5.813566" intensity="3.195378e-001" type="0"/>
    <Peak1D F1="5.794060" intensity="6.806799e-001" type="0"/>
    <Peak1D F1="5.774115" intensity="3.912498e-001" type="0"/>
    <Peak1D F1="5.771539" intensity="3.753885e-001" type="0"/>
    <Peak1D F1="5.734684" intensity="1.710678e-002" type="0"/>
    <Peak1D F1="5.656884" intensity="1.614674e-002" type="0"/>
    <Peak1D F1="5.592829" intensity="3.621970e-002" type="0"/>
    <Peak1D F1="5.537387" intensity="1.759431e-002" type="0"/>
    <Peak1D F1="5.521190" intensity="2.597677e-002" type="0"/>
    <Peak1D F1="5.500522" intensity="3.345543e-001" type="0"/>
    <Peak1D F1="5.482301" intensity="6.791628e-001" type="0"/>
    <Peak1D F1="5.478243" intensity="5.567563e-001" type="0"/>
    <Peak1D F1="5.473641" intensity="5.159921e-001" type="0"/>
    <Peak1D F1="5.469301" intensity="4.027935e-001" type="0"/>
    <Peak1D F1="5.464079" intensity="4.210696e-001" type="0"/>
    <Peak1D F1="5.459024" intensity="6.480218e-001" type="0"/>
    <Peak1D F1="5.455417" intensity="9.161853e-001" type="0"/>
    <Peak1D F1="5.437299" intensity="4.748271e-001" type="0"/>
    <Peak1D F1="5.342178" intensity="4.672209e-001" type="0"/>
    <Peak1D F1="5.323975" intensity="9.177256e-001" type="0"/>
    <Peak1D F1="5.320177" intensity="6.352006e-001" type="0"/>
    <Peak1D F1="5.315315" intensity="4.118618e-001" type="0"/>
    <Peak1D F1="5.309910" intensity="4.037437e-001" type="0"/>
    <Peak1D F1="5.305707" intensity="5.209580e-001" type="0"/>
    <Peak1D F1="5.301106" intensity="5.797160e-001" type="0"/>
    <Peak1D F1="5.297085" intensity="6.822172e-001" type="0"/>
    <Peak1D F1="5.278849" intensity="3.413292e-001" type="0"/>
    <Peak1D F1="5.141561" intensity="1.440983e-001" type="0"/>
    <Peak1D F1="5.123235" intensity="2.821709e-001" type="0"/>
    <Peak1D F1="5.103768" intensity="2.944152e-001" type="0"/>
    <Peak1D F1="5.085984" intensity="3.534701e-001" type="0"/>
    <Peak1D F1="5.072192" intensity="1.998437e-001" type="0"/>
    <Peak1D F1="5.026386" intensity="1.408466e-002" type="0"/>
    <Peak1D F1="4.755360" intensity="3.286863e-002" type="0"/>
    <Peak1D F1="4.684361" intensity="3.156633e-002" type="0"/>
    <Peak1D F1="4.665715" intensity="1.007646e-002" type="0"/>
    <Peak1D F1="4.599769" intensity="9.309267e-003" type="0"/>
    <Peak1D F1="4.567019" intensity="3.054583e-002" type="0"/>
    <Peak1D F1="4.533414" intensity="1.866395e-002" type="0"/>
    <Peak1D F1="4.190897" intensity="1.491775e-002" type="0"/>
    <Peak1D F1="4.173870" intensity="3.021971e-002" type="0"/>
    <Peak1D F1="4.157401" intensity="2.313708e-002" type="0"/>
    <Peak1D F1="4.045243" intensity="3.908908e-002" type="0"/>
    <Peak1D F1="4.008554" intensity="2.528060e+000" type="0"/>
    <Peak1D F1="3.991362" intensity="5.013529e+000" type="0"/>
    <Peak1D F1="3.974268" intensity="2.662881e+000" type="0"/>
    <Peak1D F1="3.821049" intensity="1.199168e-002" type="0"/>
    <Peak1D F1="3.803960" intensity="2.617423e-002" type="0"/>
    <Peak1D F1="3.786849" intensity="1.312248e-002" type="0"/>
    <Peak1D F1="3.269512" intensity="3.215352e-001" type="0"/>
    <Peak1D F1="2.813396" intensity="7.816851e-003" type="0"/>
    <Peak1D F1="2.794574" intensity="1.427484e-002" type="0"/>
    <Peak1D F1="2.777503" intensity="1.633147e-002" type="0"/>
    <Peak1D F1="2.762247" intensity="2.889811e-002" type="0"/>
    <Peak1D F1="2.747839" intensity="2.395680e-002" type="0"/>
    <Peak1D F1="2.732078" intensity="4.288798e-002" type="0"/>
    <Peak1D F1="2.716494" intensity="2.818726e-002" type="0"/>
    <Peak1D F1="2.699955" intensity="4.763989e-002" type="0"/>
    <Peak1D F1="2.683434" intensity="5.895609e-002" type="0"/>
    <Peak1D F1="2.668813" intensity="4.592748e-002" type="0"/>
    <Peak1D F1="2.618383" intensity="4.629615e-001" type="0"/>
    <Peak1D F1="2.599792" intensity="9.542565e-001" type="0"/>
    <Peak1D F1="2.581195" intensity="5.556444e-001" type="0"/>
    <Peak1D F1="2.514118" intensity="3.144438e-001" type="0"/>
    <Peak1D F1="2.509685" intensity="4.210272e-001" type="0"/>
    <Peak1D F1="2.505248" intensity="3.111862e-001" type="0"/>
    <Peak1D F1="2.471607" intensity="1.480516e-002" type="0"/>
    <Peak1D F1="2.411833" intensity="2.523963e-002" type="0"/>
    <Peak1D F1="2.394998" intensity="2.691726e-002" type="0"/>
    <Peak1D F1="2.349949" intensity="7.991714e-001" type="0"/>
    <Peak1D F1="2.332793" intensity="2.133689e+000" type="0"/>
    <Peak1D F1="2.315023" intensity="2.113225e+000" type="0"/>
    <Peak1D F1="2.297723" intensity="7.459779e-001" type="0"/>
    <Peak1D F1="2.271462" intensity="5.721984e-002" type="0"/>
    <Peak1D F1="2.250298" intensity="1.678318e-001" type="0"/>
    <Peak1D F1="2.235329" intensity="3.854481e-001" type="0"/>
    <Peak1D F1="2.219888" intensity="7.810751e-001" type="0"/>
    <Peak1D F1="2.210797" intensity="1.063609e+000" type="0"/>
    <Peak1D F1="2.198138" intensity="9.193059e-001" type="0"/>
    <Peak1D F1="2.185794" intensity="7.659026e-001" type="0"/>
    <Peak1D F1="2.182175" intensity="7.865637e-001" type="0"/>
    <Peak1D F1="2.161666" intensity="3.343930e+000" type="0"/>
    <Peak1D F1="2.159015" intensity="3.264748e+000" type="0"/>
    <Peak1D F1="2.142827" intensity="3.037530e-001" type="0"/>
    <Peak1D F1="2.120983" intensity="1.798203e-001" type="0"/>
    <Peak1D F1="2.090048" intensity="2.540985e-001" type="0"/>
    <Peak1D F1="2.068040" intensity="4.101380e-001" type="0"/>
    <Peak1D F1="2.049515" intensity="1.403826e+000" type="0"/>
    <Peak1D F1="2.030771" intensity="2.139011e+000" type="0"/>
    <Peak1D F1="2.012233" intensity="1.544098e+000" type="0"/>
    <Peak1D F1="1.982796" intensity="1.500000e+001" type="0"/>
    <Peak1D F1="1.963921" intensity="3.363469e+000" type="0"/>
    <Peak1D F1="1.960917" intensity="3.418682e+000" type="0"/>
    <Peak1D F1="1.944135" intensity="5.289149e-001" type="0"/>
    <Peak1D F1="1.934072" intensity="5.170481e-001" type="0"/>
    <Peak1D F1="1.907377" intensity="2.161996e-001" type="0"/>
    <Peak1D F1="1.851175" intensity="6.723583e-002" type="0"/>
    <Peak1D F1="1.819746" intensity="1.352073e-001" type="0"/>
    <Peak1D F1="1.800577" intensity="5.427889e-002" type="0"/>
    <Peak1D F1="1.762631" intensity="7.472185e-002" type="0"/>
    <Peak1D F1="1.752451" intensity="5.382194e-002" type="0"/>
    <Peak1D F1="1.730541" intensity="7.609367e-002" type="0"/>
    <Peak1D F1="1.699476" intensity="1.540598e-001" type="0"/>
    <Peak1D F1="1.658900" intensity="2.703970e+000" type="0"/>
    <Peak1D F1="1.645020" intensity="2.114408e+000" type="0"/>
    <Peak1D F1="1.594799" intensity="2.815461e+000" type="0"/>
    <Peak1D F1="1.573992" intensity="2.526833e+000" type="0"/>
    <Peak1D F1="1.553084" intensity="7.804243e-001" type="0"/>
    <Peak1D F1="1.548043" intensity="7.781096e-001" type="0"/>
    <Peak1D F1="1.536751" intensity="4.727107e-001" type="0"/>
    <Peak1D F1="1.506047" intensity="1.071697e+000" type="0"/>
    <Peak1D F1="1.480488" intensity="2.402029e+000" type="0"/>
    <Peak1D F1="1.458057" intensity="1.919123e+000" type="0"/>
    <Peak1D F1="1.434965" intensity="1.834982e-001" type="0"/>
    <Peak1D F1="1.421863" intensity="1.814906e-001" type="0"/>
    <Peak1D F1="1.371686" intensity="6.945556e-001" type="0"/>
    <Peak1D F1="1.368720" intensity="6.879586e-001" type="0"/>
    <Peak1D F1="1.316343" intensity="4.448134e-002" type="0"/>
    <Peak1D F1="1.302544" intensity="1.043681e-001" type="0"/>
    <Peak1D F1="1.272303" intensity="4.563252e-002" type="0"/>
    <Peak1D F1="1.254528" intensity="7.032958e-002" type="0"/>
    <Peak1D F1="1.241339" intensity="8.630058e-002" type="0"/>
    <Peak1D F1="1.228331" intensity="4.475891e-001" type="0"/>
    <Peak1D F1="1.216643" intensity="1.053145e+000" type="0"/>
    <Peak1D F1="1.205863" intensity="1.626817e-001" type="0"/>
    <Peak1D F1="1.191412" intensity="1.427502e-001" type="0"/>
    <Peak1D F1="1.174112" intensity="1.819131e-001" type="0"/>
    <Peak1D F1="1.148047" intensity="1.497126e+001" type="0"/>
    <Peak1D F1="1.117209" intensity="1.291548e-001" type="0"/>
    <Peak1D F1="1.095291" intensity="1.488795e-001" type="0"/>
    <Peak1D F1="1.074000" intensity="9.519342e-002" type="0"/>
    <Peak1D F1="1.056345" intensity="7.943436e-002" type="0"/>
    <Peak1D F1="1.030652" intensity="5.991025e-002" type="0"/>
    <Peak1D F1="1.011094" intensity="4.569604e-002" type="0"/>
    <Peak1D F1="0.990550" intensity="1.136062e-001" type="0"/>
    <Peak1D F1="0.956228" intensity="4.260166e+000" type="0"/>
    <Peak1D F1="0.940965" intensity="9.282940e+000" type="0"/>
    <Peak1D F1="0.937351" intensity="9.159976e+000" type="0"/>
    <Peak1D F1="0.918521" intensity="4.229573e+000" type="0"/>
    <Peak1D F1="0.905924" intensity="3.138112e-001" type="0"/>
    <Peak1D F1="0.886326" intensity="1.109466e-001" type="0"/>
    <Peak1D F1="0.878074" intensity="1.002970e-001" type="0"/>
    <Peak1D F1="0.869754" intensity="1.932559e-001" type="0"/>
    <Peak1D F1="0.859345" intensity="9.214606e-002" type="0"/>
    <Peak1D F1="0.852551" intensity="1.746655e-001" type="0"/>
    <Peak1D F1="0.821482" intensity="6.905269e-002" type="0"/>
    <Peak1D F1="0.797264" intensity="6.617103e-002" type="0"/>
    <Peak1D F1="0.782753" intensity="8.642323e-002" type="0"/>
    <Peak1D F1="0.778222" intensity="8.224118e-002" type="0"/>
    <Peak1D F1="0.759245" intensity="3.906748e-002" type="0"/>
    <Peak1D F1="0.693349" intensity="7.836461e-002" type="0"/>
    <Peak1D F1="0.640827" intensity="7.584268e-002" type="0"/>
    <Peak1D F1="0.627510" intensity="6.365627e-002" type="0"/>
    <Peak1D F1="-0.000156" intensity="9.206181e-002" type="0"/>
  </PeakList1D>
</PeakList>
