<?xml version="1.0" encoding="UTF-8"?>
<PeakList>
  <PeakList1D>
    <PeakList1DHeader creator="root" date="2021-09-25T19:17:36.726+08:00" expNo="1" name="0925xj10" owner="" procNo="1" source="D:/Zhi-Ming Zhang">
      <PeakPickDetails>F1=16.188169ppm, F2=-3.837373ppm, MI=0.00cm, MAXI=10000.00cm, PC=1.000
      </PeakPickDetails>
    </PeakList1DHeader>
    <Peak1D F1="11.969311" intensity="1.993923e-002" type="0"/>
    <Peak1D F1="11.103639" intensity="1.189784e-002" type="0"/>
    <Peak1D F1="10.857097" intensity="1.983964e-002" type="0"/>
    <Peak1D F1="10.536407" intensity="1.132440e-002" type="0"/>
    <Peak1D F1="9.691369" intensity="1.384400e-001" type="0"/>
    <Peak1D F1="9.683543" intensity="7.449034e-001" type="0"/>
    <Peak1D F1="9.678263" intensity="1.230313e+000" type="0"/>
    <Peak1D F1="9.673016" intensity="7.235689e-001" type="0"/>
    <Peak1D F1="9.576144" intensity="1.951593e-002" type="0"/>
    <Peak1D F1="8.112950" intensity="1.477155e-002" type="0"/>
    <Peak1D F1="6.738459" intensity="1.166473e-002" type="0"/>
    <Peak1D F1="6.721608" intensity="1.172492e-002" type="0"/>
    <Peak1D F1="6.698413" intensity="1.442924e-002" type="0"/>
    <Peak1D F1="6.681545" intensity="1.471817e-002" type="0"/>
    <Peak1D F1="6.386267" intensity="1.467142e-002" type="0"/>
    <Peak1D F1="6.365719" intensity="1.623091e-002" type="0"/>
    <Peak1D F1="6.348290" intensity="1.626932e-002" type="0"/>
    <Peak1D F1="6.327632" intensity="2.311077e-002" type="0"/>
    <Peak1D F1="6.313135" intensity="1.810973e-002" type="0"/>
    <Peak1D F1="6.287331" intensity="1.662309e-002" type="0"/>
    <Peak1D F1="6.195401" intensity="1.426320e-002" type="0"/>
    <Peak1D F1="6.153411" intensity="2.532987e-002" type="0"/>
    <Peak1D F1="6.136214" intensity="2.892119e-002" type="0"/>
    <Peak1D F1="5.886867" intensity="1.896183e-002" type="0"/>
    <Peak1D F1="5.860115" intensity="2.056267e-002" type="0"/>
    <Peak1D F1="5.843590" intensity="2.164451e-002" type="0"/>
    <Peak1D F1="5.816855" intensity="2.291016e-002" type="0"/>
    <Peak1D F1="5.681224" intensity="2.722627e-002" type="0"/>
    <Peak1D F1="5.501101" intensity="2.048212e-001" type="0"/>
    <Peak1D F1="5.482894" intensity="4.108498e-001" type="0"/>
    <Peak1D F1="5.478829" intensity="3.338636e-001" type="0"/>
    <Peak1D F1="5.474216" intensity="3.072034e-001" type="0"/>
    <Peak1D F1="5.469851" intensity="2.376103e-001" type="0"/>
    <Peak1D F1="5.464726" intensity="2.452935e-001" type="0"/>
    <Peak1D F1="5.459772" intensity="3.763531e-001" type="0"/>
    <Peak1D F1="5.455995" intensity="5.572185e-001" type="0"/>
    <Peak1D F1="5.437870" intensity="2.872046e-001" type="0"/>
    <Peak1D F1="5.342711" intensity="2.863742e-001" type="0"/>
    <Peak1D F1="5.324510" intensity="5.633758e-001" type="0"/>
    <Peak1D F1="5.320651" intensity="3.834682e-001" type="0"/>
    <Peak1D F1="5.315868" intensity="2.399131e-001" type="0"/>
    <Peak1D F1="5.310630" intensity="2.344221e-001" type="0"/>
    <Peak1D F1="5.306250" intensity="3.098698e-001" type="0"/>
    <Peak1D F1="5.301718" intensity="3.439905e-001" type="0"/>
    <Peak1D F1="5.297620" intensity="4.131882e-001" type="0"/>
    <Peak1D F1="5.279372" intensity="2.086936e-001" type="0"/>
    <Peak1D F1="5.168148" intensity="3.538271e-002" type="0"/>
    <Peak1D F1="5.162908" intensity="3.967899e-002" type="0"/>
    <Peak1D F1="5.101635" intensity="3.387975e-001" type="0"/>
    <Peak1D F1="5.083698" intensity="7.051423e-001" type="0"/>
    <Peak1D F1="5.080182" intensity="7.524386e-001" type="0"/>
    <Peak1D F1="5.076532" intensity="8.078261e-001" type="0"/>
    <Peak1D F1="5.072955" intensity="8.738686e-001" type="0"/>
    <Peak1D F1="5.069486" intensity="8.240366e-001" type="0"/>
    <Peak1D F1="5.065957" intensity="7.144385e-001" type="0"/>
    <Peak1D F1="5.062011" intensity="7.882773e-001" type="0"/>
    <Peak1D F1="5.058471" intensity="1.091955e+000" type="0"/>
    <Peak1D F1="5.055024" intensity="1.257800e+000" type="0"/>
    <Peak1D F1="5.051626" intensity="9.957148e-001" type="0"/>
    <Peak1D F1="5.040519" intensity="5.293572e-001" type="0"/>
    <Peak1D F1="5.037089" intensity="6.235372e-001" type="0"/>
    <Peak1D F1="5.033728" intensity="4.936847e-001" type="0"/>
    <Peak1D F1="4.942589" intensity="3.472000e-002" type="0"/>
    <Peak1D F1="4.915893" intensity="3.109090e-002" type="0"/>
    <Peak1D F1="4.910745" intensity="2.898246e-002" type="0"/>
    <Peak1D F1="4.897852" intensity="2.288529e-002" type="0"/>
    <Peak1D F1="4.725918" intensity="3.676062e-002" type="0"/>
    <Peak1D F1="4.696409" intensity="1.942960e-001" type="0"/>
    <Peak1D F1="4.653016" intensity="3.251424e-002" type="0"/>
    <Peak1D F1="4.357258" intensity="3.399437e-002" type="0"/>
    <Peak1D F1="4.253211" intensity="2.302245e-002" type="0"/>
    <Peak1D F1="4.174851" intensity="2.510465e-002" type="0"/>
    <Peak1D F1="4.090461" intensity="3.727138e-002" type="0"/>
    <Peak1D F1="4.009577" intensity="1.646510e+000" type="0"/>
    <Peak1D F1="3.992425" intensity="3.316736e+000" type="0"/>
    <Peak1D F1="3.975320" intensity="1.710445e+000" type="0"/>
    <Peak1D F1="3.883863" intensity="2.581282e-002" type="0"/>
    <Peak1D F1="3.804939" intensity="1.814996e-002" type="0"/>
    <Peak1D F1="3.623114" intensity="2.442553e-002" type="0"/>
    <Peak1D F1="3.584666" intensity="3.187201e-002" type="0"/>
    <Peak1D F1="3.441893" intensity="2.136116e-002" type="0"/>
    <Peak1D F1="3.425040" intensity="2.310725e-002" type="0"/>
    <Peak1D F1="3.286364" intensity="3.767824e-001" type="0"/>
    <Peak1D F1="3.116716" intensity="2.671748e-002" type="0"/>
    <Peak1D F1="2.649884" intensity="6.929467e-002" type="0"/>
    <Peak1D F1="2.633610" intensity="1.649145e-001" type="0"/>
    <Peak1D F1="2.616307" intensity="1.328581e-001" type="0"/>
    <Peak1D F1="2.598808" intensity="9.195958e-002" type="0"/>
    <Peak1D F1="2.581615" intensity="5.603795e-002" type="0"/>
    <Peak1D F1="2.574123" intensity="6.006131e-002" type="0"/>
    <Peak1D F1="2.555900" intensity="3.449293e-002" type="0"/>
    <Peak1D F1="2.516372" intensity="2.067832e-001" type="0"/>
    <Peak1D F1="2.511519" intensity="2.370708e-001" type="0"/>
    <Peak1D F1="2.506799" intensity="1.985303e-001" type="0"/>
    <Peak1D F1="2.502778" intensity="1.885762e-001" type="0"/>
    <Peak1D F1="2.495876" intensity="1.083871e-001" type="0"/>
    <Peak1D F1="2.487738" intensity="1.090863e-001" type="0"/>
    <Peak1D F1="2.480628" intensity="1.370698e-001" type="0"/>
    <Peak1D F1="2.465641" intensity="1.432052e-001" type="0"/>
    <Peak1D F1="2.450297" intensity="2.157755e+000" type="0"/>
    <Peak1D F1="2.431937" intensity="4.564173e+000" type="0"/>
    <Peak1D F1="2.413441" intensity="3.080779e+000" type="0"/>
    <Peak1D F1="2.391747" intensity="4.394344e-001" type="0"/>
    <Peak1D F1="2.387218" intensity="4.415648e-001" type="0"/>
    <Peak1D F1="2.377776" intensity="4.650866e-001" type="0"/>
    <Peak1D F1="2.373269" intensity="4.549815e-001" type="0"/>
    <Peak1D F1="2.351078" intensity="4.919436e-001" type="0"/>
    <Peak1D F1="2.333841" intensity="1.345475e+000" type="0"/>
    <Peak1D F1="2.316740" intensity="1.329945e+000" type="0"/>
    <Peak1D F1="2.298535" intensity="4.756820e-001" type="0"/>
    <Peak1D F1="2.284489" intensity="1.204815e-001" type="0"/>
    <Peak1D F1="2.272809" intensity="1.812912e-001" type="0"/>
    <Peak1D F1="2.252610" intensity="5.918785e-001" type="0"/>
    <Peak1D F1="2.246242" intensity="6.476982e-001" type="0"/>
    <Peak1D F1="2.232995" intensity="5.820867e-001" type="0"/>
    <Peak1D F1="2.227079" intensity="6.062595e-001" type="0"/>
    <Peak1D F1="2.220059" intensity="4.940074e-001" type="0"/>
    <Peak1D F1="2.211835" intensity="5.495744e-001" type="0"/>
    <Peak1D F1="2.209336" intensity="5.512943e-001" type="0"/>
    <Peak1D F1="2.205432" intensity="6.274673e-001" type="0"/>
    <Peak1D F1="2.192112" intensity="5.493053e-001" type="0"/>
    <Peak1D F1="2.186775" intensity="9.598786e-001" type="0"/>
    <Peak1D F1="2.177277" intensity="1.407568e+000" type="0"/>
    <Peak1D F1="2.171987" intensity="9.535583e-001" type="0"/>
    <Peak1D F1="2.159619" intensity="2.102457e+000" type="0"/>
    <Peak1D F1="2.141261" intensity="2.019014e+000" type="0"/>
    <Peak1D F1="2.122743" intensity="1.070396e+000" type="0"/>
    <Peak1D F1="2.109301" intensity="6.507534e-001" type="0"/>
    <Peak1D F1="2.091328" intensity="8.504747e-001" type="0"/>
    <Peak1D F1="2.065104" intensity="1.500000e+001" type="0"/>
    <Peak1D F1="2.042766" intensity="2.001427e+000" type="0"/>
    <Peak1D F1="2.029974" intensity="1.990586e+000" type="0"/>
    <Peak1D F1="2.012737" intensity="2.437185e+000" type="0"/>
    <Peak1D F1="2.003073" intensity="1.081627e+000" type="0"/>
    <Peak1D F1="1.994316" intensity="1.542352e+000" type="0"/>
    <Peak1D F1="1.982184" intensity="1.103843e+001" type="0"/>
    <Peak1D F1="1.964115" intensity="1.012221e+000" type="0"/>
    <Peak1D F1="1.937029" intensity="3.906516e-001" type="0"/>
    <Peak1D F1="1.906317" intensity="3.870201e-001" type="0"/>
    <Peak1D F1="1.851615" intensity="4.972377e-001" type="0"/>
    <Peak1D F1="1.846260" intensity="4.303493e-001" type="0"/>
    <Peak1D F1="1.836926" intensity="3.993100e-001" type="0"/>
    <Peak1D F1="1.827542" intensity="5.192176e-001" type="0"/>
    <Peak1D F1="1.821321" intensity="7.243065e-001" type="0"/>
    <Peak1D F1="1.815347" intensity="5.363979e-001" type="0"/>
    <Peak1D F1="1.805999" intensity="3.058331e-001" type="0"/>
    <Peak1D F1="1.795246" intensity="3.335398e-001" type="0"/>
    <Peak1D F1="1.779392" intensity="3.152502e-001" type="0"/>
    <Peak1D F1="1.769539" intensity="3.403560e-001" type="0"/>
    <Peak1D F1="1.763046" intensity="3.260294e-001" type="0"/>
    <Peak1D F1="1.753353" intensity="3.286096e-001" type="0"/>
    <Peak1D F1="1.736822" intensity="4.411832e-001" type="0"/>
    <Peak1D F1="1.721892" intensity="3.473538e-001" type="0"/>
    <Peak1D F1="1.704503" intensity="2.531971e-001" type="0"/>
    <Peak1D F1="1.689627" intensity="3.206787e-001" type="0"/>
    <Peak1D F1="1.678075" intensity="6.109836e-001" type="0"/>
    <Peak1D F1="1.651320" intensity="4.414236e+000" type="0"/>
    <Peak1D F1="1.640242" intensity="8.463645e+000" type="0"/>
    <Peak1D F1="1.638431" intensity="8.453508e+000" type="0"/>
    <Peak1D F1="1.579569" intensity="1.106643e+001" type="0"/>
    <Peak1D F1="1.536289" intensity="1.810388e-001" type="0"/>
    <Peak1D F1="1.520037" intensity="2.041766e-001" type="0"/>
    <Peak1D F1="1.499227" intensity="2.223826e-001" type="0"/>
    <Peak1D F1="1.489036" intensity="2.268508e-001" type="0"/>
    <Peak1D F1="1.469291" intensity="2.116245e-001" type="0"/>
    <Peak1D F1="1.451798" intensity="1.514315e-001" type="0"/>
    <Peak1D F1="1.442083" intensity="1.552641e-001" type="0"/>
    <Peak1D F1="1.428957" intensity="1.965018e-001" type="0"/>
    <Peak1D F1="1.416713" intensity="3.068935e-001" type="0"/>
    <Peak1D F1="1.408762" intensity="3.377784e-001" type="0"/>
    <Peak1D F1="1.384703" intensity="5.937805e-001" type="0"/>
    <Peak1D F1="1.377193" intensity="4.684829e-001" type="0"/>
    <Peak1D F1="1.365923" intensity="2.789210e-001" type="0"/>
    <Peak1D F1="1.351296" intensity="9.450464e-001" type="0"/>
    <Peak1D F1="1.333563" intensity="6.915715e-001" type="0"/>
    <Peak1D F1="1.327609" intensity="5.989763e-001" type="0"/>
    <Peak1D F1="1.317140" intensity="9.202898e-001" type="0"/>
    <Peak1D F1="1.313422" intensity="9.909696e-001" type="0"/>
    <Peak1D F1="1.300692" intensity="4.062941e-001" type="0"/>
    <Peak1D F1="1.289820" intensity="5.591836e-001" type="0"/>
    <Peak1D F1="1.281816" intensity="7.143422e-001" type="0"/>
    <Peak1D F1="1.265904" intensity="3.130184e-001" type="0"/>
    <Peak1D F1="1.258484" intensity="3.491493e-001" type="0"/>
    <Peak1D F1="1.252977" intensity="3.930020e-001" type="0"/>
    <Peak1D F1="1.240962" intensity="3.044055e-001" type="0"/>
    <Peak1D F1="1.228767" intensity="8.491596e-001" type="0"/>
    <Peak1D F1="1.218059" intensity="5.901839e-001" type="0"/>
    <Peak1D F1="1.204572" intensity="8.116125e-001" type="0"/>
    <Peak1D F1="1.181478" intensity="3.071963e-001" type="0"/>
    <Peak1D F1="1.162469" intensity="2.296640e-001" type="0"/>
    <Peak1D F1="1.155795" intensity="3.196609e-001" type="0"/>
    <Peak1D F1="1.134168" intensity="2.664396e-001" type="0"/>
    <Peak1D F1="1.124592" intensity="3.725954e-001" type="0"/>
    <Peak1D F1="1.116950" intensity="2.070843e-001" type="0"/>
    <Peak1D F1="1.093960" intensity="1.205564e-001" type="0"/>
    <Peak1D F1="1.085691" intensity="1.522802e-001" type="0"/>
    <Peak1D F1="1.074456" intensity="1.749536e-001" type="0"/>
    <Peak1D F1="1.058233" intensity="2.156739e-001" type="0"/>
    <Peak1D F1="1.042833" intensity="1.860643e-001" type="0"/>
    <Peak1D F1="1.026603" intensity="1.018658e+000" type="0"/>
    <Peak1D F1="1.009336" intensity="1.008602e+000" type="0"/>
    <Peak1D F1="0.995924" intensity="1.994281e-001" type="0"/>
    <Peak1D F1="0.979085" intensity="4.622587e+000" type="0"/>
    <Peak1D F1="0.963003" intensity="4.715126e+000" type="0"/>
    <Peak1D F1="0.957027" intensity="3.196495e+000" type="0"/>
    <Peak1D F1="0.938166" intensity="5.532011e+000" type="0"/>
    <Peak1D F1="0.925184" intensity="1.463663e+000" type="0"/>
    <Peak1D F1="0.919097" intensity="6.479848e+000" type="0"/>
    <Peak1D F1="0.902281" intensity="4.206065e+000" type="0"/>
    <Peak1D F1="0.889113" intensity="1.931973e+000" type="0"/>
    <Peak1D F1="0.880950" intensity="5.269233e+000" type="0"/>
    <Peak1D F1="0.872910" intensity="1.735276e+000" type="0"/>
    <Peak1D F1="0.864033" intensity="4.923374e+000" type="0"/>
    <Peak1D F1="0.839511" intensity="3.408993e-001" type="0"/>
    <Peak1D F1="0.815000" intensity="4.839198e+000" type="0"/>
    <Peak1D F1="0.798234" intensity="5.191993e+000" type="0"/>
    <Peak1D F1="0.782869" intensity="9.989069e-001" type="0"/>
    <Peak1D F1="0.760643" intensity="9.150446e-002" type="0"/>
    <Peak1D F1="0.744281" intensity="6.032663e-002" type="0"/>
    <Peak1D F1="0.723419" intensity="5.475696e-002" type="0"/>
    <Peak1D F1="0.706530" intensity="4.940897e-002" type="0"/>
    <Peak1D F1="0.657283" intensity="4.030835e-002" type="0"/>
    <Peak1D F1="0.644112" intensity="6.635796e-002" type="0"/>
    <Peak1D F1="0.627325" intensity="5.893757e-002" type="0"/>
    <Peak1D F1="-0.000153" intensity="8.558980e-002" type="0"/>
  </PeakList1D>
</PeakList>
