<?xml version="1.0" encoding="UTF-8"?>
<PeakList>
  <PeakList1D>
    <PeakList1DHeader creator="root" date="2021-09-25T12:35:24.881+08:00" expNo="1" name="0925xj6" owner="" procNo="1" source="D:/Zhi-Ming Zhang">
      <PeakPickDetails>F1=16.176630ppm, F2=-3.848913ppm, MI=0.00cm, MAXI=10000.00cm, PC=1.000
      </PeakPickDetails>
    </PeakList1DHeader>
    <Peak1D F1="10.254079" intensity="2.229412e-002" type="0"/>
    <Peak1D F1="10.233778" intensity="2.200830e-002" type="0"/>
    <Peak1D F1="9.628732" intensity="1.860474e-002" type="0"/>
    <Peak1D F1="8.155510" intensity="2.797127e-002" type="0"/>
    <Peak1D F1="8.065104" intensity="1.021352e-002" type="0"/>
    <Peak1D F1="8.063072" intensity="1.046237e-002" type="0"/>
    <Peak1D F1="8.061077" intensity="9.734614e-003" type="0"/>
    <Peak1D F1="7.805787" intensity="1.812035e-002" type="0"/>
    <Peak1D F1="7.803769" intensity="1.924695e-002" type="0"/>
    <Peak1D F1="7.801335" intensity="1.905283e-002" type="0"/>
    <Peak1D F1="7.799415" intensity="1.697267e-002" type="0"/>
    <Peak1D F1="7.716036" intensity="5.997340e-003" type="0"/>
    <Peak1D F1="7.703732" intensity="6.094449e-003" type="0"/>
    <Peak1D F1="7.689126" intensity="6.239534e-003" type="0"/>
    <Peak1D F1="7.664689" intensity="9.776103e-003" type="0"/>
    <Peak1D F1="7.633845" intensity="1.961826e-002" type="0"/>
    <Peak1D F1="7.629998" intensity="2.194220e-002" type="0"/>
    <Peak1D F1="7.621963" intensity="4.422088e-002" type="0"/>
    <Peak1D F1="7.619005" intensity="5.409333e-002" type="0"/>
    <Peak1D F1="7.615492" intensity="5.060363e-002" type="0"/>
    <Peak1D F1="7.610460" intensity="3.157870e-002" type="0"/>
    <Peak1D F1="7.599533" intensity="3.933582e-002" type="0"/>
    <Peak1D F1="7.595467" intensity="4.206355e-002" type="0"/>
    <Peak1D F1="7.593235" intensity="4.291750e-002" type="0"/>
    <Peak1D F1="7.555461" intensity="2.606356e+000" type="0"/>
    <Peak1D F1="7.553414" intensity="2.760589e+000" type="0"/>
    <Peak1D F1="7.550967" intensity="2.759221e+000" type="0"/>
    <Peak1D F1="7.548957" intensity="2.450534e+000" type="0"/>
    <Peak1D F1="7.535956" intensity="1.743586e-002" type="0"/>
    <Peak1D F1="7.533264" intensity="1.498440e-002" type="0"/>
    <Peak1D F1="7.531352" intensity="1.260920e-002" type="0"/>
    <Peak1D F1="7.524285" intensity="1.115707e-002" type="0"/>
    <Peak1D F1="7.522157" intensity="1.164159e-002" type="0"/>
    <Peak1D F1="7.519623" intensity="1.553568e-002" type="0"/>
    <Peak1D F1="7.517880" intensity="1.423651e-002" type="0"/>
    <Peak1D F1="7.511941" intensity="6.438700e-003" type="0"/>
    <Peak1D F1="7.313327" intensity="9.204984e-003" type="0"/>
    <Peak1D F1="7.310774" intensity="9.426452e-003" type="0"/>
    <Peak1D F1="7.299334" intensity="2.184124e-002" type="0"/>
    <Peak1D F1="7.297325" intensity="2.371072e-002" type="0"/>
    <Peak1D F1="7.294849" intensity="2.577287e-002" type="0"/>
    <Peak1D F1="7.292907" intensity="2.558855e-002" type="0"/>
    <Peak1D F1="7.274325" intensity="4.053409e-001" type="0"/>
    <Peak1D F1="7.233285" intensity="4.326769e-001" type="0"/>
    <Peak1D F1="7.205238" intensity="4.999384e-003" type="0"/>
    <Peak1D F1="7.194991" intensity="8.649769e-003" type="0"/>
    <Peak1D F1="7.163745" intensity="5.234953e-003" type="0"/>
    <Peak1D F1="7.104422" intensity="1.472355e-002" type="0"/>
    <Peak1D F1="7.099656" intensity="1.669194e-002" type="0"/>
    <Peak1D F1="7.092241" intensity="7.987609e-003" type="0"/>
    <Peak1D F1="7.081932" intensity="1.170752e-001" type="0"/>
    <Peak1D F1="7.066597" intensity="6.142791e-003" type="0"/>
    <Peak1D F1="7.056386" intensity="1.621677e-002" type="0"/>
    <Peak1D F1="7.042430" intensity="1.265579e-001" type="0"/>
    <Peak1D F1="7.036162" intensity="1.971262e-002" type="0"/>
    <Peak1D F1="7.011432" intensity="4.678931e-003" type="0"/>
    <Peak1D F1="7.006763" intensity="4.445857e-003" type="0"/>
    <Peak1D F1="6.999351" intensity="6.500565e-003" type="0"/>
    <Peak1D F1="6.991736" intensity="5.205129e-003" type="0"/>
    <Peak1D F1="6.979110" intensity="1.128344e-002" type="0"/>
    <Peak1D F1="6.969543" intensity="1.900804e-002" type="0"/>
    <Peak1D F1="6.964599" intensity="1.988283e-002" type="0"/>
    <Peak1D F1="6.959041" intensity="1.970476e-002" type="0"/>
    <Peak1D F1="6.953896" intensity="1.656708e-002" type="0"/>
    <Peak1D F1="6.943753" intensity="2.019632e-002" type="0"/>
    <Peak1D F1="6.936891" intensity="1.094834e-002" type="0"/>
    <Peak1D F1="6.922960" intensity="1.664571e-002" type="0"/>
    <Peak1D F1="6.908331" intensity="3.509170e-002" type="0"/>
    <Peak1D F1="6.902446" intensity="2.207384e-002" type="0"/>
    <Peak1D F1="6.887258" intensity="4.284124e-002" type="0"/>
    <Peak1D F1="6.861491" intensity="2.266238e+000" type="0"/>
    <Peak1D F1="6.851134" intensity="1.618707e-001" type="0"/>
    <Peak1D F1="6.841145" intensity="2.873550e+000" type="0"/>
    <Peak1D F1="6.818242" intensity="1.759562e-002" type="0"/>
    <Peak1D F1="6.811524" intensity="1.867272e-002" type="0"/>
    <Peak1D F1="6.776743" intensity="2.279857e+000" type="0"/>
    <Peak1D F1="6.771947" intensity="2.506436e+000" type="0"/>
    <Peak1D F1="6.755880" intensity="2.645262e-002" type="0"/>
    <Peak1D F1="6.753361" intensity="2.377748e-002" type="0"/>
    <Peak1D F1="6.751218" intensity="2.277263e-002" type="0"/>
    <Peak1D F1="6.747121" intensity="3.319406e-002" type="0"/>
    <Peak1D F1="6.738205" intensity="2.301525e-002" type="0"/>
    <Peak1D F1="6.733589" intensity="2.621027e-002" type="0"/>
    <Peak1D F1="6.727189" intensity="3.644193e-002" type="0"/>
    <Peak1D F1="6.706581" intensity="1.441344e+000" type="0"/>
    <Peak1D F1="6.701673" intensity="1.275885e+000" type="0"/>
    <Peak1D F1="6.686290" intensity="1.118951e+000" type="0"/>
    <Peak1D F1="6.681388" intensity="1.003189e+000" type="0"/>
    <Peak1D F1="6.659650" intensity="1.485599e-002" type="0"/>
    <Peak1D F1="6.598973" intensity="6.080663e-003" type="0"/>
    <Peak1D F1="6.591511" intensity="1.424466e-002" type="0"/>
    <Peak1D F1="6.586833" intensity="1.331577e-002" type="0"/>
    <Peak1D F1="6.579690" intensity="1.233293e-002" type="0"/>
    <Peak1D F1="6.574878" intensity="1.092738e-002" type="0"/>
    <Peak1D F1="6.567141" intensity="1.141017e-002" type="0"/>
    <Peak1D F1="6.506569" intensity="5.840054e-003" type="0"/>
    <Peak1D F1="6.499164" intensity="1.336365e-002" type="0"/>
    <Peak1D F1="6.489507" intensity="1.514242e-002" type="0"/>
    <Peak1D F1="6.481373" intensity="7.141836e-003" type="0"/>
    <Peak1D F1="6.440990" intensity="1.687129e-002" type="0"/>
    <Peak1D F1="6.424812" intensity="9.184453e-002" type="0"/>
    <Peak1D F1="6.420958" intensity="7.827453e-002" type="0"/>
    <Peak1D F1="6.416511" intensity="4.666321e-002" type="0"/>
    <Peak1D F1="6.412541" intensity="5.148710e-002" type="0"/>
    <Peak1D F1="6.400057" intensity="7.716400e-002" type="0"/>
    <Peak1D F1="6.394914" intensity="9.947357e-002" type="0"/>
    <Peak1D F1="6.383361" intensity="1.712233e+000" type="0"/>
    <Peak1D F1="6.378678" intensity="1.886885e+000" type="0"/>
    <Peak1D F1="6.375542" intensity="2.114415e+000" type="0"/>
    <Peak1D F1="6.370921" intensity="1.935364e+000" type="0"/>
    <Peak1D F1="6.356400" intensity="3.380247e-002" type="0"/>
    <Peak1D F1="6.349052" intensity="1.863708e-002" type="0"/>
    <Peak1D F1="6.343024" intensity="1.240949e-002" type="0"/>
    <Peak1D F1="6.336719" intensity="1.255827e-002" type="0"/>
    <Peak1D F1="6.325613" intensity="1.475900e-002" type="0"/>
    <Peak1D F1="6.322331" intensity="1.468705e-002" type="0"/>
    <Peak1D F1="6.313849" intensity="1.949576e-002" type="0"/>
    <Peak1D F1="6.309489" intensity="2.524384e-002" type="0"/>
    <Peak1D F1="6.282989" intensity="2.295233e+000" type="0"/>
    <Peak1D F1="6.282006" intensity="2.278922e+000" type="0"/>
    <Peak1D F1="6.275142" intensity="2.008084e+000" type="0"/>
    <Peak1D F1="6.253756" intensity="1.012062e-002" type="0"/>
    <Peak1D F1="6.198478" intensity="1.120710e-002" type="0"/>
    <Peak1D F1="6.192365" intensity="2.325089e-002" type="0"/>
    <Peak1D F1="6.185012" intensity="3.062466e-002" type="0"/>
    <Peak1D F1="6.179749" intensity="3.558078e-002" type="0"/>
    <Peak1D F1="6.170840" intensity="2.041985e-002" type="0"/>
    <Peak1D F1="6.162984" intensity="1.628671e-002" type="0"/>
    <Peak1D F1="6.158354" intensity="1.554836e-002" type="0"/>
    <Peak1D F1="6.154816" intensity="1.888650e-002" type="0"/>
    <Peak1D F1="6.150737" intensity="1.475735e-002" type="0"/>
    <Peak1D F1="6.145925" intensity="1.282217e-002" type="0"/>
    <Peak1D F1="6.138367" intensity="1.263403e-002" type="0"/>
    <Peak1D F1="6.128623" intensity="9.077580e-003" type="0"/>
    <Peak1D F1="6.118136" intensity="1.159403e-001" type="0"/>
    <Peak1D F1="6.094021" intensity="8.635747e-001" type="0"/>
    <Peak1D F1="6.078647" intensity="1.177908e-001" type="0"/>
    <Peak1D F1="6.052906" intensity="8.178557e-001" type="0"/>
    <Peak1D F1="6.032025" intensity="1.310486e-002" type="0"/>
    <Peak1D F1="6.021093" intensity="6.731130e-003" type="0"/>
    <Peak1D F1="5.997800" intensity="3.395672e-001" type="0"/>
    <Peak1D F1="5.980950" intensity="7.278934e-001" type="0"/>
    <Peak1D F1="5.972779" intensity="3.859004e-001" type="0"/>
    <Peak1D F1="5.964135" intensity="3.797915e-001" type="0"/>
    <Peak1D F1="5.955758" intensity="1.094845e+000" type="0"/>
    <Peak1D F1="5.938581" intensity="1.116289e+000" type="0"/>
    <Peak1D F1="5.930243" intensity="4.248119e-001" type="0"/>
    <Peak1D F1="5.921590" intensity="4.172553e-001" type="0"/>
    <Peak1D F1="5.913387" intensity="8.409979e-001" type="0"/>
    <Peak1D F1="5.896580" intensity="3.995061e-001" type="0"/>
    <Peak1D F1="5.878243" intensity="1.875546e-002" type="0"/>
    <Peak1D F1="5.857944" intensity="1.572672e-002" type="0"/>
    <Peak1D F1="5.837775" intensity="4.465437e-003" type="0"/>
    <Peak1D F1="5.761188" intensity="4.810215e-003" type="0"/>
    <Peak1D F1="5.744117" intensity="5.315622e-003" type="0"/>
    <Peak1D F1="5.363391" intensity="6.890308e-003" type="0"/>
    <Peak1D F1="5.352093" intensity="7.523646e-003" type="0"/>
    <Peak1D F1="5.342731" intensity="5.020602e-003" type="0"/>
    <Peak1D F1="5.323708" intensity="5.417575e-003" type="0"/>
    <Peak1D F1="5.317363" intensity="5.460540e-003" type="0"/>
    <Peak1D F1="5.284288" intensity="1.274592e-002" type="0"/>
    <Peak1D F1="5.279450" intensity="1.354273e-002" type="0"/>
    <Peak1D F1="5.275539" intensity="1.038113e-002" type="0"/>
    <Peak1D F1="5.236806" intensity="2.174345e-002" type="0"/>
    <Peak1D F1="5.211663" intensity="1.607391e-002" type="0"/>
    <Peak1D F1="5.206686" intensity="1.504158e-002" type="0"/>
    <Peak1D F1="5.190801" intensity="1.121434e-002" type="0"/>
    <Peak1D F1="5.179275" intensity="1.140964e-002" type="0"/>
    <Peak1D F1="5.149007" intensity="1.618775e-002" type="0"/>
    <Peak1D F1="5.134212" intensity="1.608882e-002" type="0"/>
    <Peak1D F1="5.098077" intensity="4.873797e-001" type="0"/>
    <Peak1D F1="5.093981" intensity="1.129620e+000" type="0"/>
    <Peak1D F1="5.089086" intensity="1.266549e+000" type="0"/>
    <Peak1D F1="5.085138" intensity="6.024917e-001" type="0"/>
    <Peak1D F1="5.055500" intensity="4.652171e-001" type="0"/>
    <Peak1D F1="5.051426" intensity="1.070140e+000" type="0"/>
    <Peak1D F1="5.046249" intensity="1.628042e+000" type="0"/>
    <Peak1D F1="5.042495" intensity="1.749793e+000" type="0"/>
    <Peak1D F1="5.037395" intensity="1.132014e+000" type="0"/>
    <Peak1D F1="5.034467" intensity="6.047927e-001" type="0"/>
    <Peak1D F1="5.020394" intensity="6.355646e-001" type="0"/>
    <Peak1D F1="5.017459" intensity="1.196295e+000" type="0"/>
    <Peak1D F1="5.014788" intensity="1.025889e+000" type="0"/>
    <Peak1D F1="5.012356" intensity="1.010067e+000" type="0"/>
    <Peak1D F1="5.009369" intensity="5.320472e-001" type="0"/>
    <Peak1D F1="4.961915" intensity="2.998667e-002" type="0"/>
    <Peak1D F1="4.956716" intensity="3.012888e-002" type="0"/>
    <Peak1D F1="4.936236" intensity="2.834488e-002" type="0"/>
    <Peak1D F1="4.915344" intensity="2.754900e-002" type="0"/>
    <Peak1D F1="4.903113" intensity="3.019016e-002" type="0"/>
    <Peak1D F1="4.899255" intensity="3.407408e-002" type="0"/>
    <Peak1D F1="4.894325" intensity="3.389808e-002" type="0"/>
    <Peak1D F1="4.860672" intensity="2.989003e-002" type="0"/>
    <Peak1D F1="4.856576" intensity="3.359181e-002" type="0"/>
    <Peak1D F1="4.851728" intensity="3.449462e-002" type="0"/>
    <Peak1D F1="4.847196" intensity="3.389531e-002" type="0"/>
    <Peak1D F1="4.843727" intensity="3.551215e-002" type="0"/>
    <Peak1D F1="4.840875" intensity="3.456580e-002" type="0"/>
    <Peak1D F1="4.818726" intensity="3.537099e-002" type="0"/>
    <Peak1D F1="4.813686" intensity="3.445208e-002" type="0"/>
    <Peak1D F1="4.802132" intensity="3.035369e-002" type="0"/>
    <Peak1D F1="4.770578" intensity="2.956607e-002" type="0"/>
    <Peak1D F1="4.763958" intensity="2.964428e-002" type="0"/>
    <Peak1D F1="4.753683" intensity="3.210700e-002" type="0"/>
    <Peak1D F1="4.745111" intensity="3.009276e-002" type="0"/>
    <Peak1D F1="4.733443" intensity="3.043228e-002" type="0"/>
    <Peak1D F1="4.721757" intensity="3.445546e-002" type="0"/>
    <Peak1D F1="4.707384" intensity="3.056052e-002" type="0"/>
    <Peak1D F1="4.696973" intensity="3.049946e-002" type="0"/>
    <Peak1D F1="4.679799" intensity="5.939977e-002" type="0"/>
    <Peak1D F1="4.665896" intensity="3.179927e-002" type="0"/>
    <Peak1D F1="4.658316" intensity="3.207834e-002" type="0"/>
    <Peak1D F1="4.648239" intensity="3.142935e-002" type="0"/>
    <Peak1D F1="4.635169" intensity="3.059652e-002" type="0"/>
    <Peak1D F1="4.628244" intensity="3.166940e-002" type="0"/>
    <Peak1D F1="4.600640" intensity="9.697221e-002" type="0"/>
    <Peak1D F1="4.586296" intensity="3.547754e-002" type="0"/>
    <Peak1D F1="4.569900" intensity="3.100827e-002" type="0"/>
    <Peak1D F1="4.556330" intensity="3.866855e-002" type="0"/>
    <Peak1D F1="4.546885" intensity="3.019488e-002" type="0"/>
    <Peak1D F1="4.540431" intensity="3.313126e-002" type="0"/>
    <Peak1D F1="4.528181" intensity="4.807566e-002" type="0"/>
    <Peak1D F1="4.525766" intensity="4.983866e-002" type="0"/>
    <Peak1D F1="4.519529" intensity="3.644915e-002" type="0"/>
    <Peak1D F1="4.509281" intensity="4.706187e-002" type="0"/>
    <Peak1D F1="4.503406" intensity="5.563311e-002" type="0"/>
    <Peak1D F1="4.487353" intensity="3.927960e-002" type="0"/>
    <Peak1D F1="4.480826" intensity="2.760296e-002" type="0"/>
    <Peak1D F1="4.474113" intensity="2.915219e-002" type="0"/>
    <Peak1D F1="4.465031" intensity="2.824979e-002" type="0"/>
    <Peak1D F1="4.451460" intensity="4.667243e-002" type="0"/>
    <Peak1D F1="4.425839" intensity="9.695417e+000" type="0"/>
    <Peak1D F1="4.389487" intensity="8.021396e-002" type="0"/>
    <Peak1D F1="4.381750" intensity="8.017413e-002" type="0"/>
    <Peak1D F1="4.369569" intensity="1.598485e-001" type="0"/>
    <Peak1D F1="4.351451" intensity="4.278069e-002" type="0"/>
    <Peak1D F1="4.338928" intensity="3.388611e-002" type="0"/>
    <Peak1D F1="4.327616" intensity="3.146884e-002" type="0"/>
    <Peak1D F1="4.314929" intensity="2.945699e-002" type="0"/>
    <Peak1D F1="4.284698" intensity="2.522103e-002" type="0"/>
    <Peak1D F1="4.270439" intensity="2.395046e-002" type="0"/>
    <Peak1D F1="4.247040" intensity="8.106562e-002" type="0"/>
    <Peak1D F1="4.224684" intensity="2.021954e-002" type="0"/>
    <Peak1D F1="4.209040" intensity="1.984536e-002" type="0"/>
    <Peak1D F1="4.190541" intensity="1.745074e-002" type="0"/>
    <Peak1D F1="4.170880" intensity="2.139265e-002" type="0"/>
    <Peak1D F1="4.162545" intensity="1.938837e-002" type="0"/>
    <Peak1D F1="4.140717" intensity="1.575254e-002" type="0"/>
    <Peak1D F1="4.131509" intensity="1.565810e-002" type="0"/>
    <Peak1D F1="4.105762" intensity="1.427469e-002" type="0"/>
    <Peak1D F1="4.084371" intensity="1.823640e-002" type="0"/>
    <Peak1D F1="4.074484" intensity="1.318177e-002" type="0"/>
    <Peak1D F1="4.066435" intensity="1.247732e-002" type="0"/>
    <Peak1D F1="4.061879" intensity="1.216311e-002" type="0"/>
    <Peak1D F1="4.047881" intensity="1.199726e-002" type="0"/>
    <Peak1D F1="4.042638" intensity="1.434538e-002" type="0"/>
    <Peak1D F1="4.033204" intensity="1.009729e-002" type="0"/>
    <Peak1D F1="4.017262" intensity="1.374120e-002" type="0"/>
    <Peak1D F1="3.999298" intensity="5.796978e-002" type="0"/>
    <Peak1D F1="3.976760" intensity="1.200490e-002" type="0"/>
    <Peak1D F1="3.971496" intensity="1.125289e-002" type="0"/>
    <Peak1D F1="3.953638" intensity="1.380286e-002" type="0"/>
    <Peak1D F1="3.938349" intensity="6.055728e-003" type="0"/>
    <Peak1D F1="3.930111" intensity="1.772866e-002" type="0"/>
    <Peak1D F1="3.911849" intensity="9.265065e-002" type="0"/>
    <Peak1D F1="3.896936" intensity="8.922586e-002" type="0"/>
    <Peak1D F1="3.884750" intensity="6.420465e-003" type="0"/>
    <Peak1D F1="3.858297" intensity="5.120575e-003" type="0"/>
    <Peak1D F1="3.830922" intensity="3.994926e-003" type="0"/>
    <Peak1D F1="3.791312" intensity="7.613729e-002" type="0"/>
    <Peak1D F1="3.781573" intensity="5.170865e-003" type="0"/>
    <Peak1D F1="3.756326" intensity="1.177209e-001" type="0"/>
    <Peak1D F1="3.751703" intensity="1.917789e-001" type="0"/>
    <Peak1D F1="3.734146" intensity="1.442135e+001" type="0"/>
    <Peak1D F1="3.719265" intensity="1.500000e+001" type="0"/>
    <Peak1D F1="3.673469" intensity="1.176185e-001" type="0"/>
    <Peak1D F1="3.665754" intensity="9.312619e-002" type="0"/>
    <Peak1D F1="3.658550" intensity="8.936857e-002" type="0"/>
    <Peak1D F1="3.649233" intensity="5.993084e-002" type="0"/>
    <Peak1D F1="3.635048" intensity="5.103198e-002" type="0"/>
    <Peak1D F1="3.618760" intensity="4.812885e-002" type="0"/>
    <Peak1D F1="3.602439" intensity="3.985789e-002" type="0"/>
    <Peak1D F1="3.583651" intensity="3.262975e-002" type="0"/>
    <Peak1D F1="3.574328" intensity="2.875010e-002" type="0"/>
    <Peak1D F1="3.551790" intensity="1.073226e-001" type="0"/>
    <Peak1D F1="3.537143" intensity="1.083667e-001" type="0"/>
    <Peak1D F1="3.519666" intensity="1.860540e-002" type="0"/>
    <Peak1D F1="3.505930" intensity="2.116926e-002" type="0"/>
    <Peak1D F1="3.496441" intensity="1.799200e-002" type="0"/>
    <Peak1D F1="3.485001" intensity="1.944074e-002" type="0"/>
    <Peak1D F1="3.469858" intensity="2.094530e-002" type="0"/>
    <Peak1D F1="3.459994" intensity="2.738873e-002" type="0"/>
    <Peak1D F1="3.442968" intensity="2.509761e-002" type="0"/>
    <Peak1D F1="3.420791" intensity="1.643192e-002" type="0"/>
    <Peak1D F1="3.404474" intensity="1.380780e-002" type="0"/>
    <Peak1D F1="3.393424" intensity="1.758626e-002" type="0"/>
    <Peak1D F1="3.380375" intensity="2.517770e-002" type="0"/>
    <Peak1D F1="3.367839" intensity="1.269953e-002" type="0"/>
    <Peak1D F1="3.303603" intensity="2.465738e+000" type="0"/>
    <Peak1D F1="3.286769" intensity="2.530995e+000" type="0"/>
    <Peak1D F1="3.252335" intensity="6.789062e-002" type="0"/>
    <Peak1D F1="3.220519" intensity="3.933521e-002" type="0"/>
    <Peak1D F1="3.143349" intensity="2.561123e-002" type="0"/>
    <Peak1D F1="3.129342" intensity="3.364540e-002" type="0"/>
    <Peak1D F1="3.124914" intensity="3.267802e-002" type="0"/>
    <Peak1D F1="3.101707" intensity="1.125819e-002" type="0"/>
    <Peak1D F1="3.086641" intensity="1.308611e-002" type="0"/>
    <Peak1D F1="3.080751" intensity="1.150678e-002" type="0"/>
    <Peak1D F1="3.063673" intensity="1.260604e-002" type="0"/>
    <Peak1D F1="3.049312" intensity="7.621442e-003" type="0"/>
    <Peak1D F1="3.040481" intensity="6.890159e-003" type="0"/>
    <Peak1D F1="3.010494" intensity="1.138378e-002" type="0"/>
    <Peak1D F1="3.005955" intensity="1.135376e-002" type="0"/>
    <Peak1D F1="2.993435" intensity="8.995861e-003" type="0"/>
    <Peak1D F1="2.978740" intensity="8.479817e-003" type="0"/>
    <Peak1D F1="2.968962" intensity="6.385964e-003" type="0"/>
    <Peak1D F1="2.957336" intensity="5.708500e-003" type="0"/>
    <Peak1D F1="2.940973" intensity="5.588407e-003" type="0"/>
    <Peak1D F1="2.928244" intensity="4.531174e-003" type="0"/>
    <Peak1D F1="2.508967" intensity="6.693105e-002" type="0"/>
    <Peak1D F1="2.504550" intensity="1.607148e-001" type="0"/>
    <Peak1D F1="2.500036" intensity="2.324020e-001" type="0"/>
    <Peak1D F1="2.495553" intensity="1.757500e-001" type="0"/>
    <Peak1D F1="2.491218" intensity="8.791798e-002" type="0"/>
    <Peak1D F1="2.476563" intensity="8.537350e-003" type="0"/>
    <Peak1D F1="2.456141" intensity="1.051327e-002" type="0"/>
    <Peak1D F1="2.415126" intensity="3.070506e-002" type="0"/>
    <Peak1D F1="2.385320" intensity="6.088387e-003" type="0"/>
    <Peak1D F1="2.335337" intensity="6.273505e-002" type="0"/>
    <Peak1D F1="2.297379" intensity="1.117731e-002" type="0"/>
    <Peak1D F1="2.280508" intensity="5.264179e-002" type="0"/>
    <Peak1D F1="2.272029" intensity="1.344981e-001" type="0"/>
    <Peak1D F1="2.258010" intensity="6.774311e+000" type="0"/>
    <Peak1D F1="2.235561" intensity="9.058665e-002" type="0"/>
    <Peak1D F1="2.209837" intensity="1.065932e-001" type="0"/>
    <Peak1D F1="2.197277" intensity="3.602640e-002" type="0"/>
    <Peak1D F1="2.188638" intensity="2.813199e-002" type="0"/>
    <Peak1D F1="2.179325" intensity="2.004140e-002" type="0"/>
    <Peak1D F1="2.168826" intensity="1.513059e-002" type="0"/>
    <Peak1D F1="2.162997" intensity="1.850116e-002" type="0"/>
    <Peak1D F1="2.153178" intensity="1.230343e-002" type="0"/>
    <Peak1D F1="2.146772" intensity="1.164814e-002" type="0"/>
    <Peak1D F1="2.143453" intensity="1.170814e-002" type="0"/>
    <Peak1D F1="2.138055" intensity="1.609719e-002" type="0"/>
    <Peak1D F1="2.135964" intensity="1.589887e-002" type="0"/>
    <Peak1D F1="2.124938" intensity="1.121342e-002" type="0"/>
    <Peak1D F1="2.111984" intensity="5.632014e-003" type="0"/>
    <Peak1D F1="2.103800" intensity="8.597161e-003" type="0"/>
    <Peak1D F1="2.097611" intensity="4.466902e-002" type="0"/>
    <Peak1D F1="2.085280" intensity="4.834678e-003" type="0"/>
    <Peak1D F1="2.078486" intensity="5.726555e-003" type="0"/>
    <Peak1D F1="2.073445" intensity="1.935379e-002" type="0"/>
    <Peak1D F1="2.052958" intensity="3.863751e-001" type="0"/>
    <Peak1D F1="2.037706" intensity="8.282525e-001" type="0"/>
    <Peak1D F1="2.022007" intensity="4.782367e-001" type="0"/>
    <Peak1D F1="1.982751" intensity="2.540847e-002" type="0"/>
    <Peak1D F1="1.976802" intensity="2.412982e-002" type="0"/>
    <Peak1D F1="1.965308" intensity="2.664706e-002" type="0"/>
    <Peak1D F1="1.946591" intensity="1.530161e-002" type="0"/>
    <Peak1D F1="1.926898" intensity="2.633951e-001" type="0"/>
    <Peak1D F1="1.910357" intensity="1.254445e-002" type="0"/>
    <Peak1D F1="1.887154" intensity="2.752559e-002" type="0"/>
    <Peak1D F1="1.865362" intensity="1.117332e-002" type="0"/>
    <Peak1D F1="1.848776" intensity="6.661184e-003" type="0"/>
    <Peak1D F1="1.836122" intensity="5.169081e-003" type="0"/>
    <Peak1D F1="1.831040" intensity="1.071132e-002" type="0"/>
    <Peak1D F1="1.821462" intensity="4.159580e-002" type="0"/>
    <Peak1D F1="1.807133" intensity="9.193600e-002" type="0"/>
    <Peak1D F1="1.792578" intensity="3.904165e-002" type="0"/>
    <Peak1D F1="1.776907" intensity="2.497086e-002" type="0"/>
    <Peak1D F1="1.764863" intensity="2.903610e-002" type="0"/>
    <Peak1D F1="1.749908" intensity="8.776736e-003" type="0"/>
    <Peak1D F1="1.731584" intensity="3.365688e+000" type="0"/>
    <Peak1D F1="1.678771" intensity="3.172236e-002" type="0"/>
    <Peak1D F1="1.671898" intensity="3.351790e-002" type="0"/>
    <Peak1D F1="1.662470" intensity="2.464224e-002" type="0"/>
    <Peak1D F1="1.656088" intensity="2.669333e-002" type="0"/>
    <Peak1D F1="1.645068" intensity="2.854647e-002" type="0"/>
    <Peak1D F1="1.639905" intensity="2.673294e-002" type="0"/>
    <Peak1D F1="1.620806" intensity="2.705830e-002" type="0"/>
    <Peak1D F1="1.604021" intensity="2.087927e-001" type="0"/>
    <Peak1D F1="1.593889" intensity="1.554744e-001" type="0"/>
    <Peak1D F1="1.586875" intensity="4.113696e-001" type="0"/>
    <Peak1D F1="1.578553" intensity="3.917756e-001" type="0"/>
    <Peak1D F1="1.572173" intensity="6.218747e-001" type="0"/>
    <Peak1D F1="1.563252" intensity="4.301625e-001" type="0"/>
    <Peak1D F1="1.556943" intensity="6.070285e-001" type="0"/>
    <Peak1D F1="1.547641" intensity="2.118531e-001" type="0"/>
    <Peak1D F1="1.541243" intensity="2.770795e-001" type="0"/>
    <Peak1D F1="1.522743" intensity="4.229325e-002" type="0"/>
    <Peak1D F1="1.505107" intensity="5.930111e-002" type="0"/>
    <Peak1D F1="1.490630" intensity="2.381430e-002" type="0"/>
    <Peak1D F1="1.486421" intensity="2.053949e-002" type="0"/>
    <Peak1D F1="1.482247" intensity="2.031742e-002" type="0"/>
    <Peak1D F1="1.472840" intensity="2.410364e-002" type="0"/>
    <Peak1D F1="1.454053" intensity="8.633609e-001" type="0"/>
    <Peak1D F1="1.447701" intensity="5.923884e-001" type="0"/>
    <Peak1D F1="1.438721" intensity="6.173750e-001" type="0"/>
    <Peak1D F1="1.432933" intensity="5.498264e-001" type="0"/>
    <Peak1D F1="1.424641" intensity="5.977167e-001" type="0"/>
    <Peak1D F1="1.389472" intensity="9.832345e-002" type="0"/>
    <Peak1D F1="1.384527" intensity="9.314188e-002" type="0"/>
    <Peak1D F1="1.379214" intensity="8.261088e-002" type="0"/>
    <Peak1D F1="1.374444" intensity="9.355549e-002" type="0"/>
    <Peak1D F1="1.370871" intensity="1.150864e-001" type="0"/>
    <Peak1D F1="1.365081" intensity="1.155558e-001" type="0"/>
    <Peak1D F1="1.360134" intensity="1.200415e-001" type="0"/>
    <Peak1D F1="1.350675" intensity="7.365596e-002" type="0"/>
    <Peak1D F1="1.337002" intensity="5.795172e-002" type="0"/>
    <Peak1D F1="1.327567" intensity="4.469027e-002" type="0"/>
    <Peak1D F1="1.321328" intensity="4.038093e-002" type="0"/>
    <Peak1D F1="1.302219" intensity="3.132962e-002" type="0"/>
    <Peak1D F1="1.295826" intensity="2.751994e-002" type="0"/>
    <Peak1D F1="1.288561" intensity="2.251069e-002" type="0"/>
    <Peak1D F1="1.284741" intensity="2.301590e-002" type="0"/>
    <Peak1D F1="1.279523" intensity="2.182817e-002" type="0"/>
    <Peak1D F1="1.266038" intensity="1.803556e-002" type="0"/>
    <Peak1D F1="1.250631" intensity="4.155265e-002" type="0"/>
    <Peak1D F1="1.231907" intensity="1.272067e-002" type="0"/>
    <Peak1D F1="1.213908" intensity="1.847375e-002" type="0"/>
    <Peak1D F1="1.208519" intensity="4.276270e-002" type="0"/>
    <Peak1D F1="1.203833" intensity="6.949516e-002" type="0"/>
    <Peak1D F1="1.192664" intensity="2.163439e-002" type="0"/>
    <Peak1D F1="1.185887" intensity="1.336007e-002" type="0"/>
    <Peak1D F1="1.182743" intensity="1.395934e-002" type="0"/>
    <Peak1D F1="1.176926" intensity="2.230658e-002" type="0"/>
    <Peak1D F1="1.165313" intensity="1.937486e-002" type="0"/>
    <Peak1D F1="1.159491" intensity="6.679092e-003" type="0"/>
    <Peak1D F1="1.146290" intensity="4.366445e-002" type="0"/>
    <Peak1D F1="1.142431" intensity="1.158430e-001" type="0"/>
    <Peak1D F1="1.120501" intensity="5.016108e-001" type="0"/>
    <Peak1D F1="1.097901" intensity="6.602082e-001" type="0"/>
    <Peak1D F1="1.083562" intensity="1.496964e-002" type="0"/>
    <Peak1D F1="1.062326" intensity="1.045226e-001" type="0"/>
    <Peak1D F1="1.048891" intensity="9.950575e+000" type="0"/>
    <Peak1D F1="1.027814" intensity="3.052222e-001" type="0"/>
    <Peak1D F1="1.021974" intensity="2.499596e-001" type="0"/>
    <Peak1D F1="1.013041" intensity="2.623799e-001" type="0"/>
    <Peak1D F1="0.990700" intensity="1.280060e-001" type="0"/>
    <Peak1D F1="0.985010" intensity="1.236223e-001" type="0"/>
    <Peak1D F1="0.961843" intensity="8.117427e-002" type="0"/>
    <Peak1D F1="0.957182" intensity="7.796693e-002" type="0"/>
    <Peak1D F1="0.932706" intensity="5.795065e-002" type="0"/>
    <Peak1D F1="0.915421" intensity="4.954954e-002" type="0"/>
    <Peak1D F1="0.910794" intensity="4.987890e-002" type="0"/>
    <Peak1D F1="0.903112" intensity="4.351773e-002" type="0"/>
    <Peak1D F1="0.890226" intensity="9.228725e-002" type="0"/>
    <Peak1D F1="0.882055" intensity="7.853100e-002" type="0"/>
    <Peak1D F1="0.872358" intensity="5.489274e-001" type="0"/>
    <Peak1D F1="0.858103" intensity="6.668492e-002" type="0"/>
    <Peak1D F1="0.838616" intensity="4.194342e-002" type="0"/>
    <Peak1D F1="0.827457" intensity="5.161424e-002" type="0"/>
    <Peak1D F1="0.818363" intensity="8.742020e-002" type="0"/>
    <Peak1D F1="0.788365" intensity="3.805985e-002" type="0"/>
    <Peak1D F1="0.775131" intensity="2.660673e-002" type="0"/>
    <Peak1D F1="0.768779" intensity="2.826046e-002" type="0"/>
    <Peak1D F1="0.762286" intensity="2.961579e-002" type="0"/>
    <Peak1D F1="0.744983" intensity="2.638317e-002" type="0"/>
    <Peak1D F1="0.720199" intensity="4.121592e-002" type="0"/>
    <Peak1D F1="0.679933" intensity="1.699215e-002" type="0"/>
    <Peak1D F1="0.659004" intensity="1.764105e-002" type="0"/>
    <Peak1D F1="0.642218" intensity="1.637260e-002" type="0"/>
    <Peak1D F1="0.578310" intensity="1.816760e-002" type="0"/>
    <Peak1D F1="0.393089" intensity="7.814941e-003" type="0"/>
    <Peak1D F1="0.265988" intensity="6.365118e-003" type="0"/>
    <Peak1D F1="0.148596" intensity="5.493751e-003" type="0"/>
    <Peak1D F1="0.133406" intensity="5.301976e-003" type="0"/>
    <Peak1D F1="0.110249" intensity="4.909270e-003" type="0"/>
    <Peak1D F1="0.008074" intensity="5.481462e-003" type="0"/>
    <Peak1D F1="-0.000154" intensity="8.701038e-002" type="0"/>
    <Peak1D F1="-0.008345" intensity="9.384434e-003" type="0"/>
  </PeakList1D>
</PeakList>
