<?xml version="1.0" encoding="UTF-8"?>
<PeakList>
  <PeakList1D>
    <PeakList1DHeader creator="root" date="2021-09-29T10:08:42.769+08:00" expNo="1" name="0929chsc-ysycz#DM" owner="" procNo="1" source="D:/Zhi-Ming Zhang">
      <PeakPickDetails>F1=16.188181ppm, F2=-3.837362ppm, MI=0.00cm, MAXI=10000.00cm, PC=1.000
      </PeakPickDetails>
    </PeakList1DHeader>
    <Peak1D F1="11.308206" intensity="1.955362e-002" type="0"/>
    <Peak1D F1="5.993347" intensity="7.469629e-003" type="0"/>
    <Peak1D F1="5.887369" intensity="5.914009e-001" type="0"/>
    <Peak1D F1="5.876886" intensity="4.027178e-001" type="0"/>
    <Peak1D F1="5.860624" intensity="6.538823e-001" type="0"/>
    <Peak1D F1="5.850116" intensity="4.735459e-001" type="0"/>
    <Peak1D F1="5.844076" intensity="7.169367e-001" type="0"/>
    <Peak1D F1="5.833583" intensity="4.721019e-001" type="0"/>
    <Peak1D F1="5.817340" intensity="7.093531e-001" type="0"/>
    <Peak1D F1="5.806844" intensity="4.742841e-001" type="0"/>
    <Peak1D F1="5.669666" intensity="1.047148e-002" type="0"/>
    <Peak1D F1="5.562502" intensity="1.300851e-002" type="0"/>
    <Peak1D F1="5.500893" intensity="3.263701e-001" type="0"/>
    <Peak1D F1="5.482691" intensity="6.584766e-001" type="0"/>
    <Peak1D F1="5.478590" intensity="5.351326e-001" type="0"/>
    <Peak1D F1="5.473998" intensity="4.967650e-001" type="0"/>
    <Peak1D F1="5.469809" intensity="3.832085e-001" type="0"/>
    <Peak1D F1="5.464531" intensity="3.980525e-001" type="0"/>
    <Peak1D F1="5.459580" intensity="6.045470e-001" type="0"/>
    <Peak1D F1="5.455778" intensity="8.962477e-001" type="0"/>
    <Peak1D F1="5.452410" intensity="5.445458e-001" type="0"/>
    <Peak1D F1="5.437661" intensity="4.664931e-001" type="0"/>
    <Peak1D F1="5.384192" intensity="1.586979e-002" type="0"/>
    <Peak1D F1="5.341001" intensity="4.519563e-001" type="0"/>
    <Peak1D F1="5.337535" intensity="2.752649e-001" type="0"/>
    <Peak1D F1="5.326272" intensity="5.379196e-001" type="0"/>
    <Peak1D F1="5.322796" intensity="8.917753e-001" type="0"/>
    <Peak1D F1="5.318915" intensity="6.124552e-001" type="0"/>
    <Peak1D F1="5.314123" intensity="3.944843e-001" type="0"/>
    <Peak1D F1="5.308798" intensity="3.766080e-001" type="0"/>
    <Peak1D F1="5.304560" intensity="4.999333e-001" type="0"/>
    <Peak1D F1="5.300000" intensity="5.519676e-001" type="0"/>
    <Peak1D F1="5.295882" intensity="6.693404e-001" type="0"/>
    <Peak1D F1="5.292318" intensity="4.025396e-001" type="0"/>
    <Peak1D F1="5.281185" intensity="2.125574e-001" type="0"/>
    <Peak1D F1="5.277648" intensity="3.389508e-001" type="0"/>
    <Peak1D F1="5.274101" intensity="2.039253e-001" type="0"/>
    <Peak1D F1="5.168154" intensity="7.721694e-001" type="0"/>
    <Peak1D F1="5.162932" intensity="1.196676e+000" type="0"/>
    <Peak1D F1="5.157602" intensity="5.770211e-001" type="0"/>
    <Peak1D F1="5.124849" intensity="7.443687e-001" type="0"/>
    <Peak1D F1="5.119613" intensity="1.168816e+000" type="0"/>
    <Peak1D F1="5.114190" intensity="7.525977e-001" type="0"/>
    <Peak1D F1="5.106197" intensity="5.751798e-001" type="0"/>
    <Peak1D F1="5.102546" intensity="5.663903e-001" type="0"/>
    <Peak1D F1="5.098467" intensity="5.546631e-001" type="0"/>
    <Peak1D F1="5.088223" intensity="9.819193e-001" type="0"/>
    <Peak1D F1="5.069785" intensity="7.967920e-001" type="0"/>
    <Peak1D F1="5.055525" intensity="2.403644e-001" type="0"/>
    <Peak1D F1="5.052112" intensity="2.591469e-001" type="0"/>
    <Peak1D F1="4.944294" intensity="8.881164e-001" type="0"/>
    <Peak1D F1="4.941820" intensity="8.347709e-001" type="0"/>
    <Peak1D F1="4.939387" intensity="9.411258e-001" type="0"/>
    <Peak1D F1="4.917552" intensity="8.513905e-001" type="0"/>
    <Peak1D F1="4.915082" intensity="7.952496e-001" type="0"/>
    <Peak1D F1="4.912661" intensity="9.021571e-001" type="0"/>
    <Peak1D F1="4.683857" intensity="8.551622e-003" type="0"/>
    <Peak1D F1="4.544865" intensity="1.388405e-002" type="0"/>
    <Peak1D F1="4.533600" intensity="1.285225e-002" type="0"/>
    <Peak1D F1="4.355761" intensity="4.076634e-001" type="0"/>
    <Peak1D F1="4.190875" intensity="1.874232e-002" type="0"/>
    <Peak1D F1="4.173732" intensity="3.492932e-002" type="0"/>
    <Peak1D F1="4.156582" intensity="2.374043e-002" type="0"/>
    <Peak1D F1="4.045667" intensity="3.858179e-002" type="0"/>
    <Peak1D F1="4.008523" intensity="2.513849e+000" type="0"/>
    <Peak1D F1="3.991339" intensity="4.981712e+000" type="0"/>
    <Peak1D F1="3.974250" intensity="2.657927e+000" type="0"/>
    <Peak1D F1="3.821077" intensity="1.642841e-002" type="0"/>
    <Peak1D F1="3.803964" intensity="3.104376e-002" type="0"/>
    <Peak1D F1="3.786973" intensity="1.817214e-002" type="0"/>
    <Peak1D F1="3.329654" intensity="2.246718e-001" type="0"/>
    <Peak1D F1="2.627913" intensity="1.212121e-002" type="0"/>
    <Peak1D F1="2.516577" intensity="1.087807e-001" type="0"/>
    <Peak1D F1="2.512067" intensity="1.478358e-001" type="0"/>
    <Peak1D F1="2.507564" intensity="1.109073e-001" type="0"/>
    <Peak1D F1="2.472166" intensity="1.366556e-002" type="0"/>
    <Peak1D F1="2.412703" intensity="2.140380e-002" type="0"/>
    <Peak1D F1="2.395733" intensity="2.392154e-002" type="0"/>
    <Peak1D F1="2.349260" intensity="7.134919e-001" type="0"/>
    <Peak1D F1="2.332137" intensity="1.969484e+000" type="0"/>
    <Peak1D F1="2.314018" intensity="1.957236e+000" type="0"/>
    <Peak1D F1="2.296895" intensity="6.950478e-001" type="0"/>
    <Peak1D F1="2.256688" intensity="2.698530e-002" type="0"/>
    <Peak1D F1="2.179986" intensity="6.125036e-002" type="0"/>
    <Peak1D F1="2.171349" intensity="4.052165e-002" type="0"/>
    <Peak1D F1="2.154573" intensity="3.578623e-002" type="0"/>
    <Peak1D F1="2.139231" intensity="1.267233e-001" type="0"/>
    <Peak1D F1="2.109281" intensity="3.922803e-002" type="0"/>
    <Peak1D F1="2.089066" intensity="8.132074e-002" type="0"/>
    <Peak1D F1="2.066052" intensity="4.228863e-001" type="0"/>
    <Peak1D F1="2.047525" intensity="1.536686e+000" type="0"/>
    <Peak1D F1="2.028966" intensity="2.485898e+000" type="0"/>
    <Peak1D F1="2.011715" intensity="2.232465e+000" type="0"/>
    <Peak1D F1="1.995138" intensity="2.161593e+000" type="0"/>
    <Peak1D F1="1.979303" intensity="1.500000e+001" type="0"/>
    <Peak1D F1="1.949582" intensity="1.351925e+000" type="0"/>
    <Peak1D F1="1.929594" intensity="1.169598e+000" type="0"/>
    <Peak1D F1="1.909815" intensity="6.786196e-001" type="0"/>
    <Peak1D F1="1.890448" intensity="2.083742e-001" type="0"/>
    <Peak1D F1="1.872181" intensity="1.194556e-001" type="0"/>
    <Peak1D F1="1.816316" intensity="1.178190e-001" type="0"/>
    <Peak1D F1="1.793434" intensity="4.808376e-002" type="0"/>
    <Peak1D F1="1.733076" intensity="3.079487e-002" type="0"/>
    <Peak1D F1="1.711512" intensity="4.757951e-002" type="0"/>
    <Peak1D F1="1.650201" intensity="2.469781e+000" type="0"/>
    <Peak1D F1="1.639163" intensity="4.840619e+000" type="0"/>
    <Peak1D F1="1.579790" intensity="2.476372e+000" type="0"/>
    <Peak1D F1="1.562814" intensity="3.875875e+000" type="0"/>
    <Peak1D F1="1.556890" intensity="4.050565e+000" type="0"/>
    <Peak1D F1="1.473751" intensity="8.647250e-002" type="0"/>
    <Peak1D F1="1.464914" intensity="7.942495e-002" type="0"/>
    <Peak1D F1="1.457720" intensity="1.212449e-001" type="0"/>
    <Peak1D F1="1.449030" intensity="1.384621e-001" type="0"/>
    <Peak1D F1="1.440268" intensity="4.944830e-001" type="0"/>
    <Peak1D F1="1.432865" intensity="7.251737e-001" type="0"/>
    <Peak1D F1="1.424104" intensity="7.455600e-001" type="0"/>
    <Peak1D F1="1.416247" intensity="1.247255e+000" type="0"/>
    <Peak1D F1="1.406619" intensity="1.059565e+000" type="0"/>
    <Peak1D F1="1.398549" intensity="6.413392e-001" type="0"/>
    <Peak1D F1="1.390632" intensity="6.818632e-001" type="0"/>
    <Peak1D F1="1.380685" intensity="3.183451e-001" type="0"/>
    <Peak1D F1="1.373879" intensity="1.503972e-001" type="0"/>
    <Peak1D F1="1.363110" intensity="9.749815e-002" type="0"/>
    <Peak1D F1="1.357831" intensity="7.936592e-002" type="0"/>
    <Peak1D F1="1.347829" intensity="6.262331e-002" type="0"/>
    <Peak1D F1="1.313874" intensity="4.947361e-002" type="0"/>
    <Peak1D F1="1.244479" intensity="4.136728e-002" type="0"/>
    <Peak1D F1="1.228778" intensity="1.299383e-001" type="0"/>
    <Peak1D F1="1.223257" intensity="8.332141e-002" type="0"/>
    <Peak1D F1="1.214639" intensity="8.281623e-002" type="0"/>
    <Peak1D F1="1.206965" intensity="1.062279e-001" type="0"/>
    <Peak1D F1="1.196946" intensity="7.797513e-002" type="0"/>
    <Peak1D F1="1.184649" intensity="1.127560e-001" type="0"/>
    <Peak1D F1="1.158577" intensity="5.965465e+000" type="0"/>
    <Peak1D F1="1.154257" intensity="4.814051e+000" type="0"/>
    <Peak1D F1="1.113490" intensity="6.597295e-002" type="0"/>
    <Peak1D F1="1.094634" intensity="7.923514e-002" type="0"/>
    <Peak1D F1="1.075771" intensity="4.800435e-002" type="0"/>
    <Peak1D F1="1.047132" intensity="3.149790e-002" type="0"/>
    <Peak1D F1="1.029256" intensity="3.206724e-002" type="0"/>
    <Peak1D F1="0.999859" intensity="5.303292e-002" type="0"/>
    <Peak1D F1="0.957686" intensity="4.263102e+000" type="0"/>
    <Peak1D F1="0.938819" intensity="7.902060e+000" type="0"/>
    <Peak1D F1="0.920015" intensity="4.138616e+000" type="0"/>
    <Peak1D F1="0.861986" intensity="4.239460e-002" type="0"/>
    <Peak1D F1="0.843199" intensity="2.512174e-002" type="0"/>
    <Peak1D F1="0.798343" intensity="3.136272e-002" type="0"/>
    <Peak1D F1="0.779555" intensity="5.471215e-002" type="0"/>
    <Peak1D F1="0.760740" intensity="2.909352e-002" type="0"/>
    <Peak1D F1="-0.000154" intensity="7.840704e-002" type="0"/>
  </PeakList1D>
</PeakList>
