<?xml version="1.0" encoding="UTF-8"?>
<PeakList>
  <PeakList1D>
    <PeakList1DHeader creator="root" date="2021-09-30T14:20:26.241+08:00" expNo="1" name="0930MKQ" owner="" procNo="1" source="D:/Zhi-Ming Zhang">
      <PeakPickDetails>F1=16.266439ppm, F2=-3.759105ppm, MI=0.00cm, MAXI=10000.00cm, PC=1.000
      </PeakPickDetails>
    </PeakList1DHeader>
    <Peak1D F1="16.226461" intensity="2.757268e-004" type="0"/>
    <Peak1D F1="16.140223" intensity="2.628044e-004" type="0"/>
    <Peak1D F1="16.099148" intensity="3.012387e-004" type="0"/>
    <Peak1D F1="16.082300" intensity="2.405251e-004" type="0"/>
    <Peak1D F1="16.021528" intensity="2.493807e-004" type="0"/>
    <Peak1D F1="15.963713" intensity="2.448249e-004" type="0"/>
    <Peak1D F1="15.938769" intensity="2.500966e-004" type="0"/>
    <Peak1D F1="13.099660" intensity="2.336198e-004" type="0"/>
    <Peak1D F1="13.086931" intensity="2.538736e-004" type="0"/>
    <Peak1D F1="13.036860" intensity="2.624942e-004" type="0"/>
    <Peak1D F1="12.989667" intensity="3.037748e-004" type="0"/>
    <Peak1D F1="12.948486" intensity="3.265367e-004" type="0"/>
    <Peak1D F1="12.932185" intensity="3.203040e-004" type="0"/>
    <Peak1D F1="12.927752" intensity="3.448052e-004" type="0"/>
    <Peak1D F1="12.919210" intensity="3.540207e-004" type="0"/>
    <Peak1D F1="12.889475" intensity="3.758214e-004" type="0"/>
    <Peak1D F1="12.879835" intensity="3.958700e-004" type="0"/>
    <Peak1D F1="12.848149" intensity="3.888095e-004" type="0"/>
    <Peak1D F1="12.837790" intensity="4.244584e-004" type="0"/>
    <Peak1D F1="12.788889" intensity="4.262981e-004" type="0"/>
    <Peak1D F1="12.768429" intensity="4.050263e-004" type="0"/>
    <Peak1D F1="12.751460" intensity="3.921320e-004" type="0"/>
    <Peak1D F1="12.723248" intensity="3.903169e-004" type="0"/>
    <Peak1D F1="12.708855" intensity="3.610829e-004" type="0"/>
    <Peak1D F1="12.694016" intensity="3.448411e-004" type="0"/>
    <Peak1D F1="12.655961" intensity="3.174778e-004" type="0"/>
    <Peak1D F1="12.619673" intensity="3.057728e-004" type="0"/>
    <Peak1D F1="12.600257" intensity="2.804642e-004" type="0"/>
    <Peak1D F1="12.568059" intensity="2.855230e-004" type="0"/>
    <Peak1D F1="12.552804" intensity="2.515250e-004" type="0"/>
    <Peak1D F1="12.542346" intensity="2.450111e-004" type="0"/>
    <Peak1D F1="12.453708" intensity="2.523239e-004" type="0"/>
    <Peak1D F1="10.402456" intensity="3.969473e-004" type="0"/>
    <Peak1D F1="10.393558" intensity="3.088910e-004" type="0"/>
    <Peak1D F1="10.206910" intensity="2.768893e-004" type="0"/>
    <Peak1D F1="10.191761" intensity="3.133797e-004" type="0"/>
    <Peak1D F1="10.175786" intensity="2.466656e-004" type="0"/>
    <Peak1D F1="10.150211" intensity="2.472323e-004" type="0"/>
    <Peak1D F1="10.142938" intensity="2.365473e-004" type="0"/>
    <Peak1D F1="10.127922" intensity="2.544191e-004" type="0"/>
    <Peak1D F1="10.112375" intensity="2.997127e-004" type="0"/>
    <Peak1D F1="10.101274" intensity="4.770160e-004" type="0"/>
    <Peak1D F1="10.082683" intensity="3.094713e-004" type="0"/>
    <Peak1D F1="10.076586" intensity="2.511562e-004" type="0"/>
    <Peak1D F1="10.071200" intensity="2.431288e-004" type="0"/>
    <Peak1D F1="10.060426" intensity="3.640790e-004" type="0"/>
    <Peak1D F1="10.049940" intensity="2.852114e-004" type="0"/>
    <Peak1D F1="10.036082" intensity="3.696403e-004" type="0"/>
    <Peak1D F1="10.027520" intensity="6.042966e-004" type="0"/>
    <Peak1D F1="10.017649" intensity="5.299342e-004" type="0"/>
    <Peak1D F1="10.003211" intensity="4.949096e-004" type="0"/>
    <Peak1D F1="9.985789" intensity="4.456034e-004" type="0"/>
    <Peak1D F1="9.956239" intensity="6.023310e-004" type="0"/>
    <Peak1D F1="9.932263" intensity="5.613075e-004" type="0"/>
    <Peak1D F1="9.921733" intensity="6.521219e-004" type="0"/>
    <Peak1D F1="9.906721" intensity="1.782813e-003" type="0"/>
    <Peak1D F1="9.884217" intensity="5.626112e-004" type="0"/>
    <Peak1D F1="9.878674" intensity="5.282497e-004" type="0"/>
    <Peak1D F1="9.871481" intensity="8.520902e-004" type="0"/>
    <Peak1D F1="9.867292" intensity="8.117809e-004" type="0"/>
    <Peak1D F1="9.851676" intensity="6.747358e-004" type="0"/>
    <Peak1D F1="9.843119" intensity="7.171845e-004" type="0"/>
    <Peak1D F1="9.830773" intensity="1.122661e-003" type="0"/>
    <Peak1D F1="9.811355" intensity="1.932024e-003" type="0"/>
    <Peak1D F1="9.805862" intensity="1.451294e-003" type="0"/>
    <Peak1D F1="9.791776" intensity="1.992868e-003" type="0"/>
    <Peak1D F1="9.771122" intensity="1.188809e-001" type="0"/>
    <Peak1D F1="9.729486" intensity="2.924534e-003" type="0"/>
    <Peak1D F1="9.716231" intensity="1.327612e-002" type="0"/>
    <Peak1D F1="9.697236" intensity="1.399307e-003" type="0"/>
    <Peak1D F1="9.688654" intensity="2.358441e-003" type="0"/>
    <Peak1D F1="9.683655" intensity="2.496037e-003" type="0"/>
    <Peak1D F1="9.680078" intensity="2.506115e-003" type="0"/>
    <Peak1D F1="9.673636" intensity="2.336409e-003" type="0"/>
    <Peak1D F1="9.656633" intensity="4.781100e-003" type="0"/>
    <Peak1D F1="9.646974" intensity="7.030714e-003" type="0"/>
    <Peak1D F1="9.637068" intensity="7.742707e-003" type="0"/>
    <Peak1D F1="9.632025" intensity="1.209957e-002" type="0"/>
    <Peak1D F1="9.621854" intensity="8.556955e-003" type="0"/>
    <Peak1D F1="9.617231" intensity="1.143746e-002" type="0"/>
    <Peak1D F1="9.609706" intensity="2.268744e-002" type="0"/>
    <Peak1D F1="9.590780" intensity="1.414464e-001" type="0"/>
    <Peak1D F1="9.583361" intensity="4.660614e-002" type="0"/>
    <Peak1D F1="9.550286" intensity="1.500000e+001" type="0"/>
    <Peak1D F1="9.508924" intensity="1.468777e-001" type="0"/>
    <Peak1D F1="9.488109" intensity="1.936796e-002" type="0"/>
    <Peak1D F1="9.480982" intensity="1.190583e-002" type="0"/>
    <Peak1D F1="9.475331" intensity="1.123521e-002" type="0"/>
    <Peak1D F1="9.459655" intensity="6.908678e-003" type="0"/>
    <Peak1D F1="9.449716" intensity="5.650018e-003" type="0"/>
    <Peak1D F1="9.439063" intensity="6.107627e-003" type="0"/>
    <Peak1D F1="9.433934" intensity="6.457507e-003" type="0"/>
    <Peak1D F1="9.414292" intensity="3.129908e-003" type="0"/>
    <Peak1D F1="9.406803" intensity="4.137027e-003" type="0"/>
    <Peak1D F1="9.388799" intensity="4.949822e-003" type="0"/>
    <Peak1D F1="9.364431" intensity="1.263694e-003" type="0"/>
    <Peak1D F1="9.355653" intensity="1.522913e-003" type="0"/>
    <Peak1D F1="9.340334" intensity="1.221541e-003" type="0"/>
    <Peak1D F1="9.323956" intensity="1.169597e-001" type="0"/>
    <Peak1D F1="9.300337" intensity="6.407456e-004" type="0"/>
    <Peak1D F1="9.282434" intensity="8.428065e-004" type="0"/>
    <Peak1D F1="9.262165" intensity="4.663539e-004" type="0"/>
    <Peak1D F1="9.211682" intensity="2.690081e-004" type="0"/>
    <Peak1D F1="8.592618" intensity="1.095392e-003" type="0"/>
    <Peak1D F1="8.503829" intensity="2.360965e-004" type="0"/>
    <Peak1D F1="8.352818" intensity="2.412174e-004" type="0"/>
    <Peak1D F1="8.238765" intensity="5.693706e-002" type="0"/>
    <Peak1D F1="8.134736" intensity="4.480339e-003" type="0"/>
    <Peak1D F1="8.120882" intensity="2.437197e-004" type="0"/>
    <Peak1D F1="8.106808" intensity="4.609295e-004" type="0"/>
    <Peak1D F1="8.073956" intensity="2.385117e-004" type="0"/>
    <Peak1D F1="8.060348" intensity="4.942197e-004" type="0"/>
    <Peak1D F1="8.046110" intensity="4.529780e-004" type="0"/>
    <Peak1D F1="8.035509" intensity="5.775144e-004" type="0"/>
    <Peak1D F1="7.994215" intensity="2.795243e-003" type="0"/>
    <Peak1D F1="7.980096" intensity="2.612367e-003" type="0"/>
    <Peak1D F1="7.967290" intensity="5.082632e-004" type="0"/>
    <Peak1D F1="7.952808" intensity="4.648269e-004" type="0"/>
    <Peak1D F1="7.946040" intensity="5.007764e-004" type="0"/>
    <Peak1D F1="7.938143" intensity="4.999875e-004" type="0"/>
    <Peak1D F1="7.925754" intensity="8.373622e-004" type="0"/>
    <Peak1D F1="7.911213" intensity="7.043624e-004" type="0"/>
    <Peak1D F1="7.888741" intensity="6.076370e-004" type="0"/>
    <Peak1D F1="7.868133" intensity="6.089745e-004" type="0"/>
    <Peak1D F1="7.860147" intensity="6.303166e-004" type="0"/>
    <Peak1D F1="7.844933" intensity="6.741619e-004" type="0"/>
    <Peak1D F1="7.833005" intensity="8.517614e-004" type="0"/>
    <Peak1D F1="7.816964" intensity="7.681294e-004" type="0"/>
    <Peak1D F1="7.807253" intensity="8.959057e-004" type="0"/>
    <Peak1D F1="7.792537" intensity="7.256877e-004" type="0"/>
    <Peak1D F1="7.773540" intensity="8.052700e-004" type="0"/>
    <Peak1D F1="7.763165" intensity="7.640637e-004" type="0"/>
    <Peak1D F1="7.744491" intensity="1.090704e-003" type="0"/>
    <Peak1D F1="7.716278" intensity="1.512204e-003" type="0"/>
    <Peak1D F1="7.700064" intensity="3.155330e-003" type="0"/>
    <Peak1D F1="7.681589" intensity="4.167715e-002" type="0"/>
    <Peak1D F1="7.672977" intensity="4.204998e-002" type="0"/>
    <Peak1D F1="7.628807" intensity="7.294958e-003" type="0"/>
    <Peak1D F1="7.619901" intensity="5.903094e-003" type="0"/>
    <Peak1D F1="7.600245" intensity="1.865829e-003" type="0"/>
    <Peak1D F1="7.575677" intensity="8.324477e-003" type="0"/>
    <Peak1D F1="7.561471" intensity="9.058369e-003" type="0"/>
    <Peak1D F1="7.544658" intensity="8.468238e-003" type="0"/>
    <Peak1D F1="7.534771" intensity="9.867847e-003" type="0"/>
    <Peak1D F1="7.521259" intensity="1.516165e-002" type="0"/>
    <Peak1D F1="7.512416" intensity="1.800265e-002" type="0"/>
    <Peak1D F1="7.462282" intensity="6.177391e+000" type="0"/>
    <Peak1D F1="7.453403" intensity="6.516510e+000" type="0"/>
    <Peak1D F1="7.399738" intensity="1.937146e-002" type="0"/>
    <Peak1D F1="7.390315" intensity="1.444245e-002" type="0"/>
    <Peak1D F1="7.377656" intensity="7.924614e-003" type="0"/>
    <Peak1D F1="7.362201" intensity="5.835532e-003" type="0"/>
    <Peak1D F1="7.351647" intensity="5.573371e-003" type="0"/>
    <Peak1D F1="7.343623" intensity="5.628118e-003" type="0"/>
    <Peak1D F1="7.318771" intensity="3.460380e-003" type="0"/>
    <Peak1D F1="7.303423" intensity="5.168493e-003" type="0"/>
    <Peak1D F1="7.292383" intensity="1.507195e-003" type="0"/>
    <Peak1D F1="7.266669" intensity="1.080057e-003" type="0"/>
    <Peak1D F1="7.256954" intensity="1.127068e-003" type="0"/>
    <Peak1D F1="7.238801" intensity="4.001955e-002" type="0"/>
    <Peak1D F1="7.230199" intensity="4.069418e-002" type="0"/>
    <Peak1D F1="7.205329" intensity="4.672040e-004" type="0"/>
    <Peak1D F1="7.194223" intensity="6.401677e-004" type="0"/>
    <Peak1D F1="7.187494" intensity="6.191728e-004" type="0"/>
    <Peak1D F1="7.158375" intensity="1.620913e-002" type="0"/>
    <Peak1D F1="7.150118" intensity="1.625350e-002" type="0"/>
    <Peak1D F1="7.122947" intensity="5.181346e-004" type="0"/>
    <Peak1D F1="7.105922" intensity="1.161141e-003" type="0"/>
    <Peak1D F1="7.094906" intensity="1.608970e-003" type="0"/>
    <Peak1D F1="7.080589" intensity="1.025426e-003" type="0"/>
    <Peak1D F1="7.069188" intensity="1.460658e-003" type="0"/>
    <Peak1D F1="7.043027" intensity="1.783638e-003" type="0"/>
    <Peak1D F1="7.017697" intensity="2.189792e-003" type="0"/>
    <Peak1D F1="7.007295" intensity="5.962370e-004" type="0"/>
    <Peak1D F1="6.993675" intensity="2.558500e-004" type="0"/>
    <Peak1D F1="6.978959" intensity="6.682738e-004" type="0"/>
    <Peak1D F1="6.958117" intensity="2.536926e-004" type="0"/>
    <Peak1D F1="6.940879" intensity="8.472649e-004" type="0"/>
    <Peak1D F1="6.920448" intensity="3.044820e-003" type="0"/>
    <Peak1D F1="6.880125" intensity="4.942693e-003" type="0"/>
    <Peak1D F1="6.854158" intensity="5.339616e-004" type="0"/>
    <Peak1D F1="6.841963" intensity="4.740032e-004" type="0"/>
    <Peak1D F1="6.821139" intensity="1.207300e-003" type="0"/>
    <Peak1D F1="6.808793" intensity="6.702124e-004" type="0"/>
    <Peak1D F1="6.797698" intensity="7.002304e-004" type="0"/>
    <Peak1D F1="6.779257" intensity="5.835075e-004" type="0"/>
    <Peak1D F1="6.771892" intensity="6.032193e-004" type="0"/>
    <Peak1D F1="6.749084" intensity="5.916563e-003" type="0"/>
    <Peak1D F1="6.730997" intensity="1.034202e-003" type="0"/>
    <Peak1D F1="6.720837" intensity="1.044689e-003" type="0"/>
    <Peak1D F1="6.708776" intensity="4.341205e-003" type="0"/>
    <Peak1D F1="6.701438" intensity="1.432008e-003" type="0"/>
    <Peak1D F1="6.678160" intensity="3.348894e-002" type="0"/>
    <Peak1D F1="6.676172" intensity="3.428592e-002" type="0"/>
    <Peak1D F1="6.669456" intensity="3.367161e-002" type="0"/>
    <Peak1D F1="6.667479" intensity="3.290385e-002" type="0"/>
    <Peak1D F1="6.623791" intensity="6.204712e-003" type="0"/>
    <Peak1D F1="6.614981" intensity="4.514809e-003" type="0"/>
    <Peak1D F1="6.582081" intensity="1.844780e-003" type="0"/>
    <Peak1D F1="6.571366" intensity="3.771133e-003" type="0"/>
    <Peak1D F1="6.557131" intensity="6.582969e-003" type="0"/>
    <Peak1D F1="6.539042" intensity="7.175642e-003" type="0"/>
    <Peak1D F1="6.529684" intensity="8.077290e-003" type="0"/>
    <Peak1D F1="6.515606" intensity="1.200187e-002" type="0"/>
    <Peak1D F1="6.512173" intensity="1.014168e-002" type="0"/>
    <Peak1D F1="6.506589" intensity="1.495798e-002" type="0"/>
    <Peak1D F1="6.503188" intensity="1.495282e-002" type="0"/>
    <Peak1D F1="6.458248" intensity="5.091156e+000" type="0"/>
    <Peak1D F1="6.456155" intensity="5.218850e+000" type="0"/>
    <Peak1D F1="6.449469" intensity="5.196370e+000" type="0"/>
    <Peak1D F1="6.447363" intensity="5.353148e+000" type="0"/>
    <Peak1D F1="6.397509" intensity="1.862119e-002" type="0"/>
    <Peak1D F1="6.394785" intensity="1.899412e-002" type="0"/>
    <Peak1D F1="6.388854" intensity="1.337958e-002" type="0"/>
    <Peak1D F1="6.383718" intensity="1.438377e-002" type="0"/>
    <Peak1D F1="6.374508" intensity="9.103179e-003" type="0"/>
    <Peak1D F1="6.372217" intensity="9.154080e-003" type="0"/>
    <Peak1D F1="6.357176" intensity="5.831713e-003" type="0"/>
    <Peak1D F1="6.345923" intensity="5.756139e-003" type="0"/>
    <Peak1D F1="6.337425" intensity="5.956495e-003" type="0"/>
    <Peak1D F1="6.306169" intensity="1.484084e-002" type="0"/>
    <Peak1D F1="6.303966" intensity="1.555878e-002" type="0"/>
    <Peak1D F1="6.297838" intensity="1.564551e-002" type="0"/>
    <Peak1D F1="6.295725" intensity="1.449094e-002" type="0"/>
    <Peak1D F1="6.286008" intensity="1.618344e-003" type="0"/>
    <Peak1D F1="6.263165" intensity="1.555431e-003" type="0"/>
    <Peak1D F1="6.246904" intensity="5.100943e-003" type="0"/>
    <Peak1D F1="6.233906" intensity="3.485143e-002" type="0"/>
    <Peak1D F1="6.232137" intensity="3.560369e-002" type="0"/>
    <Peak1D F1="6.225336" intensity="3.280697e-002" type="0"/>
    <Peak1D F1="6.223341" intensity="3.188604e-002" type="0"/>
    <Peak1D F1="6.178279" intensity="3.321247e-004" type="0"/>
    <Peak1D F1="6.169331" intensity="4.059987e-004" type="0"/>
    <Peak1D F1="6.160229" intensity="4.769393e-004" type="0"/>
    <Peak1D F1="6.153505" intensity="4.528948e-004" type="0"/>
    <Peak1D F1="6.143807" intensity="4.399413e-004" type="0"/>
    <Peak1D F1="6.108395" intensity="1.536484e-003" type="0"/>
    <Peak1D F1="6.092495" intensity="1.026738e-003" type="0"/>
    <Peak1D F1="6.082517" intensity="9.957054e-004" type="0"/>
    <Peak1D F1="6.067013" intensity="1.135063e-003" type="0"/>
    <Peak1D F1="6.060033" intensity="9.782502e-004" type="0"/>
    <Peak1D F1="6.046361" intensity="2.162022e-003" type="0"/>
    <Peak1D F1="6.031981" intensity="2.385747e-004" type="0"/>
    <Peak1D F1="6.021045" intensity="1.909402e-003" type="0"/>
    <Peak1D F1="5.934894" intensity="2.515318e-004" type="0"/>
    <Peak1D F1="5.927452" intensity="2.527983e-004" type="0"/>
    <Peak1D F1="5.542736" intensity="4.050440e-004" type="0"/>
    <Peak1D F1="5.524092" intensity="4.444460e-004" type="0"/>
    <Peak1D F1="5.316142" intensity="9.196697e-004" type="0"/>
    <Peak1D F1="5.303653" intensity="2.731953e-003" type="0"/>
    <Peak1D F1="5.297918" intensity="5.475951e-003" type="0"/>
    <Peak1D F1="5.294170" intensity="5.512042e-003" type="0"/>
    <Peak1D F1="5.184873" intensity="4.099034e-004" type="0"/>
    <Peak1D F1="5.170924" intensity="4.146022e-004" type="0"/>
    <Peak1D F1="5.158675" intensity="5.487041e-004" type="0"/>
    <Peak1D F1="5.103752" intensity="7.529513e-004" type="0"/>
    <Peak1D F1="5.096817" intensity="7.305975e-004" type="0"/>
    <Peak1D F1="5.066836" intensity="5.054997e-004" type="0"/>
    <Peak1D F1="5.038633" intensity="5.266180e-004" type="0"/>
    <Peak1D F1="4.878873" intensity="2.680715e-004" type="0"/>
    <Peak1D F1="4.794256" intensity="2.894829e-004" type="0"/>
    <Peak1D F1="4.768322" intensity="2.253582e-003" type="0"/>
    <Peak1D F1="4.625205" intensity="6.010903e-004" type="0"/>
    <Peak1D F1="4.438855" intensity="9.123065e-004" type="0"/>
    <Peak1D F1="4.362757" intensity="2.461448e-004" type="0"/>
    <Peak1D F1="4.310305" intensity="3.480436e-004" type="0"/>
    <Peak1D F1="4.302872" intensity="3.418103e-004" type="0"/>
    <Peak1D F1="4.292701" intensity="2.901972e-004" type="0"/>
    <Peak1D F1="4.261937" intensity="2.362550e-004" type="0"/>
    <Peak1D F1="4.200966" intensity="3.031272e-004" type="0"/>
    <Peak1D F1="4.182975" intensity="3.070659e-004" type="0"/>
    <Peak1D F1="4.139626" intensity="7.646175e-004" type="0"/>
    <Peak1D F1="4.133209" intensity="7.907273e-004" type="0"/>
    <Peak1D F1="4.089971" intensity="4.736200e-004" type="0"/>
    <Peak1D F1="4.070632" intensity="4.610934e-004" type="0"/>
    <Peak1D F1="4.048028" intensity="4.954868e-004" type="0"/>
    <Peak1D F1="4.032711" intensity="5.777563e-004" type="0"/>
    <Peak1D F1="4.010077" intensity="6.206365e-004" type="0"/>
    <Peak1D F1="3.980708" intensity="6.308136e-004" type="0"/>
    <Peak1D F1="3.976085" intensity="6.522337e-004" type="0"/>
    <Peak1D F1="3.950142" intensity="8.695078e-004" type="0"/>
    <Peak1D F1="3.923601" intensity="9.113149e-004" type="0"/>
    <Peak1D F1="3.910402" intensity="1.451557e-003" type="0"/>
    <Peak1D F1="3.902789" intensity="1.534884e-003" type="0"/>
    <Peak1D F1="3.896999" intensity="1.214602e-003" type="0"/>
    <Peak1D F1="3.890014" intensity="1.059740e-003" type="0"/>
    <Peak1D F1="3.820573" intensity="1.248175e-003" type="0"/>
    <Peak1D F1="3.799217" intensity="1.930161e-003" type="0"/>
    <Peak1D F1="3.771438" intensity="2.241016e-003" type="0"/>
    <Peak1D F1="3.764605" intensity="2.341572e-003" type="0"/>
    <Peak1D F1="3.758316" intensity="2.127350e-003" type="0"/>
    <Peak1D F1="3.520375" intensity="1.624157e-001" type="0"/>
    <Peak1D F1="3.309667" intensity="5.353929e-003" type="0"/>
    <Peak1D F1="3.303284" intensity="1.338213e-002" type="0"/>
    <Peak1D F1="3.296991" intensity="1.852980e-002" type="0"/>
    <Peak1D F1="3.290702" intensity="1.361988e-002" type="0"/>
    <Peak1D F1="3.284352" intensity="5.421978e-003" type="0"/>
    <Peak1D F1="3.246643" intensity="1.844639e-003" type="0"/>
    <Peak1D F1="3.216182" intensity="1.817180e-003" type="0"/>
    <Peak1D F1="3.177212" intensity="1.748947e-003" type="0"/>
    <Peak1D F1="3.140766" intensity="1.660209e-003" type="0"/>
    <Peak1D F1="3.125517" intensity="2.009239e-003" type="0"/>
    <Peak1D F1="3.080736" intensity="1.633875e-003" type="0"/>
    <Peak1D F1="3.062229" intensity="1.740890e-003" type="0"/>
    <Peak1D F1="3.056013" intensity="1.724064e-003" type="0"/>
    <Peak1D F1="3.030415" intensity="1.591249e-003" type="0"/>
    <Peak1D F1="3.017621" intensity="1.660134e-003" type="0"/>
    <Peak1D F1="3.001362" intensity="1.834608e-003" type="0"/>
    <Peak1D F1="2.991577" intensity="1.905488e-003" type="0"/>
    <Peak1D F1="2.975830" intensity="2.357652e-003" type="0"/>
    <Peak1D F1="2.949817" intensity="4.782312e-003" type="0"/>
    <Peak1D F1="2.936081" intensity="1.884636e-003" type="0"/>
    <Peak1D F1="2.923091" intensity="1.756237e-003" type="0"/>
    <Peak1D F1="2.901935" intensity="2.501912e-003" type="0"/>
    <Peak1D F1="2.885505" intensity="5.289175e-003" type="0"/>
    <Peak1D F1="2.862068" intensity="2.438334e-003" type="0"/>
    <Peak1D F1="2.843642" intensity="2.597523e-003" type="0"/>
    <Peak1D F1="2.832085" intensity="3.136212e-003" type="0"/>
    <Peak1D F1="2.804758" intensity="5.763250e-003" type="0"/>
    <Peak1D F1="2.777531" intensity="3.706043e-003" type="0"/>
    <Peak1D F1="2.770436" intensity="3.916081e-003" type="0"/>
    <Peak1D F1="2.763223" intensity="4.308670e-003" type="0"/>
    <Peak1D F1="2.754790" intensity="6.051586e-003" type="0"/>
    <Peak1D F1="2.745339" intensity="4.243190e-003" type="0"/>
    <Peak1D F1="2.738933" intensity="4.740160e-003" type="0"/>
    <Peak1D F1="2.707741" intensity="4.958673e-003" type="0"/>
    <Peak1D F1="2.681446" intensity="6.215480e-003" type="0"/>
    <Peak1D F1="2.666167" intensity="7.608403e-003" type="0"/>
    <Peak1D F1="2.653310" intensity="7.826152e-003" type="0"/>
    <Peak1D F1="2.640186" intensity="8.846463e-003" type="0"/>
    <Peak1D F1="2.627935" intensity="1.011708e-002" type="0"/>
    <Peak1D F1="2.598592" intensity="1.344222e-001" type="0"/>
    <Peak1D F1="2.594179" intensity="2.672874e-001" type="0"/>
    <Peak1D F1="2.589450" intensity="3.816917e-001" type="0"/>
    <Peak1D F1="2.585421" intensity="4.478806e-001" type="0"/>
    <Peak1D F1="2.556541" intensity="1.421522e-002" type="0"/>
    <Peak1D F1="2.519894" intensity="3.162430e-002" type="0"/>
    <Peak1D F1="2.505722" intensity="4.557446e-002" type="0"/>
    <Peak1D F1="2.482190" intensity="8.043553e-002" type="0"/>
    <Peak1D F1="2.425290" intensity="2.182625e+001" type="0"/>
    <Peak1D F1="2.424096" intensity="2.231827e+001" type="0"/>
    <Peak1D F1="2.377282" intensity="1.981707e-001" type="0"/>
    <Peak1D F1="2.362411" intensity="7.745792e-002" type="0"/>
    <Peak1D F1="2.337776" intensity="3.456602e-002" type="0"/>
    <Peak1D F1="2.323543" intensity="2.788745e-002" type="0"/>
    <Peak1D F1="2.312225" intensity="2.785986e-002" type="0"/>
    <Peak1D F1="2.308700" intensity="2.781821e-002" type="0"/>
    <Peak1D F1="2.305777" intensity="2.794969e-002" type="0"/>
    <Peak1D F1="2.298484" intensity="2.775670e-002" type="0"/>
    <Peak1D F1="2.280003" intensity="1.947839e-002" type="0"/>
    <Peak1D F1="2.262772" intensity="2.388044e-001" type="0"/>
    <Peak1D F1="2.248691" intensity="8.693983e-003" type="0"/>
    <Peak1D F1="2.238734" intensity="1.008658e-002" type="0"/>
    <Peak1D F1="2.218269" intensity="8.032028e-003" type="0"/>
    <Peak1D F1="2.173245" intensity="9.434719e-003" type="0"/>
    <Peak1D F1="2.158014" intensity="3.261045e-003" type="0"/>
    <Peak1D F1="2.141440" intensity="2.660108e-003" type="0"/>
    <Peak1D F1="2.125206" intensity="2.208049e-003" type="0"/>
    <Peak1D F1="2.099397" intensity="1.617019e-003" type="0"/>
    <Peak1D F1="2.086495" intensity="1.808181e-003" type="0"/>
    <Peak1D F1="2.066271" intensity="1.483658e-003" type="0"/>
    <Peak1D F1="2.044549" intensity="1.051820e-003" type="0"/>
    <Peak1D F1="2.038569" intensity="3.156472e-003" type="0"/>
    <Peak1D F1="2.034799" intensity="3.834697e-003" type="0"/>
    <Peak1D F1="2.032511" intensity="3.759787e-003" type="0"/>
    <Peak1D F1="2.028817" intensity="3.251442e-003" type="0"/>
    <Peak1D F1="2.021224" intensity="1.496514e-003" type="0"/>
    <Peak1D F1="2.013653" intensity="2.909206e-003" type="0"/>
    <Peak1D F1="2.009888" intensity="3.066924e-003" type="0"/>
    <Peak1D F1="2.007218" intensity="3.059680e-003" type="0"/>
    <Peak1D F1="2.003199" intensity="3.082390e-003" type="0"/>
    <Peak1D F1="1.991650" intensity="2.116135e-002" type="0"/>
    <Peak1D F1="1.989187" intensity="1.560771e-002" type="0"/>
    <Peak1D F1="1.986498" intensity="2.209187e-002" type="0"/>
    <Peak1D F1="1.982671" intensity="2.166064e-002" type="0"/>
    <Peak1D F1="1.980221" intensity="1.348652e-002" type="0"/>
    <Peak1D F1="1.976247" intensity="1.060189e-002" type="0"/>
    <Peak1D F1="1.954548" intensity="3.976600e-004" type="0"/>
    <Peak1D F1="1.927076" intensity="1.207388e-002" type="0"/>
    <Peak1D F1="1.908007" intensity="5.989381e-004" type="0"/>
    <Peak1D F1="1.856533" intensity="2.039345e-003" type="0"/>
    <Peak1D F1="1.841254" intensity="6.217289e-004" type="0"/>
    <Peak1D F1="1.829839" intensity="6.470790e-004" type="0"/>
    <Peak1D F1="1.817587" intensity="5.950633e-004" type="0"/>
    <Peak1D F1="1.802946" intensity="5.105239e-004" type="0"/>
    <Peak1D F1="1.786222" intensity="1.604673e-003" type="0"/>
    <Peak1D F1="1.759600" intensity="9.086243e-004" type="0"/>
    <Peak1D F1="1.740944" intensity="9.211566e-004" type="0"/>
    <Peak1D F1="1.722430" intensity="1.193737e-003" type="0"/>
    <Peak1D F1="1.717076" intensity="9.496732e-004" type="0"/>
    <Peak1D F1="1.691829" intensity="1.249900e-003" type="0"/>
    <Peak1D F1="1.677846" intensity="1.173664e-003" type="0"/>
    <Peak1D F1="1.662982" intensity="1.776632e-003" type="0"/>
    <Peak1D F1="1.656504" intensity="2.392331e-003" type="0"/>
    <Peak1D F1="1.643758" intensity="2.068331e-002" type="0"/>
    <Peak1D F1="1.629635" intensity="2.095999e-003" type="0"/>
    <Peak1D F1="1.620839" intensity="1.810724e-003" type="0"/>
    <Peak1D F1="1.606192" intensity="1.049832e-002" type="0"/>
    <Peak1D F1="1.590091" intensity="1.680939e-003" type="0"/>
    <Peak1D F1="1.582628" intensity="2.182844e-003" type="0"/>
    <Peak1D F1="1.569499" intensity="9.863790e-004" type="0"/>
    <Peak1D F1="1.558113" intensity="1.694467e-003" type="0"/>
    <Peak1D F1="1.541954" intensity="7.290052e-003" type="0"/>
    <Peak1D F1="1.536165" intensity="2.383677e-003" type="0"/>
    <Peak1D F1="1.527683" intensity="1.385600e-003" type="0"/>
    <Peak1D F1="1.516273" intensity="1.268947e-003" type="0"/>
    <Peak1D F1="1.503130" intensity="5.195916e-003" type="0"/>
    <Peak1D F1="1.473894" intensity="1.749536e-003" type="0"/>
    <Peak1D F1="1.456567" intensity="6.698336e-004" type="0"/>
    <Peak1D F1="1.411563" intensity="5.570052e-004" type="0"/>
    <Peak1D F1="1.392203" intensity="1.644191e-003" type="0"/>
    <Peak1D F1="1.359948" intensity="2.656085e-004" type="0"/>
    <Peak1D F1="1.260984" intensity="2.611644e-004" type="0"/>
    <Peak1D F1="1.229219" intensity="8.328959e-004" type="0"/>
    <Peak1D F1="0.878085" intensity="2.882155e-004" type="0"/>
    <Peak1D F1="0.007995" intensity="2.705967e-003" type="0"/>
    <Peak1D F1="-0.000156" intensity="6.986561e-002" type="0"/>
    <Peak1D F1="-0.008385" intensity="2.850775e-003" type="0"/>
    <Peak1D F1="-0.149908" intensity="2.545519e-004" type="0"/>
  </PeakList1D>
</PeakList>
