<?xml version="1.0" encoding="UTF-8"?>
<PeakList>
  <PeakList1D>
    <PeakList1DHeader creator="root" date="2021-09-14T08:31:48.779+08:00" expNo="1" name="0914RNZ" owner="" procNo="1" source="D:/Zhi-Ming Zhang">
      <PeakPickDetails>F1=16.176291ppm, F2=-3.849252ppm, MI=0.00cm, MAXI=10000.00cm, PC=1.000
      </PeakPickDetails>
    </PeakList1DHeader>
    <Peak1D F1="14.691802" intensity="2.899698e-004" type="0"/>
    <Peak1D F1="14.248363" intensity="2.965085e-004" type="0"/>
    <Peak1D F1="14.075744" intensity="2.979795e-004" type="0"/>
    <Peak1D F1="13.952127" intensity="3.302239e-004" type="0"/>
    <Peak1D F1="13.627918" intensity="3.181976e-004" type="0"/>
    <Peak1D F1="13.601832" intensity="3.147001e-004" type="0"/>
    <Peak1D F1="13.536018" intensity="3.138346e-004" type="0"/>
    <Peak1D F1="13.517679" intensity="2.866615e-004" type="0"/>
    <Peak1D F1="13.243061" intensity="2.902275e-004" type="0"/>
    <Peak1D F1="12.062803" intensity="3.347192e-004" type="0"/>
    <Peak1D F1="12.054664" intensity="3.533142e-004" type="0"/>
    <Peak1D F1="12.035479" intensity="3.134569e-004" type="0"/>
    <Peak1D F1="11.149065" intensity="4.283963e-004" type="0"/>
    <Peak1D F1="11.114249" intensity="2.894544e-004" type="0"/>
    <Peak1D F1="8.717237" intensity="2.997419e-004" type="0"/>
    <Peak1D F1="8.402886" intensity="2.889481e-004" type="0"/>
    <Peak1D F1="8.366929" intensity="3.209026e-004" type="0"/>
    <Peak1D F1="8.320563" intensity="3.285227e-004" type="0"/>
    <Peak1D F1="8.292734" intensity="3.446869e-004" type="0"/>
    <Peak1D F1="8.274128" intensity="3.138353e-004" type="0"/>
    <Peak1D F1="8.243464" intensity="3.200637e-004" type="0"/>
    <Peak1D F1="8.189845" intensity="3.649705e-004" type="0"/>
    <Peak1D F1="8.136960" intensity="3.887701e-004" type="0"/>
    <Peak1D F1="8.091398" intensity="1.557232e-003" type="0"/>
    <Peak1D F1="8.066111" intensity="4.496045e-004" type="0"/>
    <Peak1D F1="8.023468" intensity="3.981958e-004" type="0"/>
    <Peak1D F1="8.013634" intensity="4.974356e-004" type="0"/>
    <Peak1D F1="7.994323" intensity="4.758906e-004" type="0"/>
    <Peak1D F1="7.971347" intensity="3.720396e-004" type="0"/>
    <Peak1D F1="7.949393" intensity="3.622750e-004" type="0"/>
    <Peak1D F1="7.923168" intensity="3.349755e-004" type="0"/>
    <Peak1D F1="7.844103" intensity="4.680527e-004" type="0"/>
    <Peak1D F1="7.827079" intensity="4.644469e-004" type="0"/>
    <Peak1D F1="7.805523" intensity="5.055554e-004" type="0"/>
    <Peak1D F1="7.752567" intensity="3.706704e-004" type="0"/>
    <Peak1D F1="7.728709" intensity="4.243752e-004" type="0"/>
    <Peak1D F1="7.695579" intensity="4.620135e-004" type="0"/>
    <Peak1D F1="7.672827" intensity="3.854306e-004" type="0"/>
    <Peak1D F1="7.656643" intensity="5.121666e-004" type="0"/>
    <Peak1D F1="7.597772" intensity="5.010985e-004" type="0"/>
    <Peak1D F1="7.584603" intensity="5.314514e-004" type="0"/>
    <Peak1D F1="7.563194" intensity="5.543936e-004" type="0"/>
    <Peak1D F1="7.551877" intensity="5.652551e-004" type="0"/>
    <Peak1D F1="7.528462" intensity="5.490387e-004" type="0"/>
    <Peak1D F1="7.494328" intensity="5.595373e-004" type="0"/>
    <Peak1D F1="7.487899" intensity="5.115638e-004" type="0"/>
    <Peak1D F1="7.447680" intensity="5.490209e-004" type="0"/>
    <Peak1D F1="7.417339" intensity="5.443916e-004" type="0"/>
    <Peak1D F1="7.345010" intensity="6.621387e-004" type="0"/>
    <Peak1D F1="7.310810" intensity="6.412607e-004" type="0"/>
    <Peak1D F1="7.299604" intensity="6.785171e-004" type="0"/>
    <Peak1D F1="7.279930" intensity="6.229878e-004" type="0"/>
    <Peak1D F1="7.248428" intensity="6.708072e-004" type="0"/>
    <Peak1D F1="7.237386" intensity="6.928578e-004" type="0"/>
    <Peak1D F1="7.220530" intensity="6.723095e-004" type="0"/>
    <Peak1D F1="7.173821" intensity="6.209075e-004" type="0"/>
    <Peak1D F1="7.160782" intensity="6.235964e-004" type="0"/>
    <Peak1D F1="7.127786" intensity="7.899579e-004" type="0"/>
    <Peak1D F1="7.101706" intensity="7.556394e-004" type="0"/>
    <Peak1D F1="7.081189" intensity="7.500456e-004" type="0"/>
    <Peak1D F1="7.047677" intensity="7.152290e-004" type="0"/>
    <Peak1D F1="7.004060" intensity="7.302353e-004" type="0"/>
    <Peak1D F1="6.975520" intensity="7.367169e-004" type="0"/>
    <Peak1D F1="6.925998" intensity="9.789502e-004" type="0"/>
    <Peak1D F1="6.900678" intensity="8.223735e-004" type="0"/>
    <Peak1D F1="6.865776" intensity="9.015412e-004" type="0"/>
    <Peak1D F1="6.842324" intensity="8.979563e-004" type="0"/>
    <Peak1D F1="6.804142" intensity="9.253583e-004" type="0"/>
    <Peak1D F1="6.774474" intensity="8.604400e-004" type="0"/>
    <Peak1D F1="6.731040" intensity="9.377714e-004" type="0"/>
    <Peak1D F1="6.711315" intensity="9.174982e-004" type="0"/>
    <Peak1D F1="6.680021" intensity="9.131493e-004" type="0"/>
    <Peak1D F1="6.658658" intensity="9.493140e-004" type="0"/>
    <Peak1D F1="6.626433" intensity="1.033848e-003" type="0"/>
    <Peak1D F1="6.578015" intensity="1.002386e-003" type="0"/>
    <Peak1D F1="6.548991" intensity="9.955822e-004" type="0"/>
    <Peak1D F1="6.483081" intensity="1.097241e-003" type="0"/>
    <Peak1D F1="6.463146" intensity="1.084037e-003" type="0"/>
    <Peak1D F1="6.446650" intensity="1.134369e-003" type="0"/>
    <Peak1D F1="6.409833" intensity="1.096489e-003" type="0"/>
    <Peak1D F1="6.377512" intensity="1.136467e-003" type="0"/>
    <Peak1D F1="6.344024" intensity="1.183635e-003" type="0"/>
    <Peak1D F1="6.319540" intensity="1.176788e-003" type="0"/>
    <Peak1D F1="6.275887" intensity="1.200857e-003" type="0"/>
    <Peak1D F1="6.271955" intensity="1.177853e-003" type="0"/>
    <Peak1D F1="6.259270" intensity="1.294299e-003" type="0"/>
    <Peak1D F1="6.245814" intensity="1.265220e-003" type="0"/>
    <Peak1D F1="6.229061" intensity="1.234441e-003" type="0"/>
    <Peak1D F1="6.197247" intensity="1.388704e-003" type="0"/>
    <Peak1D F1="6.163603" intensity="1.398872e-003" type="0"/>
    <Peak1D F1="6.158627" intensity="1.403003e-003" type="0"/>
    <Peak1D F1="6.112394" intensity="1.419668e-003" type="0"/>
    <Peak1D F1="6.078985" intensity="1.496535e-003" type="0"/>
    <Peak1D F1="6.038224" intensity="1.576268e-003" type="0"/>
    <Peak1D F1="6.026245" intensity="1.493370e-003" type="0"/>
    <Peak1D F1="6.000237" intensity="1.485212e-003" type="0"/>
    <Peak1D F1="5.946458" intensity="1.512731e-003" type="0"/>
    <Peak1D F1="5.925021" intensity="1.555510e-003" type="0"/>
    <Peak1D F1="5.888091" intensity="1.641431e-003" type="0"/>
    <Peak1D F1="5.868642" intensity="1.661897e-003" type="0"/>
    <Peak1D F1="5.834038" intensity="1.725196e-003" type="0"/>
    <Peak1D F1="5.814667" intensity="1.734545e-003" type="0"/>
    <Peak1D F1="5.798749" intensity="1.783537e-003" type="0"/>
    <Peak1D F1="5.783082" intensity="1.771475e-003" type="0"/>
    <Peak1D F1="5.754082" intensity="1.801285e-003" type="0"/>
    <Peak1D F1="5.734435" intensity="1.843288e-003" type="0"/>
    <Peak1D F1="5.707383" intensity="2.535688e-003" type="0"/>
    <Peak1D F1="5.689783" intensity="1.867851e-003" type="0"/>
    <Peak1D F1="5.676631" intensity="1.882436e-003" type="0"/>
    <Peak1D F1="5.638424" intensity="1.979545e-003" type="0"/>
    <Peak1D F1="5.616122" intensity="2.009168e-003" type="0"/>
    <Peak1D F1="5.597740" intensity="2.114446e-003" type="0"/>
    <Peak1D F1="5.563206" intensity="2.196026e-003" type="0"/>
    <Peak1D F1="5.508357" intensity="2.287406e-003" type="0"/>
    <Peak1D F1="5.485539" intensity="2.321786e-003" type="0"/>
    <Peak1D F1="5.453846" intensity="2.522164e-003" type="0"/>
    <Peak1D F1="5.440228" intensity="2.614617e-003" type="0"/>
    <Peak1D F1="5.399233" intensity="2.602466e-003" type="0"/>
    <Peak1D F1="5.382206" intensity="2.653837e-003" type="0"/>
    <Peak1D F1="5.360535" intensity="2.738583e-003" type="0"/>
    <Peak1D F1="5.345746" intensity="2.753343e-003" type="0"/>
    <Peak1D F1="5.313270" intensity="2.887632e-003" type="0"/>
    <Peak1D F1="5.229959" intensity="3.030353e-003" type="0"/>
    <Peak1D F1="5.209258" intensity="3.056684e-003" type="0"/>
    <Peak1D F1="5.160757" intensity="3.307253e-003" type="0"/>
    <Peak1D F1="5.126992" intensity="3.523579e-003" type="0"/>
    <Peak1D F1="5.042037" intensity="3.947406e-003" type="0"/>
    <Peak1D F1="4.928915" intensity="5.056605e-003" type="0"/>
    <Peak1D F1="4.914839" intensity="5.109151e-003" type="0"/>
    <Peak1D F1="4.907411" intensity="5.162959e-003" type="0"/>
    <Peak1D F1="4.888075" intensity="5.394562e-003" type="0"/>
    <Peak1D F1="4.744911" intensity="7.945629e-003" type="0"/>
    <Peak1D F1="4.672075" intensity="1.577012e-002" type="0"/>
    <Peak1D F1="4.653278" intensity="2.304033e-002" type="0"/>
    <Peak1D F1="4.637697" intensity="2.994474e-002" type="0"/>
    <Peak1D F1="4.621946" intensity="2.603163e-002" type="0"/>
    <Peak1D F1="4.603034" intensity="2.143628e-002" type="0"/>
    <Peak1D F1="4.486989" intensity="1.080607e+000" type="0"/>
    <Peak1D F1="4.468139" intensity="2.268226e+000" type="0"/>
    <Peak1D F1="4.452608" intensity="3.196676e+000" type="0"/>
    <Peak1D F1="4.436959" intensity="2.312500e+000" type="0"/>
    <Peak1D F1="4.418108" intensity="1.032097e+000" type="0"/>
    <Peak1D F1="4.277337" intensity="3.681981e-003" type="0"/>
    <Peak1D F1="4.261870" intensity="1.131153e-002" type="0"/>
    <Peak1D F1="4.246251" intensity="5.761249e-003" type="0"/>
    <Peak1D F1="3.996825" intensity="2.850469e-003" type="0"/>
    <Peak1D F1="3.693251" intensity="3.051063e-004" type="0"/>
    <Peak1D F1="3.672772" intensity="4.576801e-004" type="0"/>
    <Peak1D F1="3.656713" intensity="8.302107e-004" type="0"/>
    <Peak1D F1="3.648155" intensity="1.606272e-003" type="0"/>
    <Peak1D F1="3.630276" intensity="9.218588e-004" type="0"/>
    <Peak1D F1="3.599127" intensity="5.733521e-003" type="0"/>
    <Peak1D F1="3.594250" intensity="1.042137e-002" type="0"/>
    <Peak1D F1="3.585010" intensity="2.180352e-002" type="0"/>
    <Peak1D F1="3.576658" intensity="2.227635e-002" type="0"/>
    <Peak1D F1="3.386646" intensity="1.118116e-002" type="0"/>
    <Peak1D F1="3.372499" intensity="1.148632e-002" type="0"/>
    <Peak1D F1="3.263587" intensity="1.028334e+000" type="0"/>
    <Peak1D F1="3.208457" intensity="1.737246e-002" type="0"/>
    <Peak1D F1="3.093840" intensity="1.632950e-003" type="0"/>
    <Peak1D F1="3.088132" intensity="1.682264e-003" type="0"/>
    <Peak1D F1="3.069691" intensity="1.672904e-003" type="0"/>
    <Peak1D F1="3.055046" intensity="1.716889e-003" type="0"/>
    <Peak1D F1="3.028590" intensity="1.851997e-003" type="0"/>
    <Peak1D F1="2.985906" intensity="2.201193e-003" type="0"/>
    <Peak1D F1="2.955229" intensity="2.321981e-003" type="0"/>
    <Peak1D F1="2.906633" intensity="2.946668e-003" type="0"/>
    <Peak1D F1="2.883083" intensity="3.138964e-003" type="0"/>
    <Peak1D F1="2.874680" intensity="3.399547e-003" type="0"/>
    <Peak1D F1="2.818056" intensity="4.344356e-003" type="0"/>
    <Peak1D F1="2.813937" intensity="4.641525e-003" type="0"/>
    <Peak1D F1="2.782143" intensity="5.633953e-003" type="0"/>
    <Peak1D F1="2.747100" intensity="7.067199e-003" type="0"/>
    <Peak1D F1="2.718955" intensity="1.401312e-002" type="0"/>
    <Peak1D F1="2.695275" intensity="2.204231e-002" type="0"/>
    <Peak1D F1="2.685831" intensity="1.452681e-002" type="0"/>
    <Peak1D F1="2.675049" intensity="3.104326e-002" type="0"/>
    <Peak1D F1="2.664045" intensity="1.658771e-002" type="0"/>
    <Peak1D F1="2.651606" intensity="5.444109e-002" type="0"/>
    <Peak1D F1="2.631729" intensity="4.259518e-002" type="0"/>
    <Peak1D F1="2.628180" intensity="5.087893e-002" type="0"/>
    <Peak1D F1="2.621093" intensity="4.195296e-002" type="0"/>
    <Peak1D F1="2.609132" intensity="6.239112e-002" type="0"/>
    <Peak1D F1="2.597787" intensity="4.744456e-002" type="0"/>
    <Peak1D F1="2.589639" intensity="5.272026e-002" type="0"/>
    <Peak1D F1="2.584796" intensity="5.565317e-002" type="0"/>
    <Peak1D F1="2.577100" intensity="4.626456e-002" type="0"/>
    <Peak1D F1="2.555788" intensity="1.164832e+000" type="0"/>
    <Peak1D F1="2.539933" intensity="2.518926e-001" type="0"/>
    <Peak1D F1="2.532051" intensity="2.487653e+000" type="0"/>
    <Peak1D F1="2.512048" intensity="3.322729e+000" type="0"/>
    <Peak1D F1="2.508405" intensity="2.004249e+000" type="0"/>
    <Peak1D F1="2.499773" intensity="8.194525e-001" type="0"/>
    <Peak1D F1="2.494721" intensity="8.507932e-001" type="0"/>
    <Peak1D F1="2.488326" intensity="6.901483e+000" type="0"/>
    <Peak1D F1="2.464067" intensity="5.824873e+000" type="0"/>
    <Peak1D F1="2.452517" intensity="3.827748e+000" type="0"/>
    <Peak1D F1="2.439877" intensity="3.518637e+000" type="0"/>
    <Peak1D F1="2.429314" intensity="3.968640e+000" type="0"/>
    <Peak1D F1="2.419488" intensity="1.300587e+000" type="0"/>
    <Peak1D F1="2.408828" intensity="1.196694e+000" type="0"/>
    <Peak1D F1="2.396215" intensity="1.313685e+000" type="0"/>
    <Peak1D F1="2.385669" intensity="1.218179e+000" type="0"/>
    <Peak1D F1="2.365673" intensity="1.853857e-002" type="0"/>
    <Peak1D F1="2.359943" intensity="1.308130e-002" type="0"/>
    <Peak1D F1="2.353603" intensity="1.043580e-002" type="0"/>
    <Peak1D F1="2.346562" intensity="2.365093e-002" type="0"/>
    <Peak1D F1="2.342207" intensity="2.129373e-002" type="0"/>
    <Peak1D F1="2.321393" intensity="6.751734e-002" type="0"/>
    <Peak1D F1="2.307692" intensity="1.369267e+000" type="0"/>
    <Peak1D F1="2.297159" intensity="1.333717e+000" type="0"/>
    <Peak1D F1="2.291306" intensity="1.474319e+000" type="0"/>
    <Peak1D F1="2.283952" intensity="1.409135e+000" type="0"/>
    <Peak1D F1="2.280764" intensity="1.656457e+000" type="0"/>
    <Peak1D F1="2.276526" intensity="1.881745e+000" type="0"/>
    <Peak1D F1="2.273836" intensity="1.446687e+000" type="0"/>
    <Peak1D F1="2.266248" intensity="2.061952e+000" type="0"/>
    <Peak1D F1="2.260063" intensity="1.782453e+000" type="0"/>
    <Peak1D F1="2.257339" intensity="1.519227e+000" type="0"/>
    <Peak1D F1="2.253011" intensity="1.607207e+000" type="0"/>
    <Peak1D F1="2.249563" intensity="1.697984e+000" type="0"/>
    <Peak1D F1="2.242410" intensity="1.238044e+000" type="0"/>
    <Peak1D F1="2.236674" intensity="1.296642e+000" type="0"/>
    <Peak1D F1="2.225995" intensity="1.091973e+000" type="0"/>
    <Peak1D F1="2.113489" intensity="3.125537e-003" type="0"/>
    <Peak1D F1="2.109691" intensity="1.780727e-003" type="0"/>
    <Peak1D F1="2.105505" intensity="4.123990e-003" type="0"/>
    <Peak1D F1="2.102903" intensity="3.770098e-003" type="0"/>
    <Peak1D F1="2.095060" intensity="4.886976e-003" type="0"/>
    <Peak1D F1="2.088732" intensity="4.643196e-003" type="0"/>
    <Peak1D F1="2.082123" intensity="3.987681e-003" type="0"/>
    <Peak1D F1="2.078412" intensity="6.090190e-003" type="0"/>
    <Peak1D F1="2.072818" intensity="1.004097e-002" type="0"/>
    <Peak1D F1="2.065975" intensity="4.754824e-003" type="0"/>
    <Peak1D F1="2.060333" intensity="3.459434e-004" type="0"/>
    <Peak1D F1="2.054268" intensity="8.688388e-003" type="0"/>
    <Peak1D F1="2.049407" intensity="4.368383e-003" type="0"/>
    <Peak1D F1="2.041480" intensity="9.905687e-003" type="0"/>
    <Peak1D F1="2.029824" intensity="3.382802e-003" type="0"/>
    <Peak1D F1="2.022055" intensity="1.150587e-002" type="0"/>
    <Peak1D F1="2.017593" intensity="1.192833e-002" type="0"/>
    <Peak1D F1="1.995154" intensity="5.724004e-002" type="0"/>
    <Peak1D F1="1.974062" intensity="8.799651e-002" type="0"/>
    <Peak1D F1="1.962237" intensity="2.909936e-002" type="0"/>
    <Peak1D F1="1.953602" intensity="6.834473e-002" type="0"/>
    <Peak1D F1="1.946008" intensity="1.304825e-002" type="0"/>
    <Peak1D F1="1.937927" intensity="2.779444e-002" type="0"/>
    <Peak1D F1="1.931148" intensity="1.854851e-002" type="0"/>
    <Peak1D F1="1.921526" intensity="1.142522e-002" type="0"/>
    <Peak1D F1="1.918196" intensity="1.071307e-002" type="0"/>
    <Peak1D F1="1.911800" intensity="1.278367e-002" type="0"/>
    <Peak1D F1="1.906491" intensity="1.251958e-002" type="0"/>
    <Peak1D F1="1.902025" intensity="1.662245e-002" type="0"/>
    <Peak1D F1="1.892991" intensity="7.969807e-003" type="0"/>
    <Peak1D F1="1.888067" intensity="6.627550e-003" type="0"/>
    <Peak1D F1="1.875290" intensity="1.045884e-002" type="0"/>
    <Peak1D F1="1.822328" intensity="1.288028e+000" type="0"/>
    <Peak1D F1="1.802194" intensity="1.625954e+000" type="0"/>
    <Peak1D F1="1.798838" intensity="2.526017e+000" type="0"/>
    <Peak1D F1="1.791226" intensity="1.350776e+000" type="0"/>
    <Peak1D F1="1.778808" intensity="2.490609e+000" type="0"/>
    <Peak1D F1="1.775260" intensity="1.748783e+000" type="0"/>
    <Peak1D F1="1.771195" intensity="1.714456e+000" type="0"/>
    <Peak1D F1="1.767649" intensity="2.359840e+000" type="0"/>
    <Peak1D F1="1.755172" intensity="1.272338e+000" type="0"/>
    <Peak1D F1="1.747609" intensity="2.246242e+000" type="0"/>
    <Peak1D F1="1.744247" intensity="1.342987e+000" type="0"/>
    <Peak1D F1="1.724010" intensity="9.982852e-001" type="0"/>
    <Peak1D F1="1.686618" intensity="3.012370e-001" type="0"/>
    <Peak1D F1="1.673491" intensity="6.008298e-001" type="0"/>
    <Peak1D F1="1.667799" intensity="6.258274e-001" type="0"/>
    <Peak1D F1="1.663707" intensity="6.763518e-001" type="0"/>
    <Peak1D F1="1.652769" intensity="1.301244e+000" type="0"/>
    <Peak1D F1="1.650356" intensity="1.301051e+000" type="0"/>
    <Peak1D F1="1.644644" intensity="9.444835e-001" type="0"/>
    <Peak1D F1="1.639821" intensity="1.620006e+000" type="0"/>
    <Peak1D F1="1.630768" intensity="1.674674e+000" type="0"/>
    <Peak1D F1="1.621119" intensity="1.676809e+000" type="0"/>
    <Peak1D F1="1.615954" intensity="1.793072e+000" type="0"/>
    <Peak1D F1="1.611648" intensity="1.191197e+000" type="0"/>
    <Peak1D F1="1.597142" intensity="1.630519e+000" type="0"/>
    <Peak1D F1="1.581018" intensity="1.522297e+000" type="0"/>
    <Peak1D F1="1.567614" intensity="1.597594e+000" type="0"/>
    <Peak1D F1="1.557319" intensity="2.194449e+000" type="0"/>
    <Peak1D F1="1.543402" intensity="1.597877e+000" type="0"/>
    <Peak1D F1="1.537985" intensity="1.033007e+000" type="0"/>
    <Peak1D F1="1.533365" intensity="6.461845e-001" type="0"/>
    <Peak1D F1="1.523489" intensity="1.409333e+000" type="0"/>
    <Peak1D F1="1.509306" intensity="8.252702e-001" type="0"/>
    <Peak1D F1="1.489354" intensity="8.141699e-002" type="0"/>
    <Peak1D F1="1.482297" intensity="6.851117e-002" type="0"/>
    <Peak1D F1="1.471575" intensity="1.125192e-001" type="0"/>
    <Peak1D F1="1.452774" intensity="1.351866e-001" type="0"/>
    <Peak1D F1="1.443971" intensity="2.023732e-001" type="0"/>
    <Peak1D F1="1.439968" intensity="2.039573e-001" type="0"/>
    <Peak1D F1="1.426185" intensity="5.281016e-001" type="0"/>
    <Peak1D F1="1.412804" intensity="8.469076e-001" type="0"/>
    <Peak1D F1="1.407400" intensity="8.247415e-001" type="0"/>
    <Peak1D F1="1.399593" intensity="9.841376e-001" type="0"/>
    <Peak1D F1="1.393559" intensity="1.531191e+000" type="0"/>
    <Peak1D F1="1.379885" intensity="1.896470e+000" type="0"/>
    <Peak1D F1="1.369327" intensity="1.657942e+000" type="0"/>
    <Peak1D F1="1.359382" intensity="2.145866e+000" type="0"/>
    <Peak1D F1="1.344898" intensity="2.560704e+000" type="0"/>
    <Peak1D F1="1.331369" intensity="3.077224e+000" type="0"/>
    <Peak1D F1="1.310314" intensity="7.879452e+000" type="0"/>
    <Peak1D F1="1.308477" intensity="7.907286e+000" type="0"/>
    <Peak1D F1="1.299010" intensity="1.097763e+001" type="0"/>
    <Peak1D F1="1.285384" intensity="5.893009e+000" type="0"/>
    <Peak1D F1="1.275987" intensity="3.172042e+000" type="0"/>
    <Peak1D F1="1.265037" intensity="1.146058e+000" type="0"/>
    <Peak1D F1="1.256601" intensity="7.682175e-001" type="0"/>
    <Peak1D F1="1.243185" intensity="3.508362e-001" type="0"/>
    <Peak1D F1="1.175670" intensity="5.778155e-002" type="0"/>
    <Peak1D F1="1.170716" intensity="5.662272e-002" type="0"/>
    <Peak1D F1="1.156786" intensity="6.249103e-002" type="0"/>
    <Peak1D F1="1.151186" intensity="6.601828e-002" type="0"/>
    <Peak1D F1="1.138111" intensity="5.537339e-002" type="0"/>
    <Peak1D F1="1.131664" intensity="5.821615e-002" type="0"/>
    <Peak1D F1="1.119045" intensity="3.662716e-002" type="0"/>
    <Peak1D F1="1.116239" intensity="3.705826e-002" type="0"/>
    <Peak1D F1="1.098534" intensity="1.541392e-002" type="0"/>
    <Peak1D F1="1.093458" intensity="1.298822e-002" type="0"/>
    <Peak1D F1="1.076459" intensity="6.236154e-003" type="0"/>
    <Peak1D F1="1.072992" intensity="6.246145e-003" type="0"/>
    <Peak1D F1="1.053257" intensity="3.351022e-002" type="0"/>
    <Peak1D F1="1.047133" intensity="3.225265e-002" type="0"/>
    <Peak1D F1="1.036646" intensity="9.110148e-002" type="0"/>
    <Peak1D F1="1.020419" intensity="2.830153e-002" type="0"/>
    <Peak1D F1="0.978216" intensity="4.875076e-003" type="0"/>
    <Peak1D F1="0.963931" intensity="1.052903e-002" type="0"/>
    <Peak1D F1="0.900014" intensity="5.438237e+000" type="0"/>
    <Peak1D F1="0.882720" intensity="1.500000e+001" type="0"/>
    <Peak1D F1="0.865511" intensity="6.061643e+000" type="0"/>
    <Peak1D F1="0.822599" intensity="1.333880e-001" type="0"/>
    <Peak1D F1="0.742604" intensity="6.089874e-002" type="0"/>
    <Peak1D F1="0.725474" intensity="1.231459e-001" type="0"/>
    <Peak1D F1="0.708001" intensity="6.185661e-002" type="0"/>
    <Peak1D F1="0.633689" intensity="1.527241e-002" type="0"/>
    <Peak1D F1="0.616889" intensity="1.416557e-002" type="0"/>
    <Peak1D F1="0.602749" intensity="1.304850e-002" type="0"/>
    <Peak1D F1="0.523819" intensity="9.732295e-003" type="0"/>
    <Peak1D F1="0.516305" intensity="9.618711e-003" type="0"/>
    <Peak1D F1="0.504401" intensity="8.946315e-003" type="0"/>
    <Peak1D F1="0.379585" intensity="5.887963e-003" type="0"/>
    <Peak1D F1="0.353410" intensity="5.716866e-003" type="0"/>
    <Peak1D F1="0.270338" intensity="4.739914e-003" type="0"/>
    <Peak1D F1="0.260214" intensity="4.769228e-003" type="0"/>
    <Peak1D F1="0.232601" intensity="4.323659e-003" type="0"/>
    <Peak1D F1="0.221407" intensity="4.243305e-003" type="0"/>
    <Peak1D F1="0.145268" intensity="3.913936e-003" type="0"/>
    <Peak1D F1="0.127424" intensity="3.579229e-003" type="0"/>
    <Peak1D F1="0.102713" intensity="3.470270e-003" type="0"/>
    <Peak1D F1="0.056313" intensity="3.091135e-003" type="0"/>
    <Peak1D F1="0.030344" intensity="2.922521e-003" type="0"/>
    <Peak1D F1="0.007993" intensity="5.799143e-003" type="0"/>
    <Peak1D F1="-0.000151" intensity="8.984663e-002" type="0"/>
    <Peak1D F1="-0.008342" intensity="7.189928e-003" type="0"/>
    <Peak1D F1="-0.115749" intensity="2.464866e-003" type="0"/>
    <Peak1D F1="-0.150275" intensity="2.459166e-003" type="0"/>
    <Peak1D F1="-0.228329" intensity="2.002986e-003" type="0"/>
    <Peak1D F1="-0.254683" intensity="1.906362e-003" type="0"/>
    <Peak1D F1="-0.276082" intensity="1.795846e-003" type="0"/>
    <Peak1D F1="-0.305729" intensity="1.736244e-003" type="0"/>
    <Peak1D F1="-0.329625" intensity="1.803989e-003" type="0"/>
    <Peak1D F1="-0.333173" intensity="1.814916e-003" type="0"/>
    <Peak1D F1="-0.364854" intensity="1.618691e-003" type="0"/>
    <Peak1D F1="-0.398817" intensity="1.564132e-003" type="0"/>
    <Peak1D F1="-0.456545" intensity="1.484807e-003" type="0"/>
    <Peak1D F1="-0.475714" intensity="1.462509e-003" type="0"/>
    <Peak1D F1="-0.510969" intensity="1.506532e-003" type="0"/>
    <Peak1D F1="-0.514228" intensity="1.458263e-003" type="0"/>
    <Peak1D F1="-0.590890" intensity="1.252804e-003" type="0"/>
    <Peak1D F1="-0.625397" intensity="1.188716e-003" type="0"/>
    <Peak1D F1="-0.670443" intensity="1.190857e-003" type="0"/>
    <Peak1D F1="-0.686969" intensity="1.058763e-003" type="0"/>
    <Peak1D F1="-0.725329" intensity="1.010347e-003" type="0"/>
    <Peak1D F1="-0.740701" intensity="1.032255e-003" type="0"/>
    <Peak1D F1="-0.746792" intensity="9.722665e-004" type="0"/>
    <Peak1D F1="-0.801027" intensity="9.427066e-004" type="0"/>
    <Peak1D F1="-0.841861" intensity="8.916694e-004" type="0"/>
    <Peak1D F1="-0.861257" intensity="9.578838e-004" type="0"/>
    <Peak1D F1="-0.887767" intensity="8.754539e-004" type="0"/>
    <Peak1D F1="-0.925160" intensity="8.688968e-004" type="0"/>
    <Peak1D F1="-0.934830" intensity="8.067036e-004" type="0"/>
    <Peak1D F1="-0.969772" intensity="8.046170e-004" type="0"/>
    <Peak1D F1="-1.043516" intensity="8.138794e-004" type="0"/>
    <Peak1D F1="-1.076045" intensity="6.917399e-004" type="0"/>
    <Peak1D F1="-1.114863" intensity="7.245669e-004" type="0"/>
    <Peak1D F1="-1.137763" intensity="6.637564e-004" type="0"/>
    <Peak1D F1="-1.183989" intensity="6.436387e-004" type="0"/>
    <Peak1D F1="-1.211538" intensity="5.557732e-004" type="0"/>
    <Peak1D F1="-1.223029" intensity="6.138661e-004" type="0"/>
    <Peak1D F1="-1.238516" intensity="6.242787e-004" type="0"/>
    <Peak1D F1="-1.265383" intensity="5.507593e-004" type="0"/>
    <Peak1D F1="-1.322199" intensity="4.995471e-004" type="0"/>
    <Peak1D F1="-1.328840" intensity="4.818302e-004" type="0"/>
    <Peak1D F1="-1.379841" intensity="5.307142e-004" type="0"/>
    <Peak1D F1="-1.391695" intensity="6.542780e-004" type="0"/>
    <Peak1D F1="-1.422752" intensity="5.254644e-004" type="0"/>
    <Peak1D F1="-1.470946" intensity="3.873347e-004" type="0"/>
    <Peak1D F1="-1.490470" intensity="3.969874e-004" type="0"/>
    <Peak1D F1="-1.534648" intensity="4.144360e-004" type="0"/>
    <Peak1D F1="-1.554558" intensity="3.824846e-004" type="0"/>
    <Peak1D F1="-1.575014" intensity="3.707269e-004" type="0"/>
    <Peak1D F1="-1.603169" intensity="4.934921e-004" type="0"/>
    <Peak1D F1="-1.608183" intensity="3.242737e-004" type="0"/>
    <Peak1D F1="-1.628792" intensity="3.851327e-004" type="0"/>
    <Peak1D F1="-1.674438" intensity="3.620724e-004" type="0"/>
    <Peak1D F1="-1.678987" intensity="3.212365e-004" type="0"/>
    <Peak1D F1="-1.734366" intensity="3.279081e-004" type="0"/>
    <Peak1D F1="-1.758266" intensity="3.353217e-004" type="0"/>
    <Peak1D F1="-1.899224" intensity="2.973058e-004" type="0"/>
  </PeakList1D>
</PeakList>
