<?xml version="1.0" encoding="UTF-8"?>
<PeakList>
  <PeakList1D>
    <PeakList1DHeader creator="root" date="2021-09-29T11:15:18.084+08:00" expNo="1" name="0929DXFJM" owner="" procNo="1" source="D:/Zhi-Ming Zhang">
      <PeakPickDetails>F1=16.165880ppm, F2=-3.859662ppm, MI=0.00cm, MAXI=10000.00cm, PC=1.000
      </PeakPickDetails>
    </PeakList1DHeader>
    <Peak1D F1="16.147678" intensity="2.363249e-004" type="0"/>
    <Peak1D F1="15.994030" intensity="1.969267e-004" type="0"/>
    <Peak1D F1="15.984302" intensity="2.059189e-004" type="0"/>
    <Peak1D F1="15.896601" intensity="1.867532e-004" type="0"/>
    <Peak1D F1="15.866458" intensity="1.899962e-004" type="0"/>
    <Peak1D F1="15.824412" intensity="2.075531e-004" type="0"/>
    <Peak1D F1="15.796074" intensity="2.008785e-004" type="0"/>
    <Peak1D F1="15.669042" intensity="1.790955e-004" type="0"/>
    <Peak1D F1="15.653687" intensity="1.814280e-004" type="0"/>
    <Peak1D F1="15.650359" intensity="2.037050e-004" type="0"/>
    <Peak1D F1="12.291717" intensity="1.746708e-004" type="0"/>
    <Peak1D F1="12.054028" intensity="1.848103e-004" type="0"/>
    <Peak1D F1="12.028173" intensity="1.748658e-004" type="0"/>
    <Peak1D F1="12.013923" intensity="1.838933e-004" type="0"/>
    <Peak1D F1="11.969983" intensity="2.100320e-004" type="0"/>
    <Peak1D F1="11.920429" intensity="2.704149e-004" type="0"/>
    <Peak1D F1="11.762192" intensity="2.073060e-003" type="0"/>
    <Peak1D F1="11.673267" intensity="4.362607e-004" type="0"/>
    <Peak1D F1="11.665755" intensity="4.436725e-004" type="0"/>
    <Peak1D F1="11.590168" intensity="2.090231e-004" type="0"/>
    <Peak1D F1="11.518888" intensity="1.860459e-004" type="0"/>
    <Peak1D F1="11.468805" intensity="1.710765e-004" type="0"/>
    <Peak1D F1="10.791006" intensity="1.775038e-004" type="0"/>
    <Peak1D F1="9.881213" intensity="7.675727e-004" type="0"/>
    <Peak1D F1="9.864603" intensity="4.256516e-004" type="0"/>
    <Peak1D F1="9.657236" intensity="2.204628e-003" type="0"/>
    <Peak1D F1="9.637673" intensity="2.143117e-003" type="0"/>
    <Peak1D F1="8.842840" intensity="2.157166e-004" type="0"/>
    <Peak1D F1="8.735698" intensity="1.293293e-003" type="0"/>
    <Peak1D F1="8.626543" intensity="1.854386e-004" type="0"/>
    <Peak1D F1="8.072095" intensity="7.682675e-004" type="0"/>
    <Peak1D F1="7.872797" intensity="4.485354e-004" type="0"/>
    <Peak1D F1="7.850658" intensity="6.508508e-004" type="0"/>
    <Peak1D F1="7.615624" intensity="1.709522e-003" type="0"/>
    <Peak1D F1="7.576303" intensity="1.969430e-003" type="0"/>
    <Peak1D F1="7.526071" intensity="2.853292e-004" type="0"/>
    <Peak1D F1="7.426591" intensity="4.139188e-004" type="0"/>
    <Peak1D F1="7.421092" intensity="4.146736e-004" type="0"/>
    <Peak1D F1="7.381401" intensity="2.221246e-003" type="0"/>
    <Peak1D F1="7.376866" intensity="2.395060e-003" type="0"/>
    <Peak1D F1="7.338978" intensity="3.829143e-004" type="0"/>
    <Peak1D F1="7.306889" intensity="6.072819e-004" type="0"/>
    <Peak1D F1="7.278291" intensity="1.471913e-003" type="0"/>
    <Peak1D F1="7.273573" intensity="1.423827e-003" type="0"/>
    <Peak1D F1="7.257423" intensity="1.804885e-003" type="0"/>
    <Peak1D F1="7.252784" intensity="1.703411e-003" type="0"/>
    <Peak1D F1="7.174113" intensity="1.068900e-003" type="0"/>
    <Peak1D F1="7.151530" intensity="1.277666e-003" type="0"/>
    <Peak1D F1="7.117662" intensity="1.998490e-002" type="0"/>
    <Peak1D F1="7.113345" intensity="2.066640e-002" type="0"/>
    <Peak1D F1="7.100154" intensity="3.023370e-003" type="0"/>
    <Peak1D F1="7.089147" intensity="4.503320e-003" type="0"/>
    <Peak1D F1="7.068464" intensity="5.926972e-003" type="0"/>
    <Peak1D F1="7.044972" intensity="1.810693e-002" type="0"/>
    <Peak1D F1="7.024653" intensity="2.013695e-002" type="0"/>
    <Peak1D F1="7.013450" intensity="5.650614e-003" type="0"/>
    <Peak1D F1="6.992581" intensity="5.681120e-003" type="0"/>
    <Peak1D F1="6.972047" intensity="2.570747e-002" type="0"/>
    <Peak1D F1="6.967517" intensity="2.443810e-002" type="0"/>
    <Peak1D F1="6.959595" intensity="1.852014e-002" type="0"/>
    <Peak1D F1="6.955159" intensity="1.756415e-002" type="0"/>
    <Peak1D F1="6.945041" intensity="7.879396e-003" type="0"/>
    <Peak1D F1="6.895845" intensity="3.844980e-002" type="0"/>
    <Peak1D F1="6.875070" intensity="4.978061e-002" type="0"/>
    <Peak1D F1="6.850240" intensity="2.767147e+000" type="0"/>
    <Peak1D F1="6.829870" intensity="3.555867e+000" type="0"/>
    <Peak1D F1="6.778960" intensity="3.074771e+000" type="0"/>
    <Peak1D F1="6.774423" intensity="3.394815e+000" type="0"/>
    <Peak1D F1="6.746185" intensity="5.107525e-002" type="0"/>
    <Peak1D F1="6.741752" intensity="4.626241e-002" type="0"/>
    <Peak1D F1="6.705015" intensity="1.957657e+000" type="0"/>
    <Peak1D F1="6.700525" intensity="1.803124e+000" type="0"/>
    <Peak1D F1="6.684710" intensity="1.538930e+000" type="0"/>
    <Peak1D F1="6.680194" intensity="1.427352e+000" type="0"/>
    <Peak1D F1="6.648970" intensity="3.686123e-002" type="0"/>
    <Peak1D F1="6.628523" intensity="1.680477e-002" type="0"/>
    <Peak1D F1="6.618328" intensity="1.605031e-002" type="0"/>
    <Peak1D F1="6.602164" intensity="1.445073e-002" type="0"/>
    <Peak1D F1="6.597627" intensity="1.374227e-002" type="0"/>
    <Peak1D F1="6.578207" intensity="4.010215e-002" type="0"/>
    <Peak1D F1="6.505136" intensity="8.374033e-003" type="0"/>
    <Peak1D F1="6.500995" intensity="8.082244e-003" type="0"/>
    <Peak1D F1="6.484827" intensity="7.508792e-003" type="0"/>
    <Peak1D F1="6.480636" intensity="7.137315e-003" type="0"/>
    <Peak1D F1="6.351534" intensity="4.233357e-003" type="0"/>
    <Peak1D F1="6.335275" intensity="9.501486e-003" type="0"/>
    <Peak1D F1="6.319102" intensity="4.375091e-003" type="0"/>
    <Peak1D F1="6.312027" intensity="3.852747e-003" type="0"/>
    <Peak1D F1="6.295508" intensity="6.970595e-003" type="0"/>
    <Peak1D F1="6.286149" intensity="2.456785e-004" type="0"/>
    <Peak1D F1="6.279349" intensity="2.924083e-003" type="0"/>
    <Peak1D F1="6.192890" intensity="1.624016e-003" type="0"/>
    <Peak1D F1="6.175992" intensity="4.597359e-003" type="0"/>
    <Peak1D F1="6.167809" intensity="2.107583e-003" type="0"/>
    <Peak1D F1="6.159088" intensity="2.529079e-003" type="0"/>
    <Peak1D F1="6.150809" intensity="7.016224e-003" type="0"/>
    <Peak1D F1="6.133715" intensity="7.278365e-003" type="0"/>
    <Peak1D F1="6.125425" intensity="2.789960e-003" type="0"/>
    <Peak1D F1="6.116615" intensity="2.698525e-003" type="0"/>
    <Peak1D F1="6.108507" intensity="5.521824e-003" type="0"/>
    <Peak1D F1="6.091775" intensity="2.724060e-003" type="0"/>
    <Peak1D F1="6.083875" intensity="6.144883e-004" type="0"/>
    <Peak1D F1="6.065361" intensity="8.365810e-004" type="0"/>
    <Peak1D F1="6.054554" intensity="1.398889e-003" type="0"/>
    <Peak1D F1="6.048202" intensity="1.904829e-003" type="0"/>
    <Peak1D F1="6.002764" intensity="4.126291e-001" type="0"/>
    <Peak1D F1="5.985919" intensity="8.664368e-001" type="0"/>
    <Peak1D F1="5.977749" intensity="4.923732e-001" type="0"/>
    <Peak1D F1="5.969102" intensity="4.904217e-001" type="0"/>
    <Peak1D F1="5.960710" intensity="1.324010e+000" type="0"/>
    <Peak1D F1="5.943591" intensity="1.353842e+000" type="0"/>
    <Peak1D F1="5.935220" intensity="5.544286e-001" type="0"/>
    <Peak1D F1="5.926576" intensity="5.357551e-001" type="0"/>
    <Peak1D F1="5.918363" intensity="1.011858e+000" type="0"/>
    <Peak1D F1="5.901577" intensity="4.952419e-001" type="0"/>
    <Peak1D F1="5.860535" intensity="2.360337e-003" type="0"/>
    <Peak1D F1="5.843671" intensity="9.158233e-004" type="0"/>
    <Peak1D F1="5.835389" intensity="4.051384e-004" type="0"/>
    <Peak1D F1="5.808100" intensity="1.626234e-003" type="0"/>
    <Peak1D F1="5.791284" intensity="3.739427e-003" type="0"/>
    <Peak1D F1="5.783259" intensity="1.908189e-003" type="0"/>
    <Peak1D F1="5.774505" intensity="1.583340e-003" type="0"/>
    <Peak1D F1="5.766168" intensity="6.178197e-003" type="0"/>
    <Peak1D F1="5.749009" intensity="6.201719e-003" type="0"/>
    <Peak1D F1="5.740662" intensity="1.933496e-003" type="0"/>
    <Peak1D F1="5.731974" intensity="1.681322e-003" type="0"/>
    <Peak1D F1="5.723807" intensity="4.400014e-003" type="0"/>
    <Peak1D F1="5.707027" intensity="1.522340e-003" type="0"/>
    <Peak1D F1="5.556298" intensity="3.232062e-004" type="0"/>
    <Peak1D F1="5.535768" intensity="2.028726e-004" type="0"/>
    <Peak1D F1="5.516469" intensity="7.307759e-004" type="0"/>
    <Peak1D F1="5.424028" intensity="1.110557e-003" type="0"/>
    <Peak1D F1="5.286899" intensity="8.804428e-003" type="0"/>
    <Peak1D F1="5.282657" intensity="9.601690e-003" type="0"/>
    <Peak1D F1="5.262634" intensity="1.637116e-003" type="0"/>
    <Peak1D F1="5.257982" intensity="1.713651e-003" type="0"/>
    <Peak1D F1="5.239990" intensity="1.865436e-002" type="0"/>
    <Peak1D F1="5.214965" intensity="1.051742e-002" type="0"/>
    <Peak1D F1="5.189546" intensity="2.645305e-003" type="0"/>
    <Peak1D F1="5.176478" intensity="1.802256e-003" type="0"/>
    <Peak1D F1="5.159128" intensity="4.720071e-003" type="0"/>
    <Peak1D F1="5.154295" intensity="5.071184e-003" type="0"/>
    <Peak1D F1="5.096708" intensity="1.521186e+000" type="0"/>
    <Peak1D F1="5.092241" intensity="1.630537e+000" type="0"/>
    <Peak1D F1="5.054047" intensity="1.500514e+000" type="0"/>
    <Peak1D F1="5.049247" intensity="2.272662e+000" type="0"/>
    <Peak1D F1="5.045781" intensity="2.319272e+000" type="0"/>
    <Peak1D F1="5.020732" intensity="1.593267e+000" type="0"/>
    <Peak1D F1="5.018485" intensity="1.489568e+000" type="0"/>
    <Peak1D F1="4.937511" intensity="5.495241e-003" type="0"/>
    <Peak1D F1="4.917235" intensity="2.428938e-003" type="0"/>
    <Peak1D F1="4.901890" intensity="9.429564e-003" type="0"/>
    <Peak1D F1="4.897422" intensity="9.901554e-003" type="0"/>
    <Peak1D F1="4.859382" intensity="7.772192e-003" type="0"/>
    <Peak1D F1="4.854848" intensity="8.379785e-003" type="0"/>
    <Peak1D F1="4.847150" intensity="9.925700e-003" type="0"/>
    <Peak1D F1="4.822089" intensity="9.108185e-003" type="0"/>
    <Peak1D F1="4.800927" intensity="1.597351e-003" type="0"/>
    <Peak1D F1="4.551844" intensity="2.300204e-002" type="0"/>
    <Peak1D F1="4.535654" intensity="2.292498e-002" type="0"/>
    <Peak1D F1="4.180613" intensity="1.026682e-003" type="0"/>
    <Peak1D F1="4.170815" intensity="1.083954e-003" type="0"/>
    <Peak1D F1="4.114229" intensity="1.865996e-004" type="0"/>
    <Peak1D F1="4.086738" intensity="4.569412e-004" type="0"/>
    <Peak1D F1="4.077555" intensity="9.198683e-004" type="0"/>
    <Peak1D F1="4.056058" intensity="9.303606e-004" type="0"/>
    <Peak1D F1="4.045262" intensity="9.113756e-004" type="0"/>
    <Peak1D F1="4.036508" intensity="1.243584e-003" type="0"/>
    <Peak1D F1="4.017957" intensity="2.257518e-003" type="0"/>
    <Peak1D F1="4.009320" intensity="2.217476e-003" type="0"/>
    <Peak1D F1="3.992288" intensity="2.892978e-003" type="0"/>
    <Peak1D F1="3.972250" intensity="3.429525e-003" type="0"/>
    <Peak1D F1="3.958025" intensity="3.930537e-003" type="0"/>
    <Peak1D F1="3.913180" intensity="1.194920e-001" type="0"/>
    <Peak1D F1="3.894607" intensity="1.157834e-001" type="0"/>
    <Peak1D F1="3.883499" intensity="1.474173e-002" type="0"/>
    <Peak1D F1="3.858730" intensity="1.461951e-002" type="0"/>
    <Peak1D F1="3.841100" intensity="2.137678e-002" type="0"/>
    <Peak1D F1="3.833973" intensity="3.335376e-002" type="0"/>
    <Peak1D F1="3.822112" intensity="2.729519e-002" type="0"/>
    <Peak1D F1="3.814959" intensity="4.509465e-002" type="0"/>
    <Peak1D F1="3.794038" intensity="1.639940e-001" type="0"/>
    <Peak1D F1="3.786003" intensity="8.790717e-002" type="0"/>
    <Peak1D F1="3.757629" intensity="4.598731e-001" type="0"/>
    <Peak1D F1="3.735279" intensity="1.421837e+001" type="0"/>
    <Peak1D F1="3.716612" intensity="1.500000e+001" type="0"/>
    <Peak1D F1="3.674784" intensity="1.305535e-001" type="0"/>
    <Peak1D F1="3.633371" intensity="3.756987e-002" type="0"/>
    <Peak1D F1="3.616259" intensity="2.383407e-002" type="0"/>
    <Peak1D F1="3.587280" intensity="1.568611e-002" type="0"/>
    <Peak1D F1="3.553237" intensity="1.213528e-001" type="0"/>
    <Peak1D F1="3.534928" intensity="1.177513e-001" type="0"/>
    <Peak1D F1="3.497725" intensity="9.002277e-003" type="0"/>
    <Peak1D F1="3.458976" intensity="3.675286e-002" type="0"/>
    <Peak1D F1="3.441844" intensity="5.100982e-002" type="0"/>
    <Peak1D F1="3.415201" intensity="6.800508e-002" type="0"/>
    <Peak1D F1="3.302917" intensity="3.461047e+000" type="0"/>
    <Peak1D F1="3.286009" intensity="3.534864e+000" type="0"/>
    <Peak1D F1="3.142969" intensity="2.451558e-002" type="0"/>
    <Peak1D F1="3.126209" intensity="2.346251e-002" type="0"/>
    <Peak1D F1="3.057517" intensity="1.912969e-003" type="0"/>
    <Peak1D F1="2.997349" intensity="7.859179e-004" type="0"/>
    <Peak1D F1="2.981349" intensity="7.148430e-004" type="0"/>
    <Peak1D F1="2.938477" intensity="3.398049e-004" type="0"/>
    <Peak1D F1="2.919519" intensity="3.090525e-004" type="0"/>
    <Peak1D F1="2.824726" intensity="2.691459e-004" type="0"/>
    <Peak1D F1="2.806485" intensity="7.898351e-004" type="0"/>
    <Peak1D F1="2.789323" intensity="4.306338e-004" type="0"/>
    <Peak1D F1="2.662301" intensity="1.097879e-003" type="0"/>
    <Peak1D F1="2.639046" intensity="3.965700e-004" type="0"/>
    <Peak1D F1="2.632724" intensity="8.065649e-004" type="0"/>
    <Peak1D F1="2.623286" intensity="4.927028e-004" type="0"/>
    <Peak1D F1="2.524553" intensity="4.440085e-004" type="0"/>
    <Peak1D F1="2.492797" intensity="8.064391e-002" type="0"/>
    <Peak1D F1="2.488549" intensity="1.063512e-001" type="0"/>
    <Peak1D F1="2.484278" intensity="7.907263e-002" type="0"/>
    <Peak1D F1="2.452048" intensity="4.679507e-003" type="0"/>
    <Peak1D F1="2.433500" intensity="3.844351e-003" type="0"/>
    <Peak1D F1="2.333943" intensity="4.226940e-004" type="0"/>
    <Peak1D F1="2.311364" intensity="1.303590e-003" type="0"/>
    <Peak1D F1="2.288471" intensity="1.003156e-003" type="0"/>
    <Peak1D F1="2.273173" intensity="1.193708e-003" type="0"/>
    <Peak1D F1="2.266093" intensity="4.931543e-004" type="0"/>
    <Peak1D F1="2.257410" intensity="4.044352e-004" type="0"/>
    <Peak1D F1="2.235145" intensity="5.642306e-003" type="0"/>
    <Peak1D F1="2.171412" intensity="9.827954e-003" type="0"/>
    <Peak1D F1="2.149280" intensity="3.589971e-003" type="0"/>
    <Peak1D F1="2.131417" intensity="6.441607e-004" type="0"/>
    <Peak1D F1="2.068462" intensity="1.705631e-003" type="0"/>
    <Peak1D F1="2.051523" intensity="2.490213e-003" type="0"/>
    <Peak1D F1="2.038417" intensity="3.985674e-003" type="0"/>
    <Peak1D F1="2.024078" intensity="7.620372e-003" type="0"/>
    <Peak1D F1="2.016162" intensity="4.799775e-003" type="0"/>
    <Peak1D F1="2.000659" intensity="1.893156e-003" type="0"/>
    <Peak1D F1="1.977268" intensity="1.739908e-003" type="0"/>
    <Peak1D F1="1.955747" intensity="2.467281e-003" type="0"/>
    <Peak1D F1="1.937924" intensity="2.938038e-003" type="0"/>
    <Peak1D F1="1.929759" intensity="2.818782e-003" type="0"/>
    <Peak1D F1="1.920156" intensity="2.877565e-003" type="0"/>
    <Peak1D F1="1.889388" intensity="3.241282e-003" type="0"/>
    <Peak1D F1="1.875109" intensity="5.233144e-003" type="0"/>
    <Peak1D F1="1.856468" intensity="4.172384e-003" type="0"/>
    <Peak1D F1="1.829729" intensity="2.814366e-003" type="0"/>
    <Peak1D F1="1.813742" intensity="2.965391e-003" type="0"/>
    <Peak1D F1="1.783409" intensity="4.754200e-004" type="0"/>
    <Peak1D F1="1.765121" intensity="4.537020e-004" type="0"/>
    <Peak1D F1="1.759015" intensity="5.382018e-004" type="0"/>
    <Peak1D F1="1.747087" intensity="7.324033e-004" type="0"/>
    <Peak1D F1="1.713385" intensity="6.732919e-003" type="0"/>
    <Peak1D F1="1.641213" intensity="7.730297e-003" type="0"/>
    <Peak1D F1="1.620339" intensity="9.965128e-003" type="0"/>
    <Peak1D F1="1.603669" intensity="1.281774e-002" type="0"/>
    <Peak1D F1="1.584516" intensity="1.363092e-002" type="0"/>
    <Peak1D F1="1.559613" intensity="1.142336e-002" type="0"/>
    <Peak1D F1="1.530711" intensity="3.314021e-003" type="0"/>
    <Peak1D F1="1.498603" intensity="2.120407e-003" type="0"/>
    <Peak1D F1="1.477590" intensity="1.532891e-003" type="0"/>
    <Peak1D F1="1.454995" intensity="1.334676e-003" type="0"/>
    <Peak1D F1="1.401510" intensity="6.543925e-004" type="0"/>
    <Peak1D F1="1.375962" intensity="1.181952e-002" type="0"/>
    <Peak1D F1="1.356550" intensity="5.906303e-004" type="0"/>
    <Peak1D F1="1.304797" intensity="3.375660e-004" type="0"/>
    <Peak1D F1="1.277750" intensity="6.330914e-004" type="0"/>
    <Peak1D F1="1.263516" intensity="7.792674e-004" type="0"/>
    <Peak1D F1="1.219864" intensity="2.794770e-003" type="0"/>
    <Peak1D F1="1.194924" intensity="4.842224e-003" type="0"/>
    <Peak1D F1="1.177644" intensity="3.951081e-003" type="0"/>
    <Peak1D F1="1.154034" intensity="6.704647e-004" type="0"/>
    <Peak1D F1="1.142148" intensity="4.900637e-004" type="0"/>
    <Peak1D F1="1.115887" intensity="2.485751e-003" type="0"/>
    <Peak1D F1="1.096547" intensity="4.215752e-003" type="0"/>
    <Peak1D F1="1.068094" intensity="1.585404e-003" type="0"/>
    <Peak1D F1="1.054550" intensity="1.466936e-003" type="0"/>
    <Peak1D F1="1.023892" intensity="3.743731e-002" type="0"/>
    <Peak1D F1="0.994663" intensity="2.562408e-003" type="0"/>
    <Peak1D F1="0.977436" intensity="1.132175e-002" type="0"/>
    <Peak1D F1="0.957175" intensity="1.292864e-002" type="0"/>
    <Peak1D F1="0.945617" intensity="1.110504e-002" type="0"/>
    <Peak1D F1="0.937416" intensity="8.089880e-003" type="0"/>
    <Peak1D F1="0.927592" intensity="1.009411e-002" type="0"/>
    <Peak1D F1="0.910249" intensity="8.937663e-003" type="0"/>
    <Peak1D F1="0.890668" intensity="2.627852e-003" type="0"/>
    <Peak1D F1="0.872384" intensity="1.785683e-003" type="0"/>
    <Peak1D F1="0.861872" intensity="1.621099e-003" type="0"/>
    <Peak1D F1="0.847947" intensity="1.834967e-003" type="0"/>
    <Peak1D F1="0.830783" intensity="1.610499e-003" type="0"/>
    <Peak1D F1="0.811442" intensity="9.387351e-004" type="0"/>
    <Peak1D F1="0.804460" intensity="5.803662e-004" type="0"/>
    <Peak1D F1="0.795236" intensity="7.913032e-004" type="0"/>
    <Peak1D F1="0.786976" intensity="4.550708e-004" type="0"/>
    <Peak1D F1="0.758772" intensity="7.142782e-003" type="0"/>
    <Peak1D F1="0.749695" intensity="2.241147e-003" type="0"/>
    <Peak1D F1="0.741676" intensity="6.892542e-003" type="0"/>
    <Peak1D F1="0.670376" intensity="4.860880e-004" type="0"/>
    <Peak1D F1="0.654244" intensity="3.274670e-003" type="0"/>
    <Peak1D F1="0.637144" intensity="2.950097e-003" type="0"/>
    <Peak1D F1="-0.000148" intensity="4.505715e-002" type="0"/>
    <Peak1D F1="-1.325963" intensity="1.844703e-004" type="0"/>
    <Peak1D F1="-1.431356" intensity="1.949425e-004" type="0"/>
    <Peak1D F1="-1.473409" intensity="2.077049e-004" type="0"/>
    <Peak1D F1="-1.489553" intensity="1.756321e-004" type="0"/>
    <Peak1D F1="-1.517125" intensity="1.721435e-004" type="0"/>
    <Peak1D F1="-1.539084" intensity="1.857048e-004" type="0"/>
    <Peak1D F1="-1.564705" intensity="1.808940e-004" type="0"/>
    <Peak1D F1="-1.583181" intensity="2.052938e-004" type="0"/>
    <Peak1D F1="-1.665264" intensity="2.202303e-004" type="0"/>
    <Peak1D F1="-1.744078" intensity="2.100727e-004" type="0"/>
    <Peak1D F1="-1.797169" intensity="2.094408e-004" type="0"/>
    <Peak1D F1="-1.811941" intensity="2.052016e-004" type="0"/>
    <Peak1D F1="-1.850161" intensity="1.997770e-004" type="0"/>
    <Peak1D F1="-1.872566" intensity="2.032282e-004" type="0"/>
    <Peak1D F1="-1.909014" intensity="2.258593e-004" type="0"/>
    <Peak1D F1="-1.972520" intensity="2.161176e-004" type="0"/>
    <Peak1D F1="-1.989764" intensity="2.325659e-004" type="0"/>
    <Peak1D F1="-1.999329" intensity="2.253113e-004" type="0"/>
    <Peak1D F1="-2.013108" intensity="2.313704e-004" type="0"/>
    <Peak1D F1="-2.047534" intensity="2.273897e-004" type="0"/>
    <Peak1D F1="-2.071840" intensity="2.400804e-004" type="0"/>
    <Peak1D F1="-2.095452" intensity="2.368085e-004" type="0"/>
    <Peak1D F1="-2.111855" intensity="2.400083e-004" type="0"/>
    <Peak1D F1="-2.134709" intensity="2.122001e-004" type="0"/>
    <Peak1D F1="-2.152944" intensity="2.072554e-004" type="0"/>
    <Peak1D F1="-2.200313" intensity="2.301470e-004" type="0"/>
    <Peak1D F1="-2.235987" intensity="2.326533e-004" type="0"/>
    <Peak1D F1="-2.266361" intensity="2.199910e-004" type="0"/>
    <Peak1D F1="-2.332565" intensity="2.264548e-004" type="0"/>
    <Peak1D F1="-2.373968" intensity="2.315747e-004" type="0"/>
    <Peak1D F1="-2.418041" intensity="2.141505e-004" type="0"/>
    <Peak1D F1="-2.435877" intensity="1.902976e-004" type="0"/>
    <Peak1D F1="-2.459139" intensity="1.762470e-004" type="0"/>
    <Peak1D F1="-2.472083" intensity="1.739376e-004" type="0"/>
    <Peak1D F1="-2.506507" intensity="1.810094e-004" type="0"/>
    <Peak1D F1="-2.513881" intensity="1.930398e-004" type="0"/>
    <Peak1D F1="-2.556808" intensity="2.069409e-004" type="0"/>
    <Peak1D F1="-2.593917" intensity="1.829453e-004" type="0"/>
  </PeakList1D>
</PeakList>
