<?xml version="1.0" encoding="UTF-8"?>
<PeakList>
  <PeakList1D>
    <PeakList1DHeader creator="root" date="2021-09-25T12:45:18.431+08:00" expNo="1" name="0925xj7" owner="" procNo="1" source="D:/Zhi-Ming Zhang">
      <PeakPickDetails>F1=16.192650ppm, F2=-3.832893ppm, MI=0.00cm, MAXI=10000.00cm, PC=1.000
      </PeakPickDetails>
    </PeakList1DHeader>
    <Peak1D F1="16.182775" intensity="1.641661e-003" type="0"/>
    <Peak1D F1="15.965800" intensity="1.481931e-003" type="0"/>
    <Peak1D F1="15.928282" intensity="1.431583e-003" type="0"/>
    <Peak1D F1="15.901255" intensity="1.321852e-003" type="0"/>
    <Peak1D F1="15.874270" intensity="1.376683e-003" type="0"/>
    <Peak1D F1="15.859900" intensity="1.272459e-003" type="0"/>
    <Peak1D F1="15.822408" intensity="1.191095e-003" type="0"/>
    <Peak1D F1="15.802382" intensity="1.152705e-003" type="0"/>
    <Peak1D F1="15.773914" intensity="1.082921e-003" type="0"/>
    <Peak1D F1="15.742159" intensity="1.074677e-003" type="0"/>
    <Peak1D F1="15.724681" intensity="1.127453e-003" type="0"/>
    <Peak1D F1="15.660253" intensity="1.038717e-003" type="0"/>
    <Peak1D F1="12.698254" intensity="1.024277e-003" type="0"/>
    <Peak1D F1="12.657087" intensity="1.142423e-003" type="0"/>
    <Peak1D F1="12.550838" intensity="1.690143e-003" type="0"/>
    <Peak1D F1="12.488458" intensity="2.019987e-003" type="0"/>
    <Peak1D F1="12.477496" intensity="2.149659e-003" type="0"/>
    <Peak1D F1="12.446005" intensity="2.544065e-003" type="0"/>
    <Peak1D F1="12.419159" intensity="2.784951e-003" type="0"/>
    <Peak1D F1="12.341158" intensity="3.880018e-003" type="0"/>
    <Peak1D F1="11.954952" intensity="7.205506e-002" type="0"/>
    <Peak1D F1="11.587130" intensity="3.259578e-003" type="0"/>
    <Peak1D F1="11.532020" intensity="2.405196e-003" type="0"/>
    <Peak1D F1="11.495960" intensity="3.705740e-003" type="0"/>
    <Peak1D F1="11.480677" intensity="1.948775e-003" type="0"/>
    <Peak1D F1="11.458588" intensity="1.741929e-003" type="0"/>
    <Peak1D F1="11.438259" intensity="1.766037e-003" type="0"/>
    <Peak1D F1="11.420450" intensity="3.945523e-003" type="0"/>
    <Peak1D F1="11.377629" intensity="1.435066e-003" type="0"/>
    <Peak1D F1="11.356857" intensity="1.524964e-003" type="0"/>
    <Peak1D F1="11.311092" intensity="1.251098e-003" type="0"/>
    <Peak1D F1="11.289211" intensity="6.513049e-003" type="0"/>
    <Peak1D F1="11.286122" intensity="6.462599e-003" type="0"/>
    <Peak1D F1="11.257773" intensity="1.493286e-003" type="0"/>
    <Peak1D F1="11.217673" intensity="1.046707e-003" type="0"/>
    <Peak1D F1="11.197999" intensity="1.018401e-003" type="0"/>
    <Peak1D F1="11.160748" intensity="1.929486e-003" type="0"/>
    <Peak1D F1="11.147213" intensity="1.970638e-003" type="0"/>
    <Peak1D F1="11.111617" intensity="1.871361e-003" type="0"/>
    <Peak1D F1="11.097222" intensity="5.645933e-003" type="0"/>
    <Peak1D F1="10.983283" intensity="4.471749e-003" type="0"/>
    <Peak1D F1="10.960382" intensity="5.452009e-003" type="0"/>
    <Peak1D F1="10.937980" intensity="1.388951e-003" type="0"/>
    <Peak1D F1="10.888645" intensity="2.942243e-003" type="0"/>
    <Peak1D F1="10.832434" intensity="4.388567e-002" type="0"/>
    <Peak1D F1="10.797701" intensity="1.697892e-003" type="0"/>
    <Peak1D F1="10.753794" intensity="4.214180e-003" type="0"/>
    <Peak1D F1="10.326633" intensity="1.077728e-003" type="0"/>
    <Peak1D F1="10.315430" intensity="1.180074e-003" type="0"/>
    <Peak1D F1="10.283183" intensity="1.121869e-003" type="0"/>
    <Peak1D F1="10.266399" intensity="1.271090e-003" type="0"/>
    <Peak1D F1="10.248263" intensity="1.407900e-003" type="0"/>
    <Peak1D F1="10.236721" intensity="1.542556e-003" type="0"/>
    <Peak1D F1="10.222721" intensity="1.399765e-003" type="0"/>
    <Peak1D F1="10.188457" intensity="2.581939e-003" type="0"/>
    <Peak1D F1="10.173105" intensity="7.605063e-003" type="0"/>
    <Peak1D F1="10.153083" intensity="7.317380e-003" type="0"/>
    <Peak1D F1="10.111856" intensity="3.019650e-003" type="0"/>
    <Peak1D F1="10.092113" intensity="3.484174e-003" type="0"/>
    <Peak1D F1="10.083717" intensity="3.168743e-003" type="0"/>
    <Peak1D F1="10.071685" intensity="7.161616e-003" type="0"/>
    <Peak1D F1="10.064966" intensity="5.589172e-003" type="0"/>
    <Peak1D F1="10.051392" intensity="8.081263e-003" type="0"/>
    <Peak1D F1="10.038267" intensity="1.575147e-002" type="0"/>
    <Peak1D F1="10.023561" intensity="9.030386e-003" type="0"/>
    <Peak1D F1="10.018088" intensity="1.760856e-002" type="0"/>
    <Peak1D F1="10.009709" intensity="8.462340e-003" type="0"/>
    <Peak1D F1="10.003545" intensity="1.073894e-002" type="0"/>
    <Peak1D F1="9.993268" intensity="1.781049e-002" type="0"/>
    <Peak1D F1="9.978097" intensity="1.044184e-001" type="0"/>
    <Peak1D F1="9.962977" intensity="1.102200e+000" type="0"/>
    <Peak1D F1="9.942938" intensity="1.106723e+000" type="0"/>
    <Peak1D F1="9.922166" intensity="1.084016e-002" type="0"/>
    <Peak1D F1="9.911432" intensity="8.491354e-003" type="0"/>
    <Peak1D F1="9.892234" intensity="7.662364e-003" type="0"/>
    <Peak1D F1="9.883606" intensity="6.734353e-003" type="0"/>
    <Peak1D F1="9.861832" intensity="8.041136e-001" type="0"/>
    <Peak1D F1="9.841471" intensity="8.081858e-001" type="0"/>
    <Peak1D F1="9.809672" intensity="3.754321e-003" type="0"/>
    <Peak1D F1="9.746444" intensity="4.834271e-003" type="0"/>
    <Peak1D F1="9.726084" intensity="7.073711e-003" type="0"/>
    <Peak1D F1="9.675232" intensity="5.404437e-003" type="0"/>
    <Peak1D F1="9.645493" intensity="3.474848e-003" type="0"/>
    <Peak1D F1="9.625807" intensity="7.011123e-003" type="0"/>
    <Peak1D F1="9.381697" intensity="1.509031e-003" type="0"/>
    <Peak1D F1="8.263094" intensity="1.271732e-003" type="0"/>
    <Peak1D F1="8.149424" intensity="9.743948e-003" type="0"/>
    <Peak1D F1="8.108041" intensity="4.091038e-002" type="0"/>
    <Peak1D F1="8.087509" intensity="1.356605e-003" type="0"/>
    <Peak1D F1="7.399909" intensity="1.070714e-003" type="0"/>
    <Peak1D F1="7.259842" intensity="3.288916e-003" type="0"/>
    <Peak1D F1="7.241202" intensity="2.500890e-003" type="0"/>
    <Peak1D F1="7.178662" intensity="1.346693e-003" type="0"/>
    <Peak1D F1="7.160243" intensity="1.870081e-003" type="0"/>
    <Peak1D F1="7.151571" intensity="3.089641e-003" type="0"/>
    <Peak1D F1="7.131306" intensity="2.091565e-003" type="0"/>
    <Peak1D F1="6.381718" intensity="1.194909e-003" type="0"/>
    <Peak1D F1="6.361159" intensity="9.890369e-004" type="0"/>
    <Peak1D F1="6.237762" intensity="2.675716e-003" type="0"/>
    <Peak1D F1="6.220542" intensity="1.200210e-003" type="0"/>
    <Peak1D F1="6.202014" intensity="1.350923e-003" type="0"/>
    <Peak1D F1="6.186729" intensity="6.659004e-003" type="0"/>
    <Peak1D F1="6.159292" intensity="6.864205e-003" type="0"/>
    <Peak1D F1="6.142902" intensity="7.659096e-003" type="0"/>
    <Peak1D F1="6.115441" intensity="8.193055e-003" type="0"/>
    <Peak1D F1="6.099391" intensity="2.762030e-003" type="0"/>
    <Peak1D F1="6.091359" intensity="2.949227e-003" type="0"/>
    <Peak1D F1="6.083980" intensity="3.001246e-003" type="0"/>
    <Peak1D F1="6.054759" intensity="1.117290e-002" type="0"/>
    <Peak1D F1="6.031444" intensity="3.287210e-002" type="0"/>
    <Peak1D F1="6.009021" intensity="3.120952e-002" type="0"/>
    <Peak1D F1="6.003763" intensity="5.590951e-002" type="0"/>
    <Peak1D F1="5.993148" intensity="1.088019e+000" type="0"/>
    <Peak1D F1="5.965671" intensity="1.200351e+000" type="0"/>
    <Peak1D F1="5.949323" intensity="1.241004e+000" type="0"/>
    <Peak1D F1="5.921847" intensity="1.272471e+000" type="0"/>
    <Peak1D F1="5.901894" intensity="8.657848e-003" type="0"/>
    <Peak1D F1="5.895655" intensity="8.431833e-003" type="0"/>
    <Peak1D F1="5.890250" intensity="5.362424e-003" type="0"/>
    <Peak1D F1="5.881595" intensity="9.765095e-003" type="0"/>
    <Peak1D F1="5.875752" intensity="1.168556e-002" type="0"/>
    <Peak1D F1="5.849916" intensity="4.123317e-002" type="0"/>
    <Peak1D F1="5.846715" intensity="4.629830e-002" type="0"/>
    <Peak1D F1="5.843763" intensity="4.483918e-002" type="0"/>
    <Peak1D F1="5.840621" intensity="3.597825e-002" type="0"/>
    <Peak1D F1="5.829804" intensity="5.362738e-002" type="0"/>
    <Peak1D F1="5.826532" intensity="6.316239e-002" type="0"/>
    <Peak1D F1="5.813982" intensity="3.415908e-001" type="0"/>
    <Peak1D F1="5.794616" intensity="7.368758e-001" type="0"/>
    <Peak1D F1="5.792068" intensity="7.197514e-001" type="0"/>
    <Peak1D F1="5.774608" intensity="4.195950e-001" type="0"/>
    <Peak1D F1="5.771871" intensity="4.089204e-001" type="0"/>
    <Peak1D F1="5.751321" intensity="1.463036e-002" type="0"/>
    <Peak1D F1="5.736310" intensity="7.915541e-003" type="0"/>
    <Peak1D F1="5.732887" intensity="8.007672e-003" type="0"/>
    <Peak1D F1="5.729159" intensity="6.338118e-003" type="0"/>
    <Peak1D F1="5.723794" intensity="1.125222e-002" type="0"/>
    <Peak1D F1="5.705709" intensity="6.170815e-003" type="0"/>
    <Peak1D F1="5.691308" intensity="4.848705e-003" type="0"/>
    <Peak1D F1="5.646151" intensity="2.823722e-002" type="0"/>
    <Peak1D F1="5.630307" intensity="6.505259e-003" type="0"/>
    <Peak1D F1="5.606565" intensity="4.375111e-002" type="0"/>
    <Peak1D F1="5.594032" intensity="4.795668e-002" type="0"/>
    <Peak1D F1="5.580507" intensity="1.196058e-002" type="0"/>
    <Peak1D F1="5.569088" intensity="2.265623e-002" type="0"/>
    <Peak1D F1="5.567018" intensity="2.265860e-002" type="0"/>
    <Peak1D F1="5.546873" intensity="2.117516e-002" type="0"/>
    <Peak1D F1="5.538332" intensity="1.781095e-002" type="0"/>
    <Peak1D F1="5.528816" intensity="1.317796e-002" type="0"/>
    <Peak1D F1="5.523575" intensity="1.413073e-002" type="0"/>
    <Peak1D F1="5.519825" intensity="1.740292e-002" type="0"/>
    <Peak1D F1="5.512989" intensity="2.364872e-002" type="0"/>
    <Peak1D F1="5.495363" intensity="3.549305e-002" type="0"/>
    <Peak1D F1="5.486920" intensity="2.051042e-002" type="0"/>
    <Peak1D F1="5.476729" intensity="2.887087e-002" type="0"/>
    <Peak1D F1="5.473706" intensity="3.123523e-002" type="0"/>
    <Peak1D F1="5.458459" intensity="4.676587e-002" type="0"/>
    <Peak1D F1="5.443977" intensity="4.808320e-002" type="0"/>
    <Peak1D F1="5.429237" intensity="3.523664e-001" type="0"/>
    <Peak1D F1="5.426227" intensity="5.176227e-001" type="0"/>
    <Peak1D F1="5.409048" intensity="9.245998e-001" type="0"/>
    <Peak1D F1="5.399117" intensity="1.123266e+000" type="0"/>
    <Peak1D F1="5.396320" intensity="8.969924e-001" type="0"/>
    <Peak1D F1="5.381783" intensity="2.601187e+000" type="0"/>
    <Peak1D F1="5.367827" intensity="3.343260e+000" type="0"/>
    <Peak1D F1="5.353838" intensity="2.595120e+000" type="0"/>
    <Peak1D F1="5.339102" intensity="8.679576e-001" type="0"/>
    <Peak1D F1="5.336436" intensity="1.094785e+000" type="0"/>
    <Peak1D F1="5.326581" intensity="9.007488e-001" type="0"/>
    <Peak1D F1="5.309347" intensity="5.016382e-001" type="0"/>
    <Peak1D F1="5.306392" intensity="3.158630e-001" type="0"/>
    <Peak1D F1="5.284392" intensity="1.355473e-002" type="0"/>
    <Peak1D F1="5.270118" intensity="5.692523e-003" type="0"/>
    <Peak1D F1="5.267121" intensity="5.684022e-003" type="0"/>
    <Peak1D F1="5.257128" intensity="1.229708e-002" type="0"/>
    <Peak1D F1="5.254626" intensity="1.096666e-002" type="0"/>
    <Peak1D F1="5.242969" intensity="5.093106e-003" type="0"/>
    <Peak1D F1="5.230388" intensity="8.039501e-003" type="0"/>
    <Peak1D F1="5.212470" intensity="1.849357e-002" type="0"/>
    <Peak1D F1="5.208462" intensity="1.427732e-002" type="0"/>
    <Peak1D F1="5.202915" intensity="1.215401e-002" type="0"/>
    <Peak1D F1="5.198329" intensity="1.335752e-002" type="0"/>
    <Peak1D F1="5.194120" intensity="1.544001e-002" type="0"/>
    <Peak1D F1="5.185216" intensity="2.551227e-002" type="0"/>
    <Peak1D F1="5.181426" intensity="2.750214e-002" type="0"/>
    <Peak1D F1="5.154613" intensity="1.559254e+000" type="0"/>
    <Peak1D F1="5.152124" intensity="1.632656e+000" type="0"/>
    <Peak1D F1="5.142251" intensity="1.915766e-001" type="0"/>
    <Peak1D F1="5.138776" intensity="2.109717e-001" type="0"/>
    <Peak1D F1="5.135604" intensity="1.794268e-001" type="0"/>
    <Peak1D F1="5.131663" intensity="1.441740e-001" type="0"/>
    <Peak1D F1="5.123692" intensity="3.159491e-001" type="0"/>
    <Peak1D F1="5.120326" intensity="3.907905e-001" type="0"/>
    <Peak1D F1="5.116522" intensity="3.910572e-001" type="0"/>
    <Peak1D F1="5.110788" intensity="1.567898e+000" type="0"/>
    <Peak1D F1="5.108287" intensity="1.630535e+000" type="0"/>
    <Peak1D F1="5.101459" intensity="5.631612e-001" type="0"/>
    <Peak1D F1="5.098007" intensity="6.052375e-001" type="0"/>
    <Peak1D F1="5.095034" intensity="6.709056e-001" type="0"/>
    <Peak1D F1="5.088065" intensity="2.292337e+000" type="0"/>
    <Peak1D F1="5.085501" intensity="2.132090e+000" type="0"/>
    <Peak1D F1="5.077724" intensity="1.005451e+000" type="0"/>
    <Peak1D F1="5.074304" intensity="1.108756e+000" type="0"/>
    <Peak1D F1="5.070957" intensity="9.820686e-001" type="0"/>
    <Peak1D F1="5.060544" intensity="1.936484e+000" type="0"/>
    <Peak1D F1="5.058037" intensity="1.848260e+000" type="0"/>
    <Peak1D F1="4.958015" intensity="8.126292e-003" type="0"/>
    <Peak1D F1="4.955769" intensity="8.272688e-003" type="0"/>
    <Peak1D F1="4.948968" intensity="4.606711e-003" type="0"/>
    <Peak1D F1="4.929119" intensity="3.270061e-003" type="0"/>
    <Peak1D F1="4.921921" intensity="4.655824e-003" type="0"/>
    <Peak1D F1="4.911927" intensity="1.110884e-002" type="0"/>
    <Peak1D F1="4.906206" intensity="5.941317e-003" type="0"/>
    <Peak1D F1="4.887168" intensity="2.245994e-002" type="0"/>
    <Peak1D F1="4.884789" intensity="2.192664e-002" type="0"/>
    <Peak1D F1="4.873778" intensity="5.935188e-003" type="0"/>
    <Peak1D F1="4.859984" intensity="1.125391e-002" type="0"/>
    <Peak1D F1="4.851732" intensity="3.733443e-003" type="0"/>
    <Peak1D F1="4.847087" intensity="3.511341e-003" type="0"/>
    <Peak1D F1="4.818668" intensity="1.148152e-003" type="0"/>
    <Peak1D F1="4.767520" intensity="9.602125e-003" type="0"/>
    <Peak1D F1="4.735640" intensity="9.914809e-003" type="0"/>
    <Peak1D F1="4.732450" intensity="9.740366e-003" type="0"/>
    <Peak1D F1="4.718197" intensity="1.014649e-002" type="0"/>
    <Peak1D F1="4.687067" intensity="2.035062e-002" type="0"/>
    <Peak1D F1="4.656280" intensity="2.724236e-002" type="0"/>
    <Peak1D F1="4.459796" intensity="7.053571e-001" type="0"/>
    <Peak1D F1="4.333206" intensity="2.484540e-002" type="0"/>
    <Peak1D F1="4.284708" intensity="1.123746e-002" type="0"/>
    <Peak1D F1="4.273027" intensity="1.002106e-002" type="0"/>
    <Peak1D F1="4.253194" intensity="7.301827e-003" type="0"/>
    <Peak1D F1="4.237883" intensity="7.596855e-003" type="0"/>
    <Peak1D F1="4.206689" intensity="9.208098e-003" type="0"/>
    <Peak1D F1="4.188989" intensity="4.037964e-003" type="0"/>
    <Peak1D F1="4.169177" intensity="5.095297e-003" type="0"/>
    <Peak1D F1="4.158764" intensity="1.050579e-002" type="0"/>
    <Peak1D F1="4.136509" intensity="4.495127e-003" type="0"/>
    <Peak1D F1="4.119892" intensity="5.893235e-003" type="0"/>
    <Peak1D F1="4.102944" intensity="3.694358e-003" type="0"/>
    <Peak1D F1="4.086242" intensity="1.930449e-003" type="0"/>
    <Peak1D F1="4.044719" intensity="4.661105e-003" type="0"/>
    <Peak1D F1="4.027735" intensity="7.108922e-003" type="0"/>
    <Peak1D F1="4.010763" intensity="8.966701e-003" type="0"/>
    <Peak1D F1="4.002871" intensity="8.004902e-003" type="0"/>
    <Peak1D F1="3.945177" intensity="5.939540e-003" type="0"/>
    <Peak1D F1="3.929498" intensity="6.417757e-003" type="0"/>
    <Peak1D F1="3.907116" intensity="4.776777e-003" type="0"/>
    <Peak1D F1="3.897406" intensity="4.389283e-003" type="0"/>
    <Peak1D F1="3.860238" intensity="2.994700e-003" type="0"/>
    <Peak1D F1="3.849127" intensity="2.512115e-003" type="0"/>
    <Peak1D F1="3.843056" intensity="2.580478e-003" type="0"/>
    <Peak1D F1="3.831111" intensity="2.234128e-003" type="0"/>
    <Peak1D F1="3.790672" intensity="4.715991e-003" type="0"/>
    <Peak1D F1="3.759096" intensity="3.531550e-003" type="0"/>
    <Peak1D F1="3.741995" intensity="5.010590e-003" type="0"/>
    <Peak1D F1="3.724979" intensity="5.853448e-003" type="0"/>
    <Peak1D F1="3.706022" intensity="5.806666e-003" type="0"/>
    <Peak1D F1="3.599091" intensity="2.791051e-002" type="0"/>
    <Peak1D F1="3.581738" intensity="4.522120e-002" type="0"/>
    <Peak1D F1="3.564253" intensity="3.495571e-002" type="0"/>
    <Peak1D F1="3.483206" intensity="5.779127e-002" type="0"/>
    <Peak1D F1="3.426449" intensity="2.774660e+000" type="0"/>
    <Peak1D F1="3.408935" intensity="5.268902e+000" type="0"/>
    <Peak1D F1="3.391503" intensity="2.908171e+000" type="0"/>
    <Peak1D F1="3.333806" intensity="4.043775e-002" type="0"/>
    <Peak1D F1="3.249147" intensity="2.481993e-002" type="0"/>
    <Peak1D F1="3.231700" intensity="3.751436e-002" type="0"/>
    <Peak1D F1="3.214290" intensity="2.178519e-002" type="0"/>
    <Peak1D F1="3.165083" intensity="1.754935e-003" type="0"/>
    <Peak1D F1="2.809013" intensity="3.580366e-003" type="0"/>
    <Peak1D F1="2.789766" intensity="1.021221e-002" type="0"/>
    <Peak1D F1="2.777292" intensity="1.543615e-002" type="0"/>
    <Peak1D F1="2.770976" intensity="7.509655e-003" type="0"/>
    <Peak1D F1="2.763540" intensity="5.025203e-003" type="0"/>
    <Peak1D F1="2.756796" intensity="2.749984e-002" type="0"/>
    <Peak1D F1="2.745107" intensity="2.152722e-002" type="0"/>
    <Peak1D F1="2.737168" intensity="1.682689e-002" type="0"/>
    <Peak1D F1="2.729306" intensity="4.486349e-002" type="0"/>
    <Peak1D F1="2.713674" intensity="3.032395e-002" type="0"/>
    <Peak1D F1="2.697915" intensity="4.706114e-002" type="0"/>
    <Peak1D F1="2.681826" intensity="5.427277e-002" type="0"/>
    <Peak1D F1="2.666936" intensity="4.157545e-002" type="0"/>
    <Peak1D F1="2.654885" intensity="1.962950e-002" type="0"/>
    <Peak1D F1="2.638900" intensity="3.125577e-002" type="0"/>
    <Peak1D F1="2.614053" intensity="5.037535e-001" type="0"/>
    <Peak1D F1="2.595488" intensity="1.050300e+000" type="0"/>
    <Peak1D F1="2.576941" intensity="6.032436e-001" type="0"/>
    <Peak1D F1="2.560270" intensity="2.148910e-002" type="0"/>
    <Peak1D F1="2.539976" intensity="1.993628e-002" type="0"/>
    <Peak1D F1="2.525741" intensity="1.012880e-001" type="0"/>
    <Peak1D F1="2.521368" intensity="2.008443e-001" type="0"/>
    <Peak1D F1="2.516842" intensity="2.837390e-001" type="0"/>
    <Peak1D F1="2.512453" intensity="2.107760e-001" type="0"/>
    <Peak1D F1="2.508090" intensity="9.715246e-002" type="0"/>
    <Peak1D F1="2.491607" intensity="4.703151e-003" type="0"/>
    <Peak1D F1="2.481437" intensity="4.180506e-003" type="0"/>
    <Peak1D F1="2.471702" intensity="2.781942e-003" type="0"/>
    <Peak1D F1="2.452477" intensity="4.706045e-003" type="0"/>
    <Peak1D F1="2.433952" intensity="1.512129e-002" type="0"/>
    <Peak1D F1="2.415237" intensity="1.334683e-002" type="0"/>
    <Peak1D F1="2.396362" intensity="1.118131e-002" type="0"/>
    <Peak1D F1="2.381767" intensity="1.075673e-002" type="0"/>
    <Peak1D F1="2.362900" intensity="3.493939e-002" type="0"/>
    <Peak1D F1="2.358808" intensity="3.345904e-002" type="0"/>
    <Peak1D F1="2.344546" intensity="6.898654e-002" type="0"/>
    <Peak1D F1="2.342617" intensity="6.903050e-002" type="0"/>
    <Peak1D F1="2.326333" intensity="5.936852e-002" type="0"/>
    <Peak1D F1="2.319510" intensity="4.451795e-002" type="0"/>
    <Peak1D F1="2.314214" intensity="4.444795e-002" type="0"/>
    <Peak1D F1="2.310964" intensity="4.391472e-002" type="0"/>
    <Peak1D F1="2.298507" intensity="3.052331e-002" type="0"/>
    <Peak1D F1="2.288058" intensity="1.266621e-001" type="0"/>
    <Peak1D F1="2.270574" intensity="4.828310e-001" type="0"/>
    <Peak1D F1="2.253245" intensity="8.847514e-001" type="0"/>
    <Peak1D F1="2.236483" intensity="1.212423e+000" type="0"/>
    <Peak1D F1="2.218841" intensity="1.359190e+000" type="0"/>
    <Peak1D F1="2.206620" intensity="2.365100e+000" type="0"/>
    <Peak1D F1="2.188962" intensity="4.645573e+000" type="0"/>
    <Peak1D F1="2.171699" intensity="4.748327e+000" type="0"/>
    <Peak1D F1="2.156259" intensity="4.814177e+000" type="0"/>
    <Peak1D F1="2.153792" intensity="5.157486e+000" type="0"/>
    <Peak1D F1="2.134142" intensity="2.366442e-001" type="0"/>
    <Peak1D F1="2.130150" intensity="2.197054e-001" type="0"/>
    <Peak1D F1="2.119935" intensity="2.244422e-001" type="0"/>
    <Peak1D F1="2.107440" intensity="1.890242e-001" type="0"/>
    <Peak1D F1="2.093055" intensity="2.030790e-001" type="0"/>
    <Peak1D F1="2.089992" intensity="2.194305e-001" type="0"/>
    <Peak1D F1="2.087102" intensity="2.519520e-001" type="0"/>
    <Peak1D F1="2.080307" intensity="1.133715e-001" type="0"/>
    <Peak1D F1="2.059099" intensity="8.806620e-001" type="0"/>
    <Peak1D F1="2.040823" intensity="2.945266e+000" type="0"/>
    <Peak1D F1="2.022444" intensity="4.136295e+000" type="0"/>
    <Peak1D F1="2.004239" intensity="2.789200e+000" type="0"/>
    <Peak1D F1="1.986790" intensity="9.022624e-001" type="0"/>
    <Peak1D F1="1.979895" intensity="4.860034e-001" type="0"/>
    <Peak1D F1="1.960490" intensity="3.406682e+000" type="0"/>
    <Peak1D F1="1.957342" intensity="3.466001e+000" type="0"/>
    <Peak1D F1="1.947905" intensity="1.449363e+001" type="0"/>
    <Peak1D F1="1.931728" intensity="9.936110e-001" type="0"/>
    <Peak1D F1="1.923436" intensity="1.405291e+000" type="0"/>
    <Peak1D F1="1.916573" intensity="7.280585e-001" type="0"/>
    <Peak1D F1="1.905607" intensity="8.225301e-001" type="0"/>
    <Peak1D F1="1.888997" intensity="1.480940e-001" type="0"/>
    <Peak1D F1="1.882565" intensity="2.324502e-001" type="0"/>
    <Peak1D F1="1.867043" intensity="5.916775e-001" type="0"/>
    <Peak1D F1="1.849507" intensity="4.723352e-001" type="0"/>
    <Peak1D F1="1.845301" intensity="3.551622e-001" type="0"/>
    <Peak1D F1="1.834412" intensity="8.559225e-001" type="0"/>
    <Peak1D F1="1.827474" intensity="2.966014e-001" type="0"/>
    <Peak1D F1="1.815303" intensity="7.803050e-001" type="0"/>
    <Peak1D F1="1.812968" intensity="8.429214e-001" type="0"/>
    <Peak1D F1="1.793819" intensity="5.093803e-001" type="0"/>
    <Peak1D F1="1.785074" intensity="1.572743e-001" type="0"/>
    <Peak1D F1="1.775245" intensity="1.082481e-001" type="0"/>
    <Peak1D F1="1.758437" intensity="7.381777e-001" type="0"/>
    <Peak1D F1="1.742525" intensity="7.357556e-001" type="0"/>
    <Peak1D F1="1.734265" intensity="6.254081e-001" type="0"/>
    <Peak1D F1="1.725812" intensity="5.235147e-001" type="0"/>
    <Peak1D F1="1.717630" intensity="6.137440e-001" type="0"/>
    <Peak1D F1="1.705388" intensity="7.217867e-001" type="0"/>
    <Peak1D F1="1.684078" intensity="3.725585e-001" type="0"/>
    <Peak1D F1="1.657493" intensity="3.078720e+000" type="0"/>
    <Peak1D F1="1.642137" intensity="7.639511e+000" type="0"/>
    <Peak1D F1="1.621681" intensity="5.630077e-001" type="0"/>
    <Peak1D F1="1.616092" intensity="2.285908e-001" type="0"/>
    <Peak1D F1="1.603069" intensity="8.453269e-001" type="0"/>
    <Peak1D F1="1.592749" intensity="3.132352e+000" type="0"/>
    <Peak1D F1="1.585174" intensity="1.144024e+000" type="0"/>
    <Peak1D F1="1.569753" intensity="3.242450e+000" type="0"/>
    <Peak1D F1="1.555440" intensity="6.556067e+000" type="0"/>
    <Peak1D F1="1.532600" intensity="2.700328e-001" type="0"/>
    <Peak1D F1="1.517300" intensity="9.481221e-002" type="0"/>
    <Peak1D F1="1.504560" intensity="2.113583e-001" type="0"/>
    <Peak1D F1="1.481572" intensity="1.107027e+001" type="0"/>
    <Peak1D F1="1.448432" intensity="3.987258e-001" type="0"/>
    <Peak1D F1="1.442788" intensity="1.783777e-001" type="0"/>
    <Peak1D F1="1.429410" intensity="5.055169e-001" type="0"/>
    <Peak1D F1="1.422648" intensity="1.704037e-001" type="0"/>
    <Peak1D F1="1.413445" intensity="6.512890e-001" type="0"/>
    <Peak1D F1="1.410992" intensity="6.295053e-001" type="0"/>
    <Peak1D F1="1.395283" intensity="8.038706e-001" type="0"/>
    <Peak1D F1="1.379475" intensity="4.398170e-001" type="0"/>
    <Peak1D F1="1.377023" intensity="5.531353e-001" type="0"/>
    <Peak1D F1="1.361302" intensity="3.613606e-001" type="0"/>
    <Peak1D F1="1.351415" intensity="8.194152e-002" type="0"/>
    <Peak1D F1="1.348349" intensity="8.383650e-002" type="0"/>
    <Peak1D F1="1.342701" intensity="1.784891e-001" type="0"/>
    <Peak1D F1="1.339763" intensity="2.226541e-001" type="0"/>
    <Peak1D F1="1.320261" intensity="9.354992e-002" type="0"/>
    <Peak1D F1="1.305885" intensity="4.134448e-002" type="0"/>
    <Peak1D F1="1.302792" intensity="4.157032e-002" type="0"/>
    <Peak1D F1="1.292636" intensity="3.599518e-002" type="0"/>
    <Peak1D F1="1.288636" intensity="3.837496e-002" type="0"/>
    <Peak1D F1="1.271470" intensity="6.264593e-002" type="0"/>
    <Peak1D F1="1.265154" intensity="6.148324e-002" type="0"/>
    <Peak1D F1="1.250354" intensity="7.186151e-002" type="0"/>
    <Peak1D F1="1.239267" intensity="1.076592e-001" type="0"/>
    <Peak1D F1="1.227605" intensity="5.878988e-001" type="0"/>
    <Peak1D F1="1.223661" intensity="6.821497e-001" type="0"/>
    <Peak1D F1="1.215505" intensity="1.156712e+000" type="0"/>
    <Peak1D F1="1.205465" intensity="2.149384e-001" type="0"/>
    <Peak1D F1="1.195138" intensity="1.078293e-001" type="0"/>
    <Peak1D F1="1.185986" intensity="2.229721e-001" type="0"/>
    <Peak1D F1="1.181190" intensity="1.150878e-001" type="0"/>
    <Peak1D F1="1.167243" intensity="1.539148e-001" type="0"/>
    <Peak1D F1="1.158717" intensity="4.437425e-002" type="0"/>
    <Peak1D F1="1.150703" intensity="6.674775e-002" type="0"/>
    <Peak1D F1="1.146833" intensity="5.116787e-002" type="0"/>
    <Peak1D F1="1.142363" intensity="5.397821e-002" type="0"/>
    <Peak1D F1="1.136500" intensity="7.042415e-002" type="0"/>
    <Peak1D F1="1.116852" intensity="6.173406e-002" type="0"/>
    <Peak1D F1="1.104709" intensity="1.251530e-001" type="0"/>
    <Peak1D F1="1.099714" intensity="8.730842e-002" type="0"/>
    <Peak1D F1="1.090343" intensity="1.001107e-001" type="0"/>
    <Peak1D F1="1.085893" intensity="1.727957e-001" type="0"/>
    <Peak1D F1="1.065808" intensity="6.103767e+000" type="0"/>
    <Peak1D F1="1.048341" intensity="5.966738e+000" type="0"/>
    <Peak1D F1="1.029534" intensity="1.084115e-001" type="0"/>
    <Peak1D F1="1.024701" intensity="1.002534e-001" type="0"/>
    <Peak1D F1="1.010298" intensity="5.789254e-002" type="0"/>
    <Peak1D F1="1.006265" intensity="5.111292e-002" type="0"/>
    <Peak1D F1="1.002806" intensity="4.729789e-002" type="0"/>
    <Peak1D F1="0.990911" intensity="4.887331e-002" type="0"/>
    <Peak1D F1="0.982281" intensity="6.172742e-002" type="0"/>
    <Peak1D F1="0.971748" intensity="6.801558e-002" type="0"/>
    <Peak1D F1="0.949130" intensity="8.121343e+000" type="0"/>
    <Peak1D F1="0.930271" intensity="1.500000e+001" type="0"/>
    <Peak1D F1="0.911463" intensity="8.045436e+000" type="0"/>
    <Peak1D F1="0.888457" intensity="3.066973e+000" type="0"/>
    <Peak1D F1="0.869895" intensity="5.883146e+000" type="0"/>
    <Peak1D F1="0.851309" intensity="2.695143e+000" type="0"/>
    <Peak1D F1="0.823780" intensity="1.524938e-001" type="0"/>
    <Peak1D F1="0.805007" intensity="8.317649e-002" type="0"/>
    <Peak1D F1="0.798739" intensity="6.715369e-002" type="0"/>
    <Peak1D F1="0.789937" intensity="8.071633e-002" type="0"/>
    <Peak1D F1="0.781786" intensity="5.901010e-002" type="0"/>
    <Peak1D F1="0.771175" intensity="1.228021e-001" type="0"/>
    <Peak1D F1="0.764702" intensity="3.662454e-002" type="0"/>
    <Peak1D F1="0.752346" intensity="6.902580e-002" type="0"/>
    <Peak1D F1="0.746133" intensity="2.637800e-002" type="0"/>
    <Peak1D F1="0.730285" intensity="3.507391e-002" type="0"/>
    <Peak1D F1="0.720257" intensity="2.251060e-002" type="0"/>
    <Peak1D F1="0.711763" intensity="4.935692e-002" type="0"/>
    <Peak1D F1="0.704837" intensity="1.925653e-002" type="0"/>
    <Peak1D F1="0.693161" intensity="2.931315e-002" type="0"/>
    <Peak1D F1="0.668044" intensity="1.353248e-002" type="0"/>
    <Peak1D F1="0.646256" intensity="1.205243e-002" type="0"/>
    <Peak1D F1="0.630881" intensity="1.081850e-002" type="0"/>
    <Peak1D F1="0.620458" intensity="1.057921e-002" type="0"/>
    <Peak1D F1="0.604489" intensity="1.690307e-002" type="0"/>
    <Peak1D F1="0.531347" intensity="6.526655e-003" type="0"/>
    <Peak1D F1="0.483187" intensity="5.738366e-003" type="0"/>
    <Peak1D F1="0.465408" intensity="5.642202e-003" type="0"/>
    <Peak1D F1="0.447006" intensity="5.241033e-003" type="0"/>
    <Peak1D F1="0.426490" intensity="4.973430e-003" type="0"/>
    <Peak1D F1="0.385394" intensity="4.186021e-003" type="0"/>
    <Peak1D F1="0.368225" intensity="3.898496e-003" type="0"/>
    <Peak1D F1="0.351647" intensity="3.812945e-003" type="0"/>
    <Peak1D F1="0.330030" intensity="3.664445e-003" type="0"/>
    <Peak1D F1="0.292917" intensity="3.039604e-003" type="0"/>
    <Peak1D F1="0.275323" intensity="3.105036e-003" type="0"/>
    <Peak1D F1="0.251340" intensity="2.881981e-003" type="0"/>
    <Peak1D F1="0.230758" intensity="2.738529e-003" type="0"/>
    <Peak1D F1="0.213827" intensity="2.534745e-003" type="0"/>
    <Peak1D F1="0.194305" intensity="2.384622e-003" type="0"/>
    <Peak1D F1="0.182153" intensity="2.335422e-003" type="0"/>
    <Peak1D F1="0.175504" intensity="2.434085e-003" type="0"/>
    <Peak1D F1="0.159249" intensity="2.188751e-003" type="0"/>
    <Peak1D F1="0.147035" intensity="2.225443e-003" type="0"/>
    <Peak1D F1="0.125261" intensity="2.025390e-003" type="0"/>
    <Peak1D F1="0.108831" intensity="1.881618e-003" type="0"/>
    <Peak1D F1="0.096757" intensity="1.882052e-003" type="0"/>
    <Peak1D F1="0.087409" intensity="1.652988e-003" type="0"/>
    <Peak1D F1="0.075653" intensity="1.675920e-003" type="0"/>
    <Peak1D F1="0.027795" intensity="1.534427e-003" type="0"/>
    <Peak1D F1="0.007951" intensity="5.086606e-003" type="0"/>
    <Peak1D F1="-0.000149" intensity="9.718934e-002" type="0"/>
    <Peak1D F1="-0.008174" intensity="6.092123e-003" type="0"/>
    <Peak1D F1="-0.080722" intensity="1.163376e-003" type="0"/>
    <Peak1D F1="-0.107172" intensity="1.036713e-003" type="0"/>
    <Peak1D F1="-0.121996" intensity="1.099774e-003" type="0"/>
    <Peak1D F1="-0.149771" intensity="1.224271e-003" type="0"/>
  </PeakList1D>
</PeakList>
