<?xml version="1.0" encoding="UTF-8"?>
<PeakList>
  <PeakList1D>
    <PeakList1DHeader creator="root" date="2021-09-30T21:23:06.541+08:00" expNo="1" name="0930YWS" owner="" procNo="1" source="D:/Zhi-Ming Zhang">
      <PeakPickDetails>F1=16.226570ppm, F2=-3.798974ppm, MI=0.00cm, MAXI=10000.00cm, PC=1.000
      </PeakPickDetails>
    </PeakList1DHeader>
    <Peak1D F1="11.743129" intensity="5.260723e-002" type="0"/>
    <Peak1D F1="4.066744" intensity="1.449447e-002" type="0"/>
    <Peak1D F1="4.048878" intensity="2.053778e-002" type="0"/>
    <Peak1D F1="4.031159" intensity="1.233957e-002" type="0"/>
    <Peak1D F1="3.059388" intensity="7.044821e-003" type="0"/>
    <Peak1D F1="2.550898" intensity="1.915716e-001" type="0"/>
    <Peak1D F1="2.293138" intensity="1.181730e-002" type="0"/>
    <Peak1D F1="2.275757" intensity="5.058846e-002" type="0"/>
    <Peak1D F1="2.258533" intensity="9.807842e-002" type="0"/>
    <Peak1D F1="2.247307" intensity="5.957863e-002" type="0"/>
    <Peak1D F1="2.241592" intensity="1.063057e-001" type="0"/>
    <Peak1D F1="2.229740" intensity="6.256327e-002" type="0"/>
    <Peak1D F1="2.224367" intensity="6.411990e-002" type="0"/>
    <Peak1D F1="2.206815" intensity="1.937174e-002" type="0"/>
    <Peak1D F1="2.153592" intensity="3.580390e-002" type="0"/>
    <Peak1D F1="2.135966" intensity="4.896969e-002" type="0"/>
    <Peak1D F1="2.090991" intensity="4.690653e+000" type="0"/>
    <Peak1D F1="2.073553" intensity="7.554740e+000" type="0"/>
    <Peak1D F1="2.037284" intensity="3.522847e-001" type="0"/>
    <Peak1D F1="2.021342" intensity="8.518280e-001" type="0"/>
    <Peak1D F1="2.005027" intensity="1.386994e+000" type="0"/>
    <Peak1D F1="1.988397" intensity="1.518415e+000" type="0"/>
    <Peak1D F1="1.970979" intensity="1.157854e+000" type="0"/>
    <Peak1D F1="1.953554" intensity="6.469578e-001" type="0"/>
    <Peak1D F1="1.936878" intensity="2.215923e-001" type="0"/>
    <Peak1D F1="1.929663" intensity="8.830323e-002" type="0"/>
    <Peak1D F1="1.920312" intensity="4.955968e-002" type="0"/>
    <Peak1D F1="1.913203" intensity="4.232876e-002" type="0"/>
    <Peak1D F1="1.842018" intensity="1.393854e-002" type="0"/>
    <Peak1D F1="1.825000" intensity="1.469911e-002" type="0"/>
    <Peak1D F1="1.808024" intensity="1.216513e-002" type="0"/>
    <Peak1D F1="1.642507" intensity="1.378770e-002" type="0"/>
    <Peak1D F1="1.624019" intensity="4.366412e-002" type="0"/>
    <Peak1D F1="1.605533" intensity="6.849854e-002" type="0"/>
    <Peak1D F1="1.590103" intensity="7.201496e-002" type="0"/>
    <Peak1D F1="1.571792" intensity="9.408469e-002" type="0"/>
    <Peak1D F1="1.553339" intensity="6.305981e-002" type="0"/>
    <Peak1D F1="1.534864" intensity="1.861291e-002" type="0"/>
    <Peak1D F1="1.480552" intensity="1.178461e-002" type="0"/>
    <Peak1D F1="1.452710" intensity="1.617762e-002" type="0"/>
    <Peak1D F1="1.434124" intensity="5.089318e-002" type="0"/>
    <Peak1D F1="1.417836" intensity="7.013510e-002" type="0"/>
    <Peak1D F1="1.399952" intensity="8.338488e-002" type="0"/>
    <Peak1D F1="1.381936" intensity="5.864850e-002" type="0"/>
    <Peak1D F1="1.365887" intensity="3.838775e-002" type="0"/>
    <Peak1D F1="1.347686" intensity="1.399823e-002" type="0"/>
    <Peak1D F1="1.205851" intensity="2.003385e-002" type="0"/>
    <Peak1D F1="1.187962" intensity="3.273330e-002" type="0"/>
    <Peak1D F1="1.170192" intensity="1.908519e-002" type="0"/>
    <Peak1D F1="1.156349" intensity="1.689016e-002" type="0"/>
    <Peak1D F1="1.124894" intensity="2.219254e-002" type="0"/>
    <Peak1D F1="1.080080" intensity="1.705982e-001" type="0"/>
    <Peak1D F1="1.068231" intensity="6.939751e-001" type="0"/>
    <Peak1D F1="1.050806" intensity="6.552420e-001" type="0"/>
    <Peak1D F1="0.925273" intensity="1.405729e+001" type="0"/>
    <Peak1D F1="0.908481" intensity="1.500000e+001" type="0"/>
    <Peak1D F1="0.889880" intensity="1.013082e+000" type="0"/>
    <Peak1D F1="0.871093" intensity="8.930400e-001" type="0"/>
    <Peak1D F1="0.852558" intensity="4.149572e-001" type="0"/>
    <Peak1D F1="0.767894" intensity="1.626500e-001" type="0"/>
    <Peak1D F1="0.751655" intensity="1.531911e-001" type="0"/>
    <Peak1D F1="-0.000152" intensity="4.551699e-002" type="0"/>
  </PeakList1D>
</PeakList>
