<?xml version="1.0" encoding="UTF-8"?>
<PeakList>
  <PeakList1D>
    <PeakList1DHeader creator="root" date="2021-09-30T14:30:37.419+08:00" expNo="1" name="0930XMQ" owner="" procNo="1" source="D:/Zhi-Ming Zhang">
      <PeakPickDetails>F1=16.187401ppm, F2=-3.838142ppm, MI=0.00cm, MAXI=10000.00cm, PC=1.000
      </PeakPickDetails>
    </PeakList1DHeader>
    <Peak1D F1="9.884008" intensity="2.944173e-002" type="0"/>
    <Peak1D F1="9.693240" intensity="2.960707e-001" type="0"/>
    <Peak1D F1="9.688217" intensity="5.057448e-001" type="0"/>
    <Peak1D F1="9.679351" intensity="2.747966e+000" type="0"/>
    <Peak1D F1="9.673878" intensity="4.456076e+000" type="0"/>
    <Peak1D F1="9.668733" intensity="2.813322e+000" type="0"/>
    <Peak1D F1="9.571603" intensity="7.322550e-002" type="0"/>
    <Peak1D F1="9.567520" intensity="7.463089e-002" type="0"/>
    <Peak1D F1="9.456721" intensity="2.693903e-002" type="0"/>
    <Peak1D F1="6.355387" intensity="2.035679e-002" type="0"/>
    <Peak1D F1="6.127687" intensity="5.604815e-002" type="0"/>
    <Peak1D F1="5.884480" intensity="7.240634e-002" type="0"/>
    <Peak1D F1="5.857754" intensity="7.860864e-002" type="0"/>
    <Peak1D F1="5.841200" intensity="8.341406e-002" type="0"/>
    <Peak1D F1="5.814471" intensity="8.630236e-002" type="0"/>
    <Peak1D F1="5.581402" intensity="1.825182e-002" type="0"/>
    <Peak1D F1="5.167940" intensity="1.316049e-001" type="0"/>
    <Peak1D F1="5.162845" intensity="1.374825e-001" type="0"/>
    <Peak1D F1="5.124589" intensity="1.631374e-001" type="0"/>
    <Peak1D F1="5.119513" intensity="1.772998e-001" type="0"/>
    <Peak1D F1="5.100359" intensity="1.176222e+000" type="0"/>
    <Peak1D F1="5.097032" intensity="1.087124e+000" type="0"/>
    <Peak1D F1="5.085786" intensity="1.898073e+000" type="0"/>
    <Peak1D F1="5.082536" intensity="2.308656e+000" type="0"/>
    <Peak1D F1="5.079302" intensity="2.007596e+000" type="0"/>
    <Peak1D F1="5.068213" intensity="1.263240e+000" type="0"/>
    <Peak1D F1="5.064816" intensity="1.382536e+000" type="0"/>
    <Peak1D F1="4.942890" intensity="1.017232e-001" type="0"/>
    <Peak1D F1="4.937825" intensity="1.002788e-001" type="0"/>
    <Peak1D F1="4.916148" intensity="1.002194e-001" type="0"/>
    <Peak1D F1="4.911100" intensity="1.012622e-001" type="0"/>
    <Peak1D F1="4.727442" intensity="1.228436e-001" type="0"/>
    <Peak1D F1="4.697869" intensity="6.939046e-001" type="0"/>
    <Peak1D F1="4.654280" intensity="1.169705e-001" type="0"/>
    <Peak1D F1="4.354487" intensity="4.777672e-002" type="0"/>
    <Peak1D F1="4.093047" intensity="8.454002e-002" type="0"/>
    <Peak1D F1="3.936546" intensity="7.069054e-002" type="0"/>
    <Peak1D F1="3.869343" intensity="6.366818e-002" type="0"/>
    <Peak1D F1="3.843489" intensity="3.745843e-002" type="0"/>
    <Peak1D F1="3.770116" intensity="2.636234e-002" type="0"/>
    <Peak1D F1="3.751916" intensity="4.055171e-002" type="0"/>
    <Peak1D F1="3.726133" intensity="3.318997e-002" type="0"/>
    <Peak1D F1="3.301577" intensity="2.091101e-001" type="0"/>
    <Peak1D F1="2.645657" intensity="1.475179e-001" type="0"/>
    <Peak1D F1="2.630347" intensity="3.181499e-001" type="0"/>
    <Peak1D F1="2.615656" intensity="1.914311e-001" type="0"/>
    <Peak1D F1="2.515624" intensity="3.534896e-001" type="0"/>
    <Peak1D F1="2.511140" intensity="4.825571e-001" type="0"/>
    <Peak1D F1="2.506666" intensity="3.609268e-001" type="0"/>
    <Peak1D F1="2.450511" intensity="1.041165e-001" type="0"/>
    <Peak1D F1="2.440667" intensity="8.483907e-002" type="0"/>
    <Peak1D F1="2.425608" intensity="9.825092e-001" type="0"/>
    <Peak1D F1="2.421069" intensity="1.040969e+000" type="0"/>
    <Peak1D F1="2.411649" intensity="1.134067e+000" type="0"/>
    <Peak1D F1="2.407159" intensity="1.141710e+000" type="0"/>
    <Peak1D F1="2.395286" intensity="1.640838e-001" type="0"/>
    <Peak1D F1="2.385008" intensity="1.488092e+000" type="0"/>
    <Peak1D F1="2.380450" intensity="1.528557e+000" type="0"/>
    <Peak1D F1="2.371040" intensity="1.623781e+000" type="0"/>
    <Peak1D F1="2.366488" intensity="1.606403e+000" type="0"/>
    <Peak1D F1="2.341615" intensity="3.668694e-002" type="0"/>
    <Peak1D F1="2.327977" intensity="2.672475e-002" type="0"/>
    <Peak1D F1="2.284002" intensity="1.060526e-001" type="0"/>
    <Peak1D F1="2.278354" intensity="1.170104e-001" type="0"/>
    <Peak1D F1="2.273918" intensity="1.286236e-001" type="0"/>
    <Peak1D F1="2.264910" intensity="1.595744e-001" type="0"/>
    <Peak1D F1="2.259037" intensity="1.717780e-001" type="0"/>
    <Peak1D F1="2.246719" intensity="1.618740e+000" type="0"/>
    <Peak1D F1="2.240714" intensity="1.646774e+000" type="0"/>
    <Peak1D F1="2.227113" intensity="1.889010e+000" type="0"/>
    <Peak1D F1="2.221109" intensity="1.947478e+000" type="0"/>
    <Peak1D F1="2.206096" intensity="1.060556e+000" type="0"/>
    <Peak1D F1="2.200081" intensity="1.030884e+000" type="0"/>
    <Peak1D F1="2.186486" intensity="1.272119e+000" type="0"/>
    <Peak1D F1="2.180533" intensity="1.381402e+000" type="0"/>
    <Peak1D F1="2.111675" intensity="5.234428e-002" type="0"/>
    <Peak1D F1="2.088793" intensity="3.891538e-001" type="0"/>
    <Peak1D F1="2.085776" intensity="4.075420e-001" type="0"/>
    <Peak1D F1="2.060304" intensity="2.464006e-001" type="0"/>
    <Peak1D F1="2.043207" intensity="5.308402e-001" type="0"/>
    <Peak1D F1="2.024682" intensity="1.062320e+000" type="0"/>
    <Peak1D F1="2.009332" intensity="1.639303e+000" type="0"/>
    <Peak1D F1="2.001814" intensity="1.414996e+000" type="0"/>
    <Peak1D F1="1.992351" intensity="2.178415e+000" type="0"/>
    <Peak1D F1="1.973380" intensity="2.587700e+000" type="0"/>
    <Peak1D F1="1.964972" intensity="2.461537e+000" type="0"/>
    <Peak1D F1="1.951723" intensity="2.090845e+000" type="0"/>
    <Peak1D F1="1.933404" intensity="1.175990e+000" type="0"/>
    <Peak1D F1="1.915227" intensity="5.567470e-001" type="0"/>
    <Peak1D F1="1.895130" intensity="3.571576e-001" type="0"/>
    <Peak1D F1="1.883639" intensity="2.986724e-001" type="0"/>
    <Peak1D F1="1.863375" intensity="2.457582e-001" type="0"/>
    <Peak1D F1="1.848529" intensity="2.768106e-001" type="0"/>
    <Peak1D F1="1.827104" intensity="2.433831e-001" type="0"/>
    <Peak1D F1="1.817574" intensity="2.395095e-001" type="0"/>
    <Peak1D F1="1.802585" intensity="2.984568e-001" type="0"/>
    <Peak1D F1="1.795385" intensity="2.912982e-001" type="0"/>
    <Peak1D F1="1.786696" intensity="2.350156e-001" type="0"/>
    <Peak1D F1="1.770536" intensity="2.807170e-001" type="0"/>
    <Peak1D F1="1.762224" intensity="2.601417e-001" type="0"/>
    <Peak1D F1="1.734785" intensity="7.438771e-001" type="0"/>
    <Peak1D F1="1.705896" intensity="3.189099e-001" type="0"/>
    <Peak1D F1="1.700283" intensity="3.270779e-001" type="0"/>
    <Peak1D F1="1.678083" intensity="1.674457e+000" type="0"/>
    <Peak1D F1="1.651584" intensity="1.326168e+001" type="0"/>
    <Peak1D F1="1.575165" intensity="1.500000e+001" type="0"/>
    <Peak1D F1="1.539216" intensity="4.144881e-001" type="0"/>
    <Peak1D F1="1.521785" intensity="3.460848e-001" type="0"/>
    <Peak1D F1="1.514079" intensity="3.774021e-001" type="0"/>
    <Peak1D F1="1.505674" intensity="3.897531e-001" type="0"/>
    <Peak1D F1="1.497126" intensity="4.439915e-001" type="0"/>
    <Peak1D F1="1.483714" intensity="4.914014e-001" type="0"/>
    <Peak1D F1="1.467410" intensity="4.773916e-001" type="0"/>
    <Peak1D F1="1.450598" intensity="3.995821e-001" type="0"/>
    <Peak1D F1="1.435561" intensity="3.290401e-001" type="0"/>
    <Peak1D F1="1.428907" intensity="3.454773e-001" type="0"/>
    <Peak1D F1="1.420247" intensity="4.556742e-001" type="0"/>
    <Peak1D F1="1.411284" intensity="4.177549e-001" type="0"/>
    <Peak1D F1="1.403551" intensity="4.161932e-001" type="0"/>
    <Peak1D F1="1.388469" intensity="4.198196e-001" type="0"/>
    <Peak1D F1="1.372618" intensity="4.136121e-001" type="0"/>
    <Peak1D F1="1.365561" intensity="7.611401e-001" type="0"/>
    <Peak1D F1="1.349372" intensity="1.049771e+000" type="0"/>
    <Peak1D F1="1.342747" intensity="8.289711e-001" type="0"/>
    <Peak1D F1="1.332354" intensity="1.437176e+000" type="0"/>
    <Peak1D F1="1.327305" intensity="1.095851e+000" type="0"/>
    <Peak1D F1="1.315221" intensity="1.571304e+000" type="0"/>
    <Peak1D F1="1.310149" intensity="1.563583e+000" type="0"/>
    <Peak1D F1="1.300102" intensity="1.284354e+000" type="0"/>
    <Peak1D F1="1.293266" intensity="1.411960e+000" type="0"/>
    <Peak1D F1="1.277759" intensity="1.124904e+000" type="0"/>
    <Peak1D F1="1.266863" intensity="4.661656e-001" type="0"/>
    <Peak1D F1="1.253021" intensity="1.094422e+000" type="0"/>
    <Peak1D F1="1.229124" intensity="3.030773e+000" type="0"/>
    <Peak1D F1="1.214957" intensity="1.690394e+000" type="0"/>
    <Peak1D F1="1.201714" intensity="2.585553e+000" type="0"/>
    <Peak1D F1="1.196648" intensity="1.732346e+000" type="0"/>
    <Peak1D F1="1.181410" intensity="9.028330e-001" type="0"/>
    <Peak1D F1="1.178837" intensity="8.774503e-001" type="0"/>
    <Peak1D F1="1.162075" intensity="7.279209e-001" type="0"/>
    <Peak1D F1="1.156816" intensity="1.092251e+000" type="0"/>
    <Peak1D F1="1.133690" intensity="8.453456e-001" type="0"/>
    <Peak1D F1="1.123795" intensity="1.347521e+000" type="0"/>
    <Peak1D F1="1.115687" intensity="6.012262e-001" type="0"/>
    <Peak1D F1="1.086075" intensity="2.872063e-001" type="0"/>
    <Peak1D F1="1.073400" intensity="3.414597e-001" type="0"/>
    <Peak1D F1="1.056088" intensity="3.520849e-001" type="0"/>
    <Peak1D F1="1.043613" intensity="2.997340e-001" type="0"/>
    <Peak1D F1="1.029692" intensity="3.593041e-001" type="0"/>
    <Peak1D F1="1.012308" intensity="3.955480e-001" type="0"/>
    <Peak1D F1="0.996072" intensity="2.318550e-001" type="0"/>
    <Peak1D F1="0.978571" intensity="6.368642e-001" type="0"/>
    <Peak1D F1="0.962294" intensity="6.785951e-001" type="0"/>
    <Peak1D F1="0.946070" intensity="6.737948e-001" type="0"/>
    <Peak1D F1="0.934811" intensity="1.249531e+000" type="0"/>
    <Peak1D F1="0.931624" intensity="1.403291e+000" type="0"/>
    <Peak1D F1="0.918604" intensity="1.331240e+001" type="0"/>
    <Peak1D F1="0.901839" intensity="1.321821e+001" type="0"/>
    <Peak1D F1="0.887423" intensity="1.831257e+000" type="0"/>
    <Peak1D F1="0.878152" intensity="2.301818e+000" type="0"/>
    <Peak1D F1="0.873301" intensity="1.742924e+000" type="0"/>
    <Peak1D F1="0.865262" intensity="1.220531e+000" type="0"/>
    <Peak1D F1="0.856673" intensity="1.202513e+000" type="0"/>
    <Peak1D F1="0.840792" intensity="7.992181e-001" type="0"/>
    <Peak1D F1="0.824455" intensity="5.828151e-001" type="0"/>
    <Peak1D F1="0.815860" intensity="4.745006e-001" type="0"/>
    <Peak1D F1="0.799492" intensity="4.290315e-001" type="0"/>
    <Peak1D F1="0.784252" intensity="2.185605e-001" type="0"/>
    <Peak1D F1="0.760618" intensity="1.353566e-001" type="0"/>
    <Peak1D F1="0.743923" intensity="1.212440e-001" type="0"/>
    <Peak1D F1="-0.000153" intensity="1.170957e-001" type="0"/>
  </PeakList1D>
</PeakList>
