<?xml version="1.0" encoding="UTF-8"?>
<PeakList>
  <PeakList1D>
    <PeakList1DHeader creator="root" date="2021-09-29T10:13:45.784+08:00" expNo="1" name="0929zllt-bec" owner="" procNo="1" source="D:/Zhi-Ming Zhang">
      <PeakPickDetails>F1=16.221350ppm, F2=-3.804194ppm, MI=0.00cm, MAXI=10000.00cm, PC=1.000
      </PeakPickDetails>
    </PeakList1DHeader>
    <Peak1D F1="16.220329" intensity="1.201967e-002" type="0"/>
    <Peak1D F1="11.398908" intensity="1.194273e-002" type="0"/>
    <Peak1D F1="11.312176" intensity="1.124006e-002" type="0"/>
    <Peak1D F1="11.074538" intensity="6.788861e-003" type="0"/>
    <Peak1D F1="10.228050" intensity="2.873370e-002" type="0"/>
    <Peak1D F1="10.207765" intensity="2.915925e-002" type="0"/>
    <Peak1D F1="8.121026" intensity="2.905008e-002" type="0"/>
    <Peak1D F1="7.260664" intensity="5.774011e-001" type="0"/>
    <Peak1D F1="7.219453" intensity="6.223893e-001" type="0"/>
    <Peak1D F1="7.173867" intensity="1.661126e-002" type="0"/>
    <Peak1D F1="7.147134" intensity="1.007606e-002" type="0"/>
    <Peak1D F1="7.068072" intensity="1.489129e-001" type="0"/>
    <Peak1D F1="7.028575" intensity="1.613235e-001" type="0"/>
    <Peak1D F1="6.933141" intensity="1.604527e-002" type="0"/>
    <Peak1D F1="6.766201" intensity="8.174424e-003" type="0"/>
    <Peak1D F1="6.725330" intensity="9.562536e-003" type="0"/>
    <Peak1D F1="6.356657" intensity="7.226848e-003" type="0"/>
    <Peak1D F1="6.178733" intensity="1.562575e-002" type="0"/>
    <Peak1D F1="6.137178" intensity="1.618121e-002" type="0"/>
    <Peak1D F1="6.096379" intensity="1.612053e-001" type="0"/>
    <Peak1D F1="6.077301" intensity="1.179199e+000" type="0"/>
    <Peak1D F1="6.056898" intensity="1.542433e-001" type="0"/>
    <Peak1D F1="6.036184" intensity="1.105598e+000" type="0"/>
    <Peak1D F1="5.870585" intensity="2.646458e-002" type="0"/>
    <Peak1D F1="5.850336" intensity="2.534932e-002" type="0"/>
    <Peak1D F1="4.449418" intensity="1.262560e+000" type="0"/>
    <Peak1D F1="3.857417" intensity="1.900377e-002" type="0"/>
    <Peak1D F1="3.806544" intensity="2.493996e-002" type="0"/>
    <Peak1D F1="3.792553" intensity="2.686455e-002" type="0"/>
    <Peak1D F1="3.777224" intensity="2.205915e-002" type="0"/>
    <Peak1D F1="3.664588" intensity="3.570226e-001" type="0"/>
    <Peak1D F1="3.649094" intensity="1.409429e+000" type="0"/>
    <Peak1D F1="3.633766" intensity="2.464673e+000" type="0"/>
    <Peak1D F1="3.619824" intensity="2.654018e+000" type="0"/>
    <Peak1D F1="3.604452" intensity="1.629345e+000" type="0"/>
    <Peak1D F1="3.589006" intensity="4.293884e-001" type="0"/>
    <Peak1D F1="3.489370" intensity="1.903467e-002" type="0"/>
    <Peak1D F1="3.462762" intensity="3.034479e-002" type="0"/>
    <Peak1D F1="3.447612" intensity="2.867485e-002" type="0"/>
    <Peak1D F1="3.426392" intensity="3.487972e-002" type="0"/>
    <Peak1D F1="3.412788" intensity="2.846529e-002" type="0"/>
    <Peak1D F1="3.399562" intensity="1.725672e-002" type="0"/>
    <Peak1D F1="3.317952" intensity="1.648138e+000" type="0"/>
    <Peak1D F1="3.302679" intensity="1.553233e+000" type="0"/>
    <Peak1D F1="3.291252" intensity="3.701411e+000" type="0"/>
    <Peak1D F1="3.275971" intensity="3.509255e+000" type="0"/>
    <Peak1D F1="3.255194" intensity="3.601259e+000" type="0"/>
    <Peak1D F1="3.241904" intensity="3.483146e+000" type="0"/>
    <Peak1D F1="3.228538" intensity="1.711461e+000" type="0"/>
    <Peak1D F1="3.215259" intensity="1.501727e+000" type="0"/>
    <Peak1D F1="3.168290" intensity="3.661013e-002" type="0"/>
    <Peak1D F1="3.115164" intensity="2.659366e-002" type="0"/>
    <Peak1D F1="3.099807" intensity="2.718289e-002" type="0"/>
    <Peak1D F1="3.079785" intensity="2.391148e-002" type="0"/>
    <Peak1D F1="3.066613" intensity="2.430643e-002" type="0"/>
    <Peak1D F1="3.039727" intensity="1.348261e-002" type="0"/>
    <Peak1D F1="2.545703" intensity="1.158135e-001" type="0"/>
    <Peak1D F1="2.489830" intensity="1.124061e-002" type="0"/>
    <Peak1D F1="2.473296" intensity="1.661220e-002" type="0"/>
    <Peak1D F1="2.455624" intensity="1.210778e-002" type="0"/>
    <Peak1D F1="2.413182" intensity="5.598268e-002" type="0"/>
    <Peak1D F1="2.387540" intensity="2.244302e-002" type="0"/>
    <Peak1D F1="2.335342" intensity="1.063788e-001" type="0"/>
    <Peak1D F1="2.293112" intensity="6.861605e-002" type="0"/>
    <Peak1D F1="2.278601" intensity="1.711647e-001" type="0"/>
    <Peak1D F1="2.269800" intensity="3.176557e-001" type="0"/>
    <Peak1D F1="2.255936" intensity="7.908141e+000" type="0"/>
    <Peak1D F1="2.210804" intensity="9.812040e-002" type="0"/>
    <Peak1D F1="2.141739" intensity="2.629460e-002" type="0"/>
    <Peak1D F1="2.131217" intensity="3.301569e-002" type="0"/>
    <Peak1D F1="2.095516" intensity="1.071866e-001" type="0"/>
    <Peak1D F1="2.080997" intensity="5.834556e-001" type="0"/>
    <Peak1D F1="2.065448" intensity="1.184230e+000" type="0"/>
    <Peak1D F1="2.050092" intensity="6.463299e-001" type="0"/>
    <Peak1D F1="1.958057" intensity="2.350078e-002" type="0"/>
    <Peak1D F1="1.925017" intensity="3.357548e-001" type="0"/>
    <Peak1D F1="1.900568" intensity="5.110081e-002" type="0"/>
    <Peak1D F1="1.867560" intensity="2.950890e-002" type="0"/>
    <Peak1D F1="1.849786" intensity="4.051007e-002" type="0"/>
    <Peak1D F1="1.829167" intensity="5.373184e-002" type="0"/>
    <Peak1D F1="1.810055" intensity="1.396130e-001" type="0"/>
    <Peak1D F1="1.790853" intensity="2.089017e-001" type="0"/>
    <Peak1D F1="1.778076" intensity="8.119986e-002" type="0"/>
    <Peak1D F1="1.744577" intensity="4.520454e+000" type="0"/>
    <Peak1D F1="1.720446" intensity="1.156436e-001" type="0"/>
    <Peak1D F1="1.627727" intensity="3.921241e-001" type="0"/>
    <Peak1D F1="1.612595" intensity="6.035794e-001" type="0"/>
    <Peak1D F1="1.604134" intensity="5.881426e-001" type="0"/>
    <Peak1D F1="1.597969" intensity="8.383771e-001" type="0"/>
    <Peak1D F1="1.588833" intensity="6.114474e-001" type="0"/>
    <Peak1D F1="1.582713" intensity="8.006493e-001" type="0"/>
    <Peak1D F1="1.573409" intensity="2.729230e-001" type="0"/>
    <Peak1D F1="1.567043" intensity="3.205428e-001" type="0"/>
    <Peak1D F1="1.548210" intensity="6.743422e-002" type="0"/>
    <Peak1D F1="1.528787" intensity="7.146516e-002" type="0"/>
    <Peak1D F1="1.504593" intensity="4.901791e-002" type="0"/>
    <Peak1D F1="1.477912" intensity="1.182823e+000" type="0"/>
    <Peak1D F1="1.471559" intensity="8.184065e-001" type="0"/>
    <Peak1D F1="1.462720" intensity="8.599107e-001" type="0"/>
    <Peak1D F1="1.456805" intensity="7.292145e-001" type="0"/>
    <Peak1D F1="1.448549" intensity="7.588689e-001" type="0"/>
    <Peak1D F1="1.422073" intensity="8.052627e-002" type="0"/>
    <Peak1D F1="1.404682" intensity="1.251641e-001" type="0"/>
    <Peak1D F1="1.398247" intensity="1.212415e-001" type="0"/>
    <Peak1D F1="1.381771" intensity="1.496522e-001" type="0"/>
    <Peak1D F1="1.306050" intensity="3.882601e-002" type="0"/>
    <Peak1D F1="1.235175" intensity="8.700845e-002" type="0"/>
    <Peak1D F1="1.211445" intensity="1.036823e-001" type="0"/>
    <Peak1D F1="1.205536" intensity="7.372196e-002" type="0"/>
    <Peak1D F1="1.194887" intensity="1.635237e-001" type="0"/>
    <Peak1D F1="1.179137" intensity="1.574364e-001" type="0"/>
    <Peak1D F1="1.170633" intensity="1.972827e-001" type="0"/>
    <Peak1D F1="1.137148" intensity="7.133096e-001" type="0"/>
    <Peak1D F1="1.106875" intensity="1.023317e+000" type="0"/>
    <Peak1D F1="1.082294" intensity="3.645759e-001" type="0"/>
    <Peak1D F1="1.056490" intensity="1.089649e+001" type="0"/>
    <Peak1D F1="1.040048" intensity="1.453688e+001" type="0"/>
    <Peak1D F1="1.024237" intensity="1.500000e+001" type="0"/>
    <Peak1D F1="0.898333" intensity="1.241489e-001" type="0"/>
    <Peak1D F1="0.882040" intensity="1.826932e-001" type="0"/>
    <Peak1D F1="0.874540" intensity="7.289206e-001" type="0"/>
    <Peak1D F1="0.866706" intensity="1.887239e-001" type="0"/>
    <Peak1D F1="0.856836" intensity="6.545077e-002" type="0"/>
    <Peak1D F1="0.846243" intensity="5.766163e-002" type="0"/>
    <Peak1D F1="0.833674" intensity="8.039793e-002" type="0"/>
    <Peak1D F1="0.804576" intensity="4.107581e-002" type="0"/>
    <Peak1D F1="0.780305" intensity="3.093887e-002" type="0"/>
    <Peak1D F1="0.717689" intensity="3.893778e-002" type="0"/>
    <Peak1D F1="0.591741" intensity="1.221284e-002" type="0"/>
    <Peak1D F1="-0.000155" intensity="5.152082e-002" type="0"/>
  </PeakList1D>
</PeakList>
