<?xml version="1.0" encoding="UTF-8"?>
<PeakList>
  <PeakList1D>
    <PeakList1DHeader creator="root" date="2021-09-25T19:12:33.556+08:00" expNo="1" name="0925xj9" owner="" procNo="1" source="D:/Zhi-Ming Zhang">
      <PeakPickDetails>F1=16.203520ppm, F2=-3.822023ppm, MI=0.00cm, MAXI=10000.00cm, PC=1.000
      </PeakPickDetails>
    </PeakList1DHeader>
    <Peak1D F1="9.725600" intensity="2.868633e-002" type="0"/>
    <Peak1D F1="9.545479" intensity="3.509139e-002" type="0"/>
    <Peak1D F1="9.505121" intensity="4.779729e+000" type="0"/>
    <Peak1D F1="9.463547" intensity="3.203624e-002" type="0"/>
    <Peak1D F1="9.278801" intensity="2.893068e-002" type="0"/>
    <Peak1D F1="8.148473" intensity="1.793935e-002" type="0"/>
    <Peak1D F1="7.653986" intensity="9.821320e-003" type="0"/>
    <Peak1D F1="7.645232" intensity="1.003475e-002" type="0"/>
    <Peak1D F1="7.434802" intensity="1.720958e+000" type="0"/>
    <Peak1D F1="7.426119" intensity="1.777387e+000" type="0"/>
    <Peak1D F1="7.211049" intensity="1.011795e-002" type="0"/>
    <Peak1D F1="7.202508" intensity="1.030278e-002" type="0"/>
    <Peak1D F1="7.087572" intensity="2.434398e-002" type="0"/>
    <Peak1D F1="7.076432" intensity="2.365396e-002" type="0"/>
    <Peak1D F1="6.700148" intensity="6.116306e-003" type="0"/>
    <Peak1D F1="6.656572" intensity="1.030425e-002" type="0"/>
    <Peak1D F1="6.436337" intensity="1.420622e+000" type="0"/>
    <Peak1D F1="6.434283" intensity="1.432633e+000" type="0"/>
    <Peak1D F1="6.427632" intensity="1.453870e+000" type="0"/>
    <Peak1D F1="6.425585" intensity="1.414734e+000" type="0"/>
    <Peak1D F1="6.321428" intensity="1.359923e-002" type="0"/>
    <Peak1D F1="6.281506" intensity="1.150310e-002" type="0"/>
    <Peak1D F1="6.203477" intensity="8.509904e-003" type="0"/>
    <Peak1D F1="5.459512" intensity="1.269287e-002" type="0"/>
    <Peak1D F1="5.444070" intensity="2.460170e-002" type="0"/>
    <Peak1D F1="5.421380" intensity="2.344479e-002" type="0"/>
    <Peak1D F1="5.405847" intensity="4.752477e-002" type="0"/>
    <Peak1D F1="5.390586" intensity="2.769908e-002" type="0"/>
    <Peak1D F1="5.353247" intensity="1.105883e-001" type="0"/>
    <Peak1D F1="5.349261" intensity="1.945107e-001" type="0"/>
    <Peak1D F1="5.345272" intensity="1.200514e-001" type="0"/>
    <Peak1D F1="5.335289" intensity="2.232429e-001" type="0"/>
    <Peak1D F1="5.331294" intensity="3.897753e-001" type="0"/>
    <Peak1D F1="5.327187" intensity="3.549967e-001" type="0"/>
    <Peak1D F1="5.322752" intensity="3.300912e-001" type="0"/>
    <Peak1D F1="5.318287" intensity="2.543486e-001" type="0"/>
    <Peak1D F1="5.313380" intensity="2.411355e-001" type="0"/>
    <Peak1D F1="5.308917" intensity="3.921986e-001" type="0"/>
    <Peak1D F1="5.304754" intensity="5.843113e-001" type="0"/>
    <Peak1D F1="5.300977" intensity="3.453300e-001" type="0"/>
    <Peak1D F1="5.290607" intensity="1.786907e-001" type="0"/>
    <Peak1D F1="5.286853" intensity="3.210733e-001" type="0"/>
    <Peak1D F1="5.283338" intensity="1.936957e-001" type="0"/>
    <Peak1D F1="5.229329" intensity="1.814721e-001" type="0"/>
    <Peak1D F1="5.226077" intensity="3.057681e-001" type="0"/>
    <Peak1D F1="5.222596" intensity="1.861966e-001" type="0"/>
    <Peak1D F1="5.211545" intensity="3.490385e-001" type="0"/>
    <Peak1D F1="5.208010" intensity="5.971131e-001" type="0"/>
    <Peak1D F1="5.204169" intensity="3.879367e-001" type="0"/>
    <Peak1D F1="5.199570" intensity="2.334641e-001" type="0"/>
    <Peak1D F1="5.193816" intensity="2.216255e-001" type="0"/>
    <Peak1D F1="5.189864" intensity="3.168970e-001" type="0"/>
    <Peak1D F1="5.185445" intensity="3.360675e-001" type="0"/>
    <Peak1D F1="5.181434" intensity="4.130803e-001" type="0"/>
    <Peak1D F1="5.177769" intensity="2.422990e-001" type="0"/>
    <Peak1D F1="5.166912" intensity="1.201738e-001" type="0"/>
    <Peak1D F1="5.163293" intensity="2.044690e-001" type="0"/>
    <Peak1D F1="5.159601" intensity="1.192524e-001" type="0"/>
    <Peak1D F1="5.080251" intensity="8.335144e-003" type="0"/>
    <Peak1D F1="5.033533" intensity="1.061697e-002" type="0"/>
    <Peak1D F1="5.004453" intensity="9.924704e-003" type="0"/>
    <Peak1D F1="4.760498" intensity="2.934168e-002" type="0"/>
    <Peak1D F1="4.683693" intensity="2.300183e-002" type="0"/>
    <Peak1D F1="4.598006" intensity="9.666096e-003" type="0"/>
    <Peak1D F1="4.572046" intensity="3.082936e-002" type="0"/>
    <Peak1D F1="4.535885" intensity="9.317335e-003" type="0"/>
    <Peak1D F1="4.219915" intensity="7.435957e-003" type="0"/>
    <Peak1D F1="4.202698" intensity="7.257975e-003" type="0"/>
    <Peak1D F1="3.351887" intensity="6.920678e-002" type="0"/>
    <Peak1D F1="3.006588" intensity="8.126562e-003" type="0"/>
    <Peak1D F1="2.867583" intensity="1.288510e+000" type="0"/>
    <Peak1D F1="2.849523" intensity="1.288924e+000" type="0"/>
    <Peak1D F1="2.813612" intensity="9.458348e-002" type="0"/>
    <Peak1D F1="2.798673" intensity="9.303033e-002" type="0"/>
    <Peak1D F1="2.689187" intensity="8.761370e-003" type="0"/>
    <Peak1D F1="2.635624" intensity="8.396378e-003" type="0"/>
    <Peak1D F1="2.560009" intensity="7.555418e-002" type="0"/>
    <Peak1D F1="2.532056" intensity="1.066202e-001" type="0"/>
    <Peak1D F1="2.527529" intensity="1.418426e-001" type="0"/>
    <Peak1D F1="2.523000" intensity="1.091744e-001" type="0"/>
    <Peak1D F1="2.485392" intensity="9.040387e-001" type="0"/>
    <Peak1D F1="2.482536" intensity="9.089208e-001" type="0"/>
    <Peak1D F1="2.476418" intensity="1.022705e+000" type="0"/>
    <Peak1D F1="2.470134" intensity="9.316847e-001" type="0"/>
    <Peak1D F1="2.466993" intensity="9.897703e-001" type="0"/>
    <Peak1D F1="2.464533" intensity="1.039635e+000" type="0"/>
    <Peak1D F1="2.400053" intensity="8.551675e+000" type="0"/>
    <Peak1D F1="2.356352" intensity="2.800056e-002" type="0"/>
    <Peak1D F1="2.340878" intensity="3.738206e-002" type="0"/>
    <Peak1D F1="2.274045" intensity="1.381381e+000" type="0"/>
    <Peak1D F1="2.269228" intensity="1.003540e+000" type="0"/>
    <Peak1D F1="2.261962" intensity="1.279754e+000" type="0"/>
    <Peak1D F1="2.256698" intensity="9.559569e-001" type="0"/>
    <Peak1D F1="2.250445" intensity="1.107596e+000" type="0"/>
    <Peak1D F1="2.237409" intensity="9.261041e-002" type="0"/>
    <Peak1D F1="2.200547" intensity="4.429791e-002" type="0"/>
    <Peak1D F1="2.161056" intensity="2.152511e-001" type="0"/>
    <Peak1D F1="2.143714" intensity="7.959974e-001" type="0"/>
    <Peak1D F1="2.124697" intensity="1.191985e+000" type="0"/>
    <Peak1D F1="2.105715" intensity="8.360583e-001" type="0"/>
    <Peak1D F1="2.086987" intensity="2.507712e-001" type="0"/>
    <Peak1D F1="2.043584" intensity="4.809045e+000" type="0"/>
    <Peak1D F1="1.980781" intensity="3.312669e-001" type="0"/>
    <Peak1D F1="1.971529" intensity="3.282660e-001" type="0"/>
    <Peak1D F1="1.960712" intensity="6.369885e-001" type="0"/>
    <Peak1D F1="1.955366" intensity="8.442535e-001" type="0"/>
    <Peak1D F1="1.952314" intensity="8.620015e-001" type="0"/>
    <Peak1D F1="1.947258" intensity="5.699417e-001" type="0"/>
    <Peak1D F1="1.935853" intensity="5.088090e-001" type="0"/>
    <Peak1D F1="1.930450" intensity="4.242874e-001" type="0"/>
    <Peak1D F1="1.925070" intensity="4.795750e-001" type="0"/>
    <Peak1D F1="1.918072" intensity="2.267678e-001" type="0"/>
    <Peak1D F1="1.900156" intensity="7.049751e-002" type="0"/>
    <Peak1D F1="1.883416" intensity="6.114696e-002" type="0"/>
    <Peak1D F1="1.792318" intensity="1.529238e-002" type="0"/>
    <Peak1D F1="1.696889" intensity="6.344942e-002" type="0"/>
    <Peak1D F1="1.657070" intensity="6.627206e-002" type="0"/>
    <Peak1D F1="1.647371" intensity="4.693717e-002" type="0"/>
    <Peak1D F1="1.639236" intensity="4.175976e-002" type="0"/>
    <Peak1D F1="1.633887" intensity="5.127476e-002" type="0"/>
    <Peak1D F1="1.609794" intensity="5.522169e-002" type="0"/>
    <Peak1D F1="1.575201" intensity="3.835602e-001" type="0"/>
    <Peak1D F1="1.569591" intensity="3.508703e-001" type="0"/>
    <Peak1D F1="1.552921" intensity="4.837793e-001" type="0"/>
    <Peak1D F1="1.547392" intensity="7.052323e-001" type="0"/>
    <Peak1D F1="1.542236" intensity="7.794577e-001" type="0"/>
    <Peak1D F1="1.531435" intensity="4.544434e-001" type="0"/>
    <Peak1D F1="1.525486" intensity="2.835571e-001" type="0"/>
    <Peak1D F1="1.519625" intensity="2.135636e-001" type="0"/>
    <Peak1D F1="1.502307" intensity="8.755683e-001" type="0"/>
    <Peak1D F1="1.498788" intensity="1.039398e+000" type="0"/>
    <Peak1D F1="1.474604" intensity="2.573025e+000" type="0"/>
    <Peak1D F1="1.452921" intensity="1.730572e+000" type="0"/>
    <Peak1D F1="1.429501" intensity="1.398667e-001" type="0"/>
    <Peak1D F1="1.419543" intensity="1.247510e-001" type="0"/>
    <Peak1D F1="1.413774" intensity="1.472150e-001" type="0"/>
    <Peak1D F1="1.392075" intensity="3.915365e-002" type="0"/>
    <Peak1D F1="1.363893" intensity="6.570369e-001" type="0"/>
    <Peak1D F1="1.361257" intensity="6.826053e-001" type="0"/>
    <Peak1D F1="1.358387" intensity="6.223373e-001" type="0"/>
    <Peak1D F1="1.301394" intensity="8.998431e-002" type="0"/>
    <Peak1D F1="1.246793" intensity="4.897506e-002" type="0"/>
    <Peak1D F1="1.213149" intensity="9.541021e-002" type="0"/>
    <Peak1D F1="1.189043" intensity="1.094111e-001" type="0"/>
    <Peak1D F1="1.171666" intensity="1.573619e-001" type="0"/>
    <Peak1D F1="1.146912" intensity="1.500000e+001" type="0"/>
    <Peak1D F1="1.100492" intensity="6.371514e-002" type="0"/>
    <Peak1D F1="1.096959" intensity="8.638368e-002" type="0"/>
    <Peak1D F1="1.082019" intensity="3.395218e-002" type="0"/>
    <Peak1D F1="1.055231" intensity="1.666193e-002" type="0"/>
    <Peak1D F1="1.023537" intensity="1.792616e-002" type="0"/>
    <Peak1D F1="0.989462" intensity="1.005792e-001" type="0"/>
    <Peak1D F1="0.963746" intensity="2.650850e+000" type="0"/>
    <Peak1D F1="0.942317" intensity="9.988853e+000" type="0"/>
    <Peak1D F1="0.926054" intensity="2.713238e+000" type="0"/>
    <Peak1D F1="0.916802" intensity="3.143012e-001" type="0"/>
    <Peak1D F1="0.904869" intensity="4.671110e-001" type="0"/>
    <Peak1D F1="0.899720" intensity="2.312153e-001" type="0"/>
    <Peak1D F1="0.886194" intensity="2.358033e-001" type="0"/>
    <Peak1D F1="0.863263" intensity="1.901153e-001" type="0"/>
    <Peak1D F1="0.845996" intensity="1.602921e-001" type="0"/>
    <Peak1D F1="0.813709" intensity="5.496302e-002" type="0"/>
    <Peak1D F1="0.804526" intensity="2.711222e-002" type="0"/>
    <Peak1D F1="0.784619" intensity="8.273698e-002" type="0"/>
    <Peak1D F1="0.766862" intensity="2.226265e-002" type="0"/>
    <Peak1D F1="0.685525" intensity="8.002890e-002" type="0"/>
    <Peak1D F1="0.638152" intensity="6.766645e-002" type="0"/>
    <Peak1D F1="0.624923" intensity="7.529835e-002" type="0"/>
    <Peak1D F1="-0.000153" intensity="6.129254e-002" type="0"/>
  </PeakList1D>
</PeakList>
