<?xml version="1.0" encoding="UTF-8"?>
<PeakList>
  <PeakList1D>
    <PeakList1DHeader creator="root" date="2021-09-30T21:08:01.989+08:00" expNo="1" name="0930SSMLT" owner="" procNo="1" source="D:/Zhi-Ming Zhang">
      <PeakPickDetails>F1=16.192070ppm, F2=-3.833473ppm, MI=0.00cm, MAXI=10000.00cm, PC=1.000
      </PeakPickDetails>
    </PeakList1DHeader>
    <Peak1D F1="11.562516" intensity="1.866826e-002" type="0"/>
    <Peak1D F1="11.321877" intensity="1.847753e-001" type="0"/>
    <Peak1D F1="11.315215" intensity="3.832724e-002" type="0"/>
    <Peak1D F1="11.276466" intensity="9.925167e-003" type="0"/>
    <Peak1D F1="6.687771" intensity="2.477895e-002" type="0"/>
    <Peak1D F1="6.668879" intensity="2.523936e-002" type="0"/>
    <Peak1D F1="6.647713" intensity="3.088246e-002" type="0"/>
    <Peak1D F1="6.628830" intensity="3.116758e-002" type="0"/>
    <Peak1D F1="6.318206" intensity="5.523123e-002" type="0"/>
    <Peak1D F1="6.277813" intensity="4.669637e-002" type="0"/>
    <Peak1D F1="5.487404" intensity="1.219096e-002" type="0"/>
    <Peak1D F1="5.461658" intensity="4.653579e-002" type="0"/>
    <Peak1D F1="5.446173" intensity="8.924674e-002" type="0"/>
    <Peak1D F1="5.423483" intensity="8.331478e-002" type="0"/>
    <Peak1D F1="5.407994" intensity="1.675644e-001" type="0"/>
    <Peak1D F1="5.392671" intensity="9.837806e-002" type="0"/>
    <Peak1D F1="5.372652" intensity="3.246025e-002" type="0"/>
    <Peak1D F1="5.348788" intensity="3.969006e-001" type="0"/>
    <Peak1D F1="5.344775" intensity="7.073072e-001" type="0"/>
    <Peak1D F1="5.340715" intensity="4.617658e-001" type="0"/>
    <Peak1D F1="5.330782" intensity="8.096868e-001" type="0"/>
    <Peak1D F1="5.326854" intensity="1.466498e+000" type="0"/>
    <Peak1D F1="5.322814" intensity="1.269829e+000" type="0"/>
    <Peak1D F1="5.318268" intensity="1.111629e+000" type="0"/>
    <Peak1D F1="5.313723" intensity="8.985274e-001" type="0"/>
    <Peak1D F1="5.308863" intensity="8.914634e-001" type="0"/>
    <Peak1D F1="5.304460" intensity="1.384219e+000" type="0"/>
    <Peak1D F1="5.300276" intensity="2.050070e+000" type="0"/>
    <Peak1D F1="5.296444" intensity="1.197724e+000" type="0"/>
    <Peak1D F1="5.286099" intensity="6.897492e-001" type="0"/>
    <Peak1D F1="5.282418" intensity="1.127361e+000" type="0"/>
    <Peak1D F1="5.278854" intensity="6.501210e-001" type="0"/>
    <Peak1D F1="5.270145" intensity="9.164240e-002" type="0"/>
    <Peak1D F1="5.224210" intensity="6.613224e-001" type="0"/>
    <Peak1D F1="5.220904" intensity="1.090867e+000" type="0"/>
    <Peak1D F1="5.217355" intensity="6.317112e-001" type="0"/>
    <Peak1D F1="5.206395" intensity="1.261182e+000" type="0"/>
    <Peak1D F1="5.202816" intensity="2.126457e+000" type="0"/>
    <Peak1D F1="5.198936" intensity="1.372257e+000" type="0"/>
    <Peak1D F1="5.194363" intensity="8.222675e-001" type="0"/>
    <Peak1D F1="5.188597" intensity="7.899919e-001" type="0"/>
    <Peak1D F1="5.184647" intensity="1.137305e+000" type="0"/>
    <Peak1D F1="5.180239" intensity="1.204394e+000" type="0"/>
    <Peak1D F1="5.176234" intensity="1.474172e+000" type="0"/>
    <Peak1D F1="5.172546" intensity="8.573259e-001" type="0"/>
    <Peak1D F1="5.161712" intensity="4.373214e-001" type="0"/>
    <Peak1D F1="5.158077" intensity="7.477055e-001" type="0"/>
    <Peak1D F1="5.154349" intensity="4.322280e-001" type="0"/>
    <Peak1D F1="5.006525" intensity="1.009817e-002" type="0"/>
    <Peak1D F1="4.222804" intensity="1.543938e-002" type="0"/>
    <Peak1D F1="4.205644" intensity="3.324554e-002" type="0"/>
    <Peak1D F1="4.188497" intensity="3.280423e-002" type="0"/>
    <Peak1D F1="4.171981" intensity="1.302995e-002" type="0"/>
    <Peak1D F1="3.293684" intensity="1.004438e+000" type="0"/>
    <Peak1D F1="3.022619" intensity="3.024911e-002" type="0"/>
    <Peak1D F1="3.004574" intensity="2.846971e-002" type="0"/>
    <Peak1D F1="2.865986" intensity="4.396386e+000" type="0"/>
    <Peak1D F1="2.847754" intensity="4.449276e+000" type="0"/>
    <Peak1D F1="2.810440" intensity="3.457359e-001" type="0"/>
    <Peak1D F1="2.795352" intensity="3.387278e-001" type="0"/>
    <Peak1D F1="2.705727" intensity="3.483309e-002" type="0"/>
    <Peak1D F1="2.686903" intensity="3.651013e-002" type="0"/>
    <Peak1D F1="2.648668" intensity="3.360740e-002" type="0"/>
    <Peak1D F1="2.542262" intensity="8.769774e-002" type="0"/>
    <Peak1D F1="2.519660" intensity="3.403954e-001" type="0"/>
    <Peak1D F1="2.515134" intensity="4.412642e-001" type="0"/>
    <Peak1D F1="2.510528" intensity="3.748484e-001" type="0"/>
    <Peak1D F1="2.488878" intensity="3.164500e+000" type="0"/>
    <Peak1D F1="2.486003" intensity="3.153150e+000" type="0"/>
    <Peak1D F1="2.482767" intensity="3.268858e+000" type="0"/>
    <Peak1D F1="2.479857" intensity="3.508213e+000" type="0"/>
    <Peak1D F1="2.477072" intensity="3.461820e+000" type="0"/>
    <Peak1D F1="2.473612" intensity="3.277448e+000" type="0"/>
    <Peak1D F1="2.470454" intensity="3.470141e+000" type="0"/>
    <Peak1D F1="2.467874" intensity="3.664569e+000" type="0"/>
    <Peak1D F1="2.465537" intensity="3.211083e+000" type="0"/>
    <Peak1D F1="2.427402" intensity="6.015114e-002" type="0"/>
    <Peak1D F1="2.387258" intensity="3.515247e-002" type="0"/>
    <Peak1D F1="2.346645" intensity="5.093528e-002" type="0"/>
    <Peak1D F1="2.330076" intensity="9.332769e-002" type="0"/>
    <Peak1D F1="2.317497" intensity="1.200662e-001" type="0"/>
    <Peak1D F1="2.305444" intensity="1.237698e-001" type="0"/>
    <Peak1D F1="2.265795" intensity="4.705338e+000" type="0"/>
    <Peak1D F1="2.260990" intensity="3.313295e+000" type="0"/>
    <Peak1D F1="2.253709" intensity="4.352551e+000" type="0"/>
    <Peak1D F1="2.247763" intensity="3.088641e+000" type="0"/>
    <Peak1D F1="2.242084" intensity="3.916766e+000" type="0"/>
    <Peak1D F1="2.206023" intensity="1.325659e-001" type="0"/>
    <Peak1D F1="2.159437" intensity="8.258621e-001" type="0"/>
    <Peak1D F1="2.143846" intensity="2.745839e+000" type="0"/>
    <Peak1D F1="2.124839" intensity="4.058514e+000" type="0"/>
    <Peak1D F1="2.105835" intensity="2.900940e+000" type="0"/>
    <Peak1D F1="2.087208" intensity="8.495514e-001" type="0"/>
    <Peak1D F1="2.074786" intensity="2.532679e-001" type="0"/>
    <Peak1D F1="2.048821" intensity="1.447773e+001" type="0"/>
    <Peak1D F1="2.035713" intensity="2.115350e+000" type="0"/>
    <Peak1D F1="1.981862" intensity="7.539280e-002" type="0"/>
    <Peak1D F1="1.968950" intensity="1.093696e-001" type="0"/>
    <Peak1D F1="1.953725" intensity="2.307719e-001" type="0"/>
    <Peak1D F1="1.950693" intensity="2.110029e-001" type="0"/>
    <Peak1D F1="1.938149" intensity="2.481488e-001" type="0"/>
    <Peak1D F1="1.935164" intensity="3.258952e-001" type="0"/>
    <Peak1D F1="1.932163" intensity="2.472513e-001" type="0"/>
    <Peak1D F1="1.919704" intensity="2.022738e-001" type="0"/>
    <Peak1D F1="1.916610" intensity="2.245762e-001" type="0"/>
    <Peak1D F1="1.901177" intensity="7.764702e-002" type="0"/>
    <Peak1D F1="1.898040" intensity="7.822673e-002" type="0"/>
    <Peak1D F1="1.889072" intensity="1.335096e-001" type="0"/>
    <Peak1D F1="1.688964" intensity="1.588258e-002" type="0"/>
    <Peak1D F1="1.673881" intensity="2.400638e-002" type="0"/>
    <Peak1D F1="1.655076" intensity="3.453210e-002" type="0"/>
    <Peak1D F1="1.639736" intensity="3.101042e-002" type="0"/>
    <Peak1D F1="1.621338" intensity="2.492121e-002" type="0"/>
    <Peak1D F1="1.529082" intensity="2.301093e-002" type="0"/>
    <Peak1D F1="1.511876" intensity="3.592808e-002" type="0"/>
    <Peak1D F1="1.506432" intensity="3.412995e-002" type="0"/>
    <Peak1D F1="1.494020" intensity="3.261095e-002" type="0"/>
    <Peak1D F1="1.476438" intensity="2.553938e-002" type="0"/>
    <Peak1D F1="1.459365" intensity="1.890407e-002" type="0"/>
    <Peak1D F1="1.435731" intensity="1.623228e-002" type="0"/>
    <Peak1D F1="1.385824" intensity="1.305908e-002" type="0"/>
    <Peak1D F1="1.241251" intensity="1.697460e-002" type="0"/>
    <Peak1D F1="1.176591" intensity="4.650233e-002" type="0"/>
    <Peak1D F1="1.160842" intensity="4.690311e-002" type="0"/>
    <Peak1D F1="1.133774" intensity="1.526620e-002" type="0"/>
    <Peak1D F1="1.118282" intensity="5.953301e-002" type="0"/>
    <Peak1D F1="1.099503" intensity="1.082147e-001" type="0"/>
    <Peak1D F1="1.080669" intensity="5.205093e-002" type="0"/>
    <Peak1D F1="1.033461" intensity="1.785585e-002" type="0"/>
    <Peak1D F1="1.015317" intensity="3.723954e-002" type="0"/>
    <Peak1D F1="0.962608" intensity="8.575740e+000" type="0"/>
    <Peak1D F1="0.943678" intensity="1.500000e+001" type="0"/>
    <Peak1D F1="0.924909" intensity="8.584884e+000" type="0"/>
    <Peak1D F1="0.903798" intensity="1.529476e+000" type="0"/>
    <Peak1D F1="0.895353" intensity="2.389893e-001" type="0"/>
    <Peak1D F1="0.885169" intensity="7.266610e-001" type="0"/>
    <Peak1D F1="0.876533" intensity="3.110064e-001" type="0"/>
    <Peak1D F1="0.857802" intensity="1.463010e-001" type="0"/>
    <Peak1D F1="0.803341" intensity="7.165463e-002" type="0"/>
    <Peak1D F1="0.784573" intensity="1.223817e-001" type="0"/>
    <Peak1D F1="0.765749" intensity="6.074938e-002" type="0"/>
    <Peak1D F1="0.744895" intensity="1.195402e-002" type="0"/>
    <Peak1D F1="-0.000156" intensity="9.299107e-002" type="0"/>
  </PeakList1D>
</PeakList>
