<?xml version="1.0" encoding="UTF-8"?>
<PeakList>
  <PeakList1D>
    <PeakList1DHeader creator="root" date="2021-09-30T21:13:07.251+08:00" expNo="1" name="0930MGT" owner="" procNo="1" source="D:/Zhi-Ming Zhang">
      <PeakPickDetails>F1=16.184271ppm, F2=-3.841272ppm, MI=0.00cm, MAXI=10000.00cm, PC=1.000
      </PeakPickDetails>
    </PeakList1DHeader>
    <Peak1D F1="10.852798" intensity="2.420215e-002" type="0"/>
    <Peak1D F1="8.112349" intensity="1.033671e-002" type="0"/>
    <Peak1D F1="6.738449" intensity="1.651712e-002" type="0"/>
    <Peak1D F1="6.721591" intensity="1.697983e-002" type="0"/>
    <Peak1D F1="6.698374" intensity="2.046469e-002" type="0"/>
    <Peak1D F1="6.681508" intensity="2.092733e-002" type="0"/>
    <Peak1D F1="6.378408" intensity="1.049088e-002" type="0"/>
    <Peak1D F1="6.327057" intensity="2.686659e-002" type="0"/>
    <Peak1D F1="6.304314" intensity="2.126802e-002" type="0"/>
    <Peak1D F1="6.286918" intensity="2.287512e-002" type="0"/>
    <Peak1D F1="6.172716" intensity="1.566717e-002" type="0"/>
    <Peak1D F1="5.682133" intensity="4.498506e-002" type="0"/>
    <Peak1D F1="5.631554" intensity="1.188629e-002" type="0"/>
    <Peak1D F1="5.225013" intensity="7.854312e-003" type="0"/>
    <Peak1D F1="5.076144" intensity="6.125320e-001" type="0"/>
    <Peak1D F1="5.072800" intensity="7.812523e-001" type="0"/>
    <Peak1D F1="5.069386" intensity="6.566576e-001" type="0"/>
    <Peak1D F1="5.065591" intensity="4.722344e-001" type="0"/>
    <Peak1D F1="5.058228" intensity="1.236717e+000" type="0"/>
    <Peak1D F1="5.054841" intensity="1.565446e+000" type="0"/>
    <Peak1D F1="5.051457" intensity="1.290667e+000" type="0"/>
    <Peak1D F1="5.044143" intensity="5.204840e-001" type="0"/>
    <Peak1D F1="5.040357" intensity="7.098787e-001" type="0"/>
    <Peak1D F1="5.036938" intensity="8.535809e-001" type="0"/>
    <Peak1D F1="5.033587" intensity="6.891184e-001" type="0"/>
    <Peak1D F1="4.947868" intensity="2.535457e-002" type="0"/>
    <Peak1D F1="4.921090" intensity="1.618739e-002" type="0"/>
    <Peak1D F1="4.900681" intensity="2.723271e-002" type="0"/>
    <Peak1D F1="4.604559" intensity="1.026306e-002" type="0"/>
    <Peak1D F1="4.303465" intensity="1.556074e-002" type="0"/>
    <Peak1D F1="4.246090" intensity="1.235100e-002" type="0"/>
    <Peak1D F1="4.168546" intensity="1.411164e-002" type="0"/>
    <Peak1D F1="3.998100" intensity="1.341055e-002" type="0"/>
    <Peak1D F1="3.798494" intensity="1.104589e-002" type="0"/>
    <Peak1D F1="3.623671" intensity="3.365440e-002" type="0"/>
    <Peak1D F1="3.601466" intensity="2.065343e-002" type="0"/>
    <Peak1D F1="3.583960" intensity="4.723596e-002" type="0"/>
    <Peak1D F1="3.442182" intensity="2.605866e-002" type="0"/>
    <Peak1D F1="3.425391" intensity="2.599180e-002" type="0"/>
    <Peak1D F1="3.274196" intensity="3.504429e-001" type="0"/>
    <Peak1D F1="3.175730" intensity="2.600171e-002" type="0"/>
    <Peak1D F1="3.116530" intensity="3.802223e-002" type="0"/>
    <Peak1D F1="2.841665" intensity="1.347767e-002" type="0"/>
    <Peak1D F1="2.824227" intensity="1.349186e-002" type="0"/>
    <Peak1D F1="2.741964" intensity="1.528728e-002" type="0"/>
    <Peak1D F1="2.727135" intensity="1.566093e-002" type="0"/>
    <Peak1D F1="2.699493" intensity="1.344478e-002" type="0"/>
    <Peak1D F1="2.673697" intensity="2.053402e-002" type="0"/>
    <Peak1D F1="2.656796" intensity="2.443135e-002" type="0"/>
    <Peak1D F1="2.641772" intensity="2.410756e-002" type="0"/>
    <Peak1D F1="2.618652" intensity="2.304371e-002" type="0"/>
    <Peak1D F1="2.607175" intensity="2.667057e-002" type="0"/>
    <Peak1D F1="2.588821" intensity="5.110618e-002" type="0"/>
    <Peak1D F1="2.574960" intensity="7.179287e-002" type="0"/>
    <Peak1D F1="2.556904" intensity="4.082836e-002" type="0"/>
    <Peak1D F1="2.511887" intensity="1.901328e-001" type="0"/>
    <Peak1D F1="2.507414" intensity="2.508329e-001" type="0"/>
    <Peak1D F1="2.502924" intensity="1.879746e-001" type="0"/>
    <Peak1D F1="2.451841" intensity="2.740927e+000" type="0"/>
    <Peak1D F1="2.433348" intensity="5.319175e+000" type="0"/>
    <Peak1D F1="2.414840" intensity="3.618826e+000" type="0"/>
    <Peak1D F1="2.316437" intensity="2.262573e-002" type="0"/>
    <Peak1D F1="2.295645" intensity="2.695669e-002" type="0"/>
    <Peak1D F1="2.275188" intensity="3.657857e-002" type="0"/>
    <Peak1D F1="2.256946" intensity="3.960080e-002" type="0"/>
    <Peak1D F1="2.244518" intensity="2.535788e-001" type="0"/>
    <Peak1D F1="2.222273" intensity="1.948483e-001" type="0"/>
    <Peak1D F1="2.178460" intensity="1.104340e+000" type="0"/>
    <Peak1D F1="2.160092" intensity="2.658227e+000" type="0"/>
    <Peak1D F1="2.141736" intensity="2.462775e+000" type="0"/>
    <Peak1D F1="2.123716" intensity="8.652545e-001" type="0"/>
    <Peak1D F1="2.110259" intensity="3.662099e-001" type="0"/>
    <Peak1D F1="2.096703" intensity="2.463639e-001" type="0"/>
    <Peak1D F1="2.089408" intensity="3.459769e-001" type="0"/>
    <Peak1D F1="2.064726" intensity="1.500000e+001" type="0"/>
    <Peak1D F1="2.003805" intensity="6.749331e-002" type="0"/>
    <Peak1D F1="1.959598" intensity="3.644980e-002" type="0"/>
    <Peak1D F1="1.904673" intensity="2.668303e-001" type="0"/>
    <Peak1D F1="1.853998" intensity="3.569768e-002" type="0"/>
    <Peak1D F1="1.793841" intensity="9.194405e-002" type="0"/>
    <Peak1D F1="1.735770" intensity="1.074794e-001" type="0"/>
    <Peak1D F1="1.723265" intensity="1.581288e-001" type="0"/>
    <Peak1D F1="1.705126" intensity="9.313184e-002" type="0"/>
    <Peak1D F1="1.688810" intensity="1.226000e-001" type="0"/>
    <Peak1D F1="1.637216" intensity="8.979038e+000" type="0"/>
    <Peak1D F1="1.579960" intensity="1.001229e+001" type="0"/>
    <Peak1D F1="1.481474" intensity="8.252657e-002" type="0"/>
    <Peak1D F1="1.440359" intensity="5.186109e-002" type="0"/>
    <Peak1D F1="1.428528" intensity="1.311571e-001" type="0"/>
    <Peak1D F1="1.422654" intensity="1.040257e-001" type="0"/>
    <Peak1D F1="1.408193" intensity="1.422795e-001" type="0"/>
    <Peak1D F1="1.397369" intensity="4.763492e-002" type="0"/>
    <Peak1D F1="1.386966" intensity="1.100278e-001" type="0"/>
    <Peak1D F1="1.374087" intensity="3.841477e-002" type="0"/>
    <Peak1D F1="1.353323" intensity="2.119622e-001" type="0"/>
    <Peak1D F1="1.288604" intensity="4.525350e-002" type="0"/>
    <Peak1D F1="1.280471" intensity="1.353857e-001" type="0"/>
    <Peak1D F1="1.265276" intensity="2.416786e-001" type="0"/>
    <Peak1D F1="1.258185" intensity="1.325844e-001" type="0"/>
    <Peak1D F1="1.240572" intensity="2.532523e-001" type="0"/>
    <Peak1D F1="1.235668" intensity="1.535481e-001" type="0"/>
    <Peak1D F1="1.217159" intensity="2.103708e-001" type="0"/>
    <Peak1D F1="1.204594" intensity="2.130682e-001" type="0"/>
    <Peak1D F1="1.181115" intensity="7.645256e-002" type="0"/>
    <Peak1D F1="1.164855" intensity="3.040899e-002" type="0"/>
    <Peak1D F1="1.142114" intensity="7.371763e-002" type="0"/>
    <Peak1D F1="1.112115" intensity="3.226186e-002" type="0"/>
    <Peak1D F1="1.086643" intensity="4.338870e-002" type="0"/>
    <Peak1D F1="1.074568" intensity="6.347962e-002" type="0"/>
    <Peak1D F1="1.064234" intensity="1.336966e-001" type="0"/>
    <Peak1D F1="1.058872" intensity="1.622471e-001" type="0"/>
    <Peak1D F1="1.043422" intensity="1.057572e-001" type="0"/>
    <Peak1D F1="1.033364" intensity="9.479582e-002" type="0"/>
    <Peak1D F1="1.019682" intensity="7.100361e-002" type="0"/>
    <Peak1D F1="0.996230" intensity="1.603483e-002" type="0"/>
    <Peak1D F1="-0.000157" intensity="4.932939e-002" type="0"/>
  </PeakList1D>
</PeakList>
