<?xml version="1.0" encoding="UTF-8"?>
<PeakList>
  <PeakList1D>
    <PeakList1DHeader creator="root" date="2021-09-30T14:25:28.210+08:00" expNo="1" name="0930LMQ" owner="" procNo="1" source="D:/Zhi-Ming Zhang">
      <PeakPickDetails>F1=16.191860ppm, F2=-3.833683ppm, MI=0.00cm, MAXI=10000.00cm, PC=1.000
      </PeakPickDetails>
    </PeakList1DHeader>
    <Peak1D F1="16.190363" intensity="2.358560e-003" type="0"/>
    <Peak1D F1="16.037149" intensity="2.103896e-003" type="0"/>
    <Peak1D F1="15.949741" intensity="1.966293e-003" type="0"/>
    <Peak1D F1="15.915213" intensity="1.819022e-003" type="0"/>
    <Peak1D F1="12.301735" intensity="2.097003e-003" type="0"/>
    <Peak1D F1="12.279762" intensity="2.368822e-003" type="0"/>
    <Peak1D F1="12.252780" intensity="2.727764e-003" type="0"/>
    <Peak1D F1="12.215313" intensity="3.552953e-003" type="0"/>
    <Peak1D F1="12.050181" intensity="8.821076e-003" type="0"/>
    <Peak1D F1="12.043650" intensity="8.856923e-003" type="0"/>
    <Peak1D F1="11.887136" intensity="5.016124e-003" type="0"/>
    <Peak1D F1="11.828596" intensity="3.154050e-003" type="0"/>
    <Peak1D F1="11.752005" intensity="2.407143e-003" type="0"/>
    <Peak1D F1="11.703524" intensity="2.042652e-003" type="0"/>
    <Peak1D F1="11.693760" intensity="1.950506e-003" type="0"/>
    <Peak1D F1="11.126493" intensity="4.464827e-003" type="0"/>
    <Peak1D F1="11.115720" intensity="9.494135e-003" type="0"/>
    <Peak1D F1="10.997848" intensity="1.110725e-002" type="0"/>
    <Peak1D F1="10.977204" intensity="1.320993e-002" type="0"/>
    <Peak1D F1="10.957756" intensity="3.695420e-003" type="0"/>
    <Peak1D F1="10.902035" intensity="6.814423e-003" type="0"/>
    <Peak1D F1="10.841142" intensity="2.248581e-003" type="0"/>
    <Peak1D F1="10.812346" intensity="3.568775e-003" type="0"/>
    <Peak1D F1="10.770308" intensity="8.537615e-003" type="0"/>
    <Peak1D F1="10.342582" intensity="2.092487e-003" type="0"/>
    <Peak1D F1="10.324172" intensity="2.251855e-003" type="0"/>
    <Peak1D F1="10.270199" intensity="1.938291e-003" type="0"/>
    <Peak1D F1="10.256701" intensity="2.179458e-003" type="0"/>
    <Peak1D F1="10.252649" intensity="2.138440e-003" type="0"/>
    <Peak1D F1="10.238974" intensity="1.972514e-003" type="0"/>
    <Peak1D F1="10.211677" intensity="2.423480e-003" type="0"/>
    <Peak1D F1="10.194416" intensity="4.755673e-003" type="0"/>
    <Peak1D F1="10.178519" intensity="2.776591e-002" type="0"/>
    <Peak1D F1="10.158496" intensity="2.770134e-002" type="0"/>
    <Peak1D F1="10.135044" intensity="3.813689e-003" type="0"/>
    <Peak1D F1="10.117608" intensity="7.536833e-003" type="0"/>
    <Peak1D F1="10.106220" intensity="2.121524e-003" type="0"/>
    <Peak1D F1="10.097631" intensity="6.547771e-003" type="0"/>
    <Peak1D F1="10.086064" intensity="4.488322e-003" type="0"/>
    <Peak1D F1="10.078361" intensity="2.135721e-002" type="0"/>
    <Peak1D F1="10.067723" intensity="1.425967e-002" type="0"/>
    <Peak1D F1="10.057958" intensity="2.437780e-002" type="0"/>
    <Peak1D F1="10.045954" intensity="5.667134e-002" type="0"/>
    <Peak1D F1="10.035169" intensity="1.226058e-002" type="0"/>
    <Peak1D F1="10.031187" intensity="1.462524e-002" type="0"/>
    <Peak1D F1="10.025755" intensity="5.711161e-002" type="0"/>
    <Peak1D F1="10.016007" intensity="1.706626e-002" type="0"/>
    <Peak1D F1="9.998832" intensity="4.539914e-002" type="0"/>
    <Peak1D F1="9.983732" intensity="4.149886e-001" type="0"/>
    <Peak1D F1="9.968391" intensity="4.509020e+000" type="0"/>
    <Peak1D F1="9.948345" intensity="4.584988e+000" type="0"/>
    <Peak1D F1="9.929579" intensity="7.541835e-002" type="0"/>
    <Peak1D F1="9.916608" intensity="5.827207e-002" type="0"/>
    <Peak1D F1="9.898850" intensity="3.487626e-002" type="0"/>
    <Peak1D F1="9.868422" intensity="3.455885e+000" type="0"/>
    <Peak1D F1="9.848055" intensity="3.511723e+000" type="0"/>
    <Peak1D F1="9.830134" intensity="4.127150e-002" type="0"/>
    <Peak1D F1="9.819306" intensity="2.991727e-002" type="0"/>
    <Peak1D F1="9.816372" intensity="3.437837e-002" type="0"/>
    <Peak1D F1="9.794000" intensity="1.488144e-002" type="0"/>
    <Peak1D F1="9.786691" intensity="1.160920e-002" type="0"/>
    <Peak1D F1="9.777589" intensity="8.426826e-003" type="0"/>
    <Peak1D F1="9.769753" intensity="7.138256e-003" type="0"/>
    <Peak1D F1="9.766943" intensity="7.153848e-003" type="0"/>
    <Peak1D F1="9.762901" intensity="5.866348e-003" type="0"/>
    <Peak1D F1="9.751864" intensity="2.989743e-002" type="0"/>
    <Peak1D F1="9.738834" intensity="1.284520e-002" type="0"/>
    <Peak1D F1="9.731725" intensity="4.187417e-002" type="0"/>
    <Peak1D F1="9.724474" intensity="1.140253e-002" type="0"/>
    <Peak1D F1="9.718784" intensity="6.558756e-003" type="0"/>
    <Peak1D F1="9.712019" intensity="6.292291e-003" type="0"/>
    <Peak1D F1="9.705294" intensity="5.393355e-003" type="0"/>
    <Peak1D F1="9.695504" intensity="3.942969e-003" type="0"/>
    <Peak1D F1="9.680965" intensity="2.684332e-002" type="0"/>
    <Peak1D F1="9.673361" intensity="4.791096e-003" type="0"/>
    <Peak1D F1="9.652122" intensity="2.162724e-002" type="0"/>
    <Peak1D F1="9.631839" intensity="4.252696e-002" type="0"/>
    <Peak1D F1="9.620540" intensity="3.642233e-003" type="0"/>
    <Peak1D F1="9.589540" intensity="4.284680e-003" type="0"/>
    <Peak1D F1="9.576206" intensity="3.358214e-003" type="0"/>
    <Peak1D F1="9.571844" intensity="2.727177e-003" type="0"/>
    <Peak1D F1="9.563785" intensity="4.016864e-003" type="0"/>
    <Peak1D F1="9.558110" intensity="6.823898e-003" type="0"/>
    <Peak1D F1="9.552547" intensity="4.475916e-003" type="0"/>
    <Peak1D F1="9.546514" intensity="2.675608e-003" type="0"/>
    <Peak1D F1="9.539812" intensity="2.828131e-003" type="0"/>
    <Peak1D F1="9.534557" intensity="3.829682e-003" type="0"/>
    <Peak1D F1="9.528649" intensity="2.781456e-003" type="0"/>
    <Peak1D F1="9.491255" intensity="2.239096e-003" type="0"/>
    <Peak1D F1="9.481808" intensity="2.207413e-003" type="0"/>
    <Peak1D F1="9.450583" intensity="2.199941e-003" type="0"/>
    <Peak1D F1="9.431333" intensity="2.275484e-003" type="0"/>
    <Peak1D F1="9.396246" intensity="3.846681e-003" type="0"/>
    <Peak1D F1="9.384501" intensity="3.866986e-003" type="0"/>
    <Peak1D F1="8.284526" intensity="4.611948e-003" type="0"/>
    <Peak1D F1="8.277567" intensity="7.020014e-003" type="0"/>
    <Peak1D F1="8.183939" intensity="4.397590e-003" type="0"/>
    <Peak1D F1="8.164225" intensity="4.290169e-002" type="0"/>
    <Peak1D F1="8.122056" intensity="1.667372e-001" type="0"/>
    <Peak1D F1="8.100706" intensity="7.285198e-003" type="0"/>
    <Peak1D F1="7.409272" intensity="4.993599e-003" type="0"/>
    <Peak1D F1="7.404901" intensity="4.990700e-003" type="0"/>
    <Peak1D F1="7.358993" intensity="3.164464e-003" type="0"/>
    <Peak1D F1="7.327690" intensity="2.789795e-003" type="0"/>
    <Peak1D F1="7.273505" intensity="3.001078e-003" type="0"/>
    <Peak1D F1="7.242630" intensity="2.522340e-003" type="0"/>
    <Peak1D F1="6.948133" intensity="1.871118e-003" type="0"/>
    <Peak1D F1="6.647693" intensity="2.111758e-003" type="0"/>
    <Peak1D F1="6.608284" intensity="3.557889e-003" type="0"/>
    <Peak1D F1="6.572109" intensity="2.396343e-003" type="0"/>
    <Peak1D F1="6.563172" intensity="1.953909e-003" type="0"/>
    <Peak1D F1="6.552692" intensity="2.726570e-003" type="0"/>
    <Peak1D F1="6.483614" intensity="2.687781e-003" type="0"/>
    <Peak1D F1="6.443481" intensity="2.336351e-003" type="0"/>
    <Peak1D F1="6.387225" intensity="3.006687e-003" type="0"/>
    <Peak1D F1="6.240340" intensity="8.924996e-003" type="0"/>
    <Peak1D F1="6.062323" intensity="2.379394e-002" type="0"/>
    <Peak1D F1="6.059455" intensity="1.897933e-002" type="0"/>
    <Peak1D F1="6.042125" intensity="2.536141e-002" type="0"/>
    <Peak1D F1="6.039414" intensity="2.001275e-002" type="0"/>
    <Peak1D F1="6.022370" intensity="2.441490e-003" type="0"/>
    <Peak1D F1="6.008745" intensity="9.648912e-003" type="0"/>
    <Peak1D F1="5.987476" intensity="2.442522e-002" type="0"/>
    <Peak1D F1="5.969581" intensity="2.248701e-002" type="0"/>
    <Peak1D F1="5.942778" intensity="1.317637e-002" type="0"/>
    <Peak1D F1="5.936930" intensity="1.299906e-002" type="0"/>
    <Peak1D F1="5.933023" intensity="1.698803e-002" type="0"/>
    <Peak1D F1="5.926277" intensity="2.021364e-002" type="0"/>
    <Peak1D F1="5.922324" intensity="1.297887e-002" type="0"/>
    <Peak1D F1="5.899389" intensity="1.822551e-002" type="0"/>
    <Peak1D F1="5.892634" intensity="1.239504e-002" type="0"/>
    <Peak1D F1="5.882606" intensity="3.070568e-002" type="0"/>
    <Peak1D F1="5.879497" intensity="3.463761e-002" type="0"/>
    <Peak1D F1="5.876452" intensity="3.332820e-002" type="0"/>
    <Peak1D F1="5.873187" intensity="2.905093e-002" type="0"/>
    <Peak1D F1="5.851181" intensity="1.606209e-001" type="0"/>
    <Peak1D F1="5.848019" intensity="1.845018e-001" type="0"/>
    <Peak1D F1="5.844973" intensity="1.759531e-001" type="0"/>
    <Peak1D F1="5.841929" intensity="1.334287e-001" type="0"/>
    <Peak1D F1="5.831116" intensity="2.016479e-001" type="0"/>
    <Peak1D F1="5.827910" intensity="2.357897e-001" type="0"/>
    <Peak1D F1="5.824561" intensity="2.661017e-001" type="0"/>
    <Peak1D F1="5.814845" intensity="1.407008e+000" type="0"/>
    <Peak1D F1="5.795674" intensity="3.036529e+000" type="0"/>
    <Peak1D F1="5.793033" intensity="3.081936e+000" type="0"/>
    <Peak1D F1="5.775701" intensity="1.824081e+000" type="0"/>
    <Peak1D F1="5.772899" intensity="1.828878e+000" type="0"/>
    <Peak1D F1="5.738147" intensity="4.425743e-002" type="0"/>
    <Peak1D F1="5.734721" intensity="5.509023e-002" type="0"/>
    <Peak1D F1="5.731215" intensity="5.879230e-002" type="0"/>
    <Peak1D F1="5.710688" intensity="4.304312e-002" type="0"/>
    <Peak1D F1="5.696511" intensity="2.796720e-002" type="0"/>
    <Peak1D F1="5.678021" intensity="4.290586e-002" type="0"/>
    <Peak1D F1="5.665331" intensity="5.349626e-002" type="0"/>
    <Peak1D F1="5.652803" intensity="4.023562e-002" type="0"/>
    <Peak1D F1="5.650000" intensity="4.131742e-002" type="0"/>
    <Peak1D F1="5.625031" intensity="1.918015e-002" type="0"/>
    <Peak1D F1="5.598075" intensity="1.723566e-001" type="0"/>
    <Peak1D F1="5.577488" intensity="2.102093e-002" type="0"/>
    <Peak1D F1="5.574843" intensity="2.153888e-002" type="0"/>
    <Peak1D F1="5.550498" intensity="3.038226e-002" type="0"/>
    <Peak1D F1="5.541529" intensity="2.798164e-002" type="0"/>
    <Peak1D F1="5.522470" intensity="9.760795e-003" type="0"/>
    <Peak1D F1="5.515369" intensity="7.882324e-003" type="0"/>
    <Peak1D F1="5.510592" intensity="8.366958e-003" type="0"/>
    <Peak1D F1="5.501263" intensity="8.030091e-003" type="0"/>
    <Peak1D F1="5.497549" intensity="7.257145e-003" type="0"/>
    <Peak1D F1="5.491349" intensity="5.889651e-003" type="0"/>
    <Peak1D F1="5.483445" intensity="6.886777e-003" type="0"/>
    <Peak1D F1="5.477239" intensity="5.497470e-003" type="0"/>
    <Peak1D F1="5.448610" intensity="4.412913e-003" type="0"/>
    <Peak1D F1="5.435279" intensity="4.600777e-003" type="0"/>
    <Peak1D F1="5.394418" intensity="1.881547e-002" type="0"/>
    <Peak1D F1="5.391194" intensity="1.779527e-002" type="0"/>
    <Peak1D F1="5.386596" intensity="1.686850e-002" type="0"/>
    <Peak1D F1="5.348806" intensity="2.042640e-002" type="0"/>
    <Peak1D F1="5.325923" intensity="1.146981e-002" type="0"/>
    <Peak1D F1="5.321796" intensity="1.408155e-002" type="0"/>
    <Peak1D F1="5.316537" intensity="1.736480e-002" type="0"/>
    <Peak1D F1="5.312486" intensity="1.936806e-002" type="0"/>
    <Peak1D F1="5.309158" intensity="1.930091e-002" type="0"/>
    <Peak1D F1="5.289609" intensity="2.280973e-002" type="0"/>
    <Peak1D F1="5.286381" intensity="2.044676e-002" type="0"/>
    <Peak1D F1="5.271358" intensity="2.060619e-002" type="0"/>
    <Peak1D F1="5.255137" intensity="1.355747e-002" type="0"/>
    <Peak1D F1="5.247436" intensity="1.215949e-002" type="0"/>
    <Peak1D F1="5.229254" intensity="7.485926e-003" type="0"/>
    <Peak1D F1="5.183594" intensity="2.161585e-002" type="0"/>
    <Peak1D F1="5.144030" intensity="5.163608e-001" type="0"/>
    <Peak1D F1="5.140655" intensity="6.646556e-001" type="0"/>
    <Peak1D F1="5.137259" intensity="5.711718e-001" type="0"/>
    <Peak1D F1="5.133505" intensity="4.187557e-001" type="0"/>
    <Peak1D F1="5.125696" intensity="1.048237e+000" type="0"/>
    <Peak1D F1="5.122281" intensity="1.322728e+000" type="0"/>
    <Peak1D F1="5.118859" intensity="1.087219e+000" type="0"/>
    <Peak1D F1="5.115600" intensity="6.591181e-001" type="0"/>
    <Peak1D F1="5.102729" intensity="1.312659e+000" type="0"/>
    <Peak1D F1="5.088248" intensity="1.331094e+000" type="0"/>
    <Peak1D F1="5.084960" intensity="1.643889e+000" type="0"/>
    <Peak1D F1="5.081698" intensity="1.442302e+000" type="0"/>
    <Peak1D F1="5.071078" intensity="8.924831e-001" type="0"/>
    <Peak1D F1="5.068056" intensity="8.935120e-001" type="0"/>
    <Peak1D F1="5.030974" intensity="3.859820e-002" type="0"/>
    <Peak1D F1="4.980935" intensity="1.472499e-002" type="0"/>
    <Peak1D F1="4.949718" intensity="2.808577e-002" type="0"/>
    <Peak1D F1="4.931468" intensity="2.138972e-002" type="0"/>
    <Peak1D F1="4.924901" intensity="2.194861e-002" type="0"/>
    <Peak1D F1="4.913551" intensity="2.389904e-002" type="0"/>
    <Peak1D F1="4.907829" intensity="2.155663e-002" type="0"/>
    <Peak1D F1="4.903840" intensity="1.971127e-002" type="0"/>
    <Peak1D F1="4.896551" intensity="2.241982e-002" type="0"/>
    <Peak1D F1="4.890995" intensity="1.841197e-002" type="0"/>
    <Peak1D F1="4.886367" intensity="1.779993e-002" type="0"/>
    <Peak1D F1="4.878109" intensity="2.844359e-002" type="0"/>
    <Peak1D F1="4.873574" intensity="3.142881e-002" type="0"/>
    <Peak1D F1="4.859936" intensity="1.109790e-002" type="0"/>
    <Peak1D F1="4.851654" intensity="2.066192e-002" type="0"/>
    <Peak1D F1="4.846921" intensity="2.149197e-002" type="0"/>
    <Peak1D F1="4.842054" intensity="1.514200e-002" type="0"/>
    <Peak1D F1="4.828323" intensity="1.540974e-002" type="0"/>
    <Peak1D F1="4.823905" intensity="1.574196e-002" type="0"/>
    <Peak1D F1="4.798016" intensity="7.978138e-003" type="0"/>
    <Peak1D F1="4.768119" intensity="4.947939e-002" type="0"/>
    <Peak1D F1="4.755630" intensity="1.760060e-002" type="0"/>
    <Peak1D F1="4.749042" intensity="2.019034e-002" type="0"/>
    <Peak1D F1="4.742740" intensity="2.701924e-002" type="0"/>
    <Peak1D F1="4.736924" intensity="3.435096e-002" type="0"/>
    <Peak1D F1="4.733391" intensity="3.175538e-002" type="0"/>
    <Peak1D F1="4.729770" intensity="2.343449e-002" type="0"/>
    <Peak1D F1="4.719816" intensity="3.313234e-002" type="0"/>
    <Peak1D F1="4.700511" intensity="1.190479e-002" type="0"/>
    <Peak1D F1="4.661368" intensity="5.767003e-002" type="0"/>
    <Peak1D F1="4.616005" intensity="5.019301e-003" type="0"/>
    <Peak1D F1="4.599854" intensity="3.516081e-003" type="0"/>
    <Peak1D F1="4.556989" intensity="8.102474e-003" type="0"/>
    <Peak1D F1="4.543416" intensity="9.456944e-003" type="0"/>
    <Peak1D F1="4.508419" intensity="4.162371e-003" type="0"/>
    <Peak1D F1="4.483670" intensity="5.153838e-003" type="0"/>
    <Peak1D F1="4.475421" intensity="5.972216e-003" type="0"/>
    <Peak1D F1="4.464499" intensity="9.766161e-003" type="0"/>
    <Peak1D F1="4.437248" intensity="3.346815e-003" type="0"/>
    <Peak1D F1="4.420340" intensity="2.025985e-003" type="0"/>
    <Peak1D F1="4.403817" intensity="2.631024e-003" type="0"/>
    <Peak1D F1="4.399414" intensity="2.707524e-003" type="0"/>
    <Peak1D F1="4.381593" intensity="3.876308e-003" type="0"/>
    <Peak1D F1="4.377406" intensity="4.156153e-003" type="0"/>
    <Peak1D F1="4.336662" intensity="1.756485e-002" type="0"/>
    <Peak1D F1="4.326001" intensity="1.476501e-002" type="0"/>
    <Peak1D F1="4.288777" intensity="8.920456e-003" type="0"/>
    <Peak1D F1="4.276879" intensity="8.766828e-003" type="0"/>
    <Peak1D F1="4.241405" intensity="1.297367e-002" type="0"/>
    <Peak1D F1="4.224480" intensity="9.517134e-003" type="0"/>
    <Peak1D F1="4.193164" intensity="7.350949e-003" type="0"/>
    <Peak1D F1="4.161623" intensity="3.916669e-002" type="0"/>
    <Peak1D F1="4.143767" intensity="4.581348e-003" type="0"/>
    <Peak1D F1="4.133115" intensity="4.056778e-003" type="0"/>
    <Peak1D F1="4.112881" intensity="3.530502e-003" type="0"/>
    <Peak1D F1="4.092706" intensity="2.714334e-003" type="0"/>
    <Peak1D F1="4.074263" intensity="3.160538e-003" type="0"/>
    <Peak1D F1="4.062796" intensity="4.817168e-003" type="0"/>
    <Peak1D F1="4.045702" intensity="7.934447e-003" type="0"/>
    <Peak1D F1="4.028128" intensity="1.022556e-002" type="0"/>
    <Peak1D F1="4.010091" intensity="2.131015e-002" type="0"/>
    <Peak1D F1="3.998128" intensity="2.294791e-002" type="0"/>
    <Peak1D F1="3.975142" intensity="2.372795e-002" type="0"/>
    <Peak1D F1="3.946400" intensity="2.316928e-002" type="0"/>
    <Peak1D F1="3.933862" intensity="2.294602e-002" type="0"/>
    <Peak1D F1="3.912003" intensity="8.601797e-003" type="0"/>
    <Peak1D F1="3.908590" intensity="8.066844e-003" type="0"/>
    <Peak1D F1="3.883863" intensity="2.921415e-003" type="0"/>
    <Peak1D F1="3.818345" intensity="2.931242e-003" type="0"/>
    <Peak1D F1="3.802299" intensity="3.338456e-003" type="0"/>
    <Peak1D F1="3.746103" intensity="5.773278e-003" type="0"/>
    <Peak1D F1="3.737788" intensity="2.338904e-003" type="0"/>
    <Peak1D F1="3.729396" intensity="7.301522e-003" type="0"/>
    <Peak1D F1="3.719569" intensity="3.275652e-003" type="0"/>
    <Peak1D F1="3.710339" intensity="3.443602e-003" type="0"/>
    <Peak1D F1="3.568515" intensity="4.069267e-003" type="0"/>
    <Peak1D F1="3.560057" intensity="5.135911e-003" type="0"/>
    <Peak1D F1="3.552706" intensity="8.060774e-003" type="0"/>
    <Peak1D F1="3.544106" intensity="9.257921e-003" type="0"/>
    <Peak1D F1="3.537058" intensity="5.923683e-003" type="0"/>
    <Peak1D F1="3.528966" intensity="7.418717e-003" type="0"/>
    <Peak1D F1="3.520073" intensity="6.188172e-003" type="0"/>
    <Peak1D F1="3.507487" intensity="2.057251e-003" type="0"/>
    <Peak1D F1="3.485503" intensity="2.137214e-002" type="0"/>
    <Peak1D F1="3.439684" intensity="6.006961e-003" type="0"/>
    <Peak1D F1="3.433965" intensity="7.917443e-003" type="0"/>
    <Peak1D F1="3.423401" intensity="1.003834e-002" type="0"/>
    <Peak1D F1="3.418207" intensity="1.226419e-002" type="0"/>
    <Peak1D F1="3.412571" intensity="1.445495e-002" type="0"/>
    <Peak1D F1="3.397169" intensity="1.926565e-002" type="0"/>
    <Peak1D F1="3.314278" intensity="2.400862e-001" type="0"/>
    <Peak1D F1="3.172794" intensity="4.248170e-003" type="0"/>
    <Peak1D F1="3.167858" intensity="3.900087e-003" type="0"/>
    <Peak1D F1="3.057733" intensity="5.506502e-003" type="0"/>
    <Peak1D F1="2.964002" intensity="4.624547e-003" type="0"/>
    <Peak1D F1="2.957734" intensity="3.143778e-003" type="0"/>
    <Peak1D F1="2.946031" intensity="7.989608e-003" type="0"/>
    <Peak1D F1="2.931946" intensity="7.458271e-003" type="0"/>
    <Peak1D F1="2.917228" intensity="3.669386e-003" type="0"/>
    <Peak1D F1="2.887870" intensity="1.013587e-002" type="0"/>
    <Peak1D F1="2.872712" intensity="8.387868e-003" type="0"/>
    <Peak1D F1="2.858728" intensity="1.341315e-002" type="0"/>
    <Peak1D F1="2.849630" intensity="2.915770e-003" type="0"/>
    <Peak1D F1="2.823417" intensity="1.029703e-002" type="0"/>
    <Peak1D F1="2.814662" intensity="3.410374e-002" type="0"/>
    <Peak1D F1="2.795279" intensity="6.535298e-002" type="0"/>
    <Peak1D F1="2.782563" intensity="7.936023e-002" type="0"/>
    <Peak1D F1="2.776090" intensity="5.760675e-002" type="0"/>
    <Peak1D F1="2.770416" intensity="4.088489e-002" type="0"/>
    <Peak1D F1="2.762465" intensity="1.314328e-001" type="0"/>
    <Peak1D F1="2.750019" intensity="1.162866e-001" type="0"/>
    <Peak1D F1="2.742869" intensity="8.615281e-002" type="0"/>
    <Peak1D F1="2.734175" intensity="2.220719e-001" type="0"/>
    <Peak1D F1="2.718535" intensity="1.469065e-001" type="0"/>
    <Peak1D F1="2.702075" intensity="2.429198e-001" type="0"/>
    <Peak1D F1="2.685485" intensity="2.725892e-001" type="0"/>
    <Peak1D F1="2.670917" intensity="2.151175e-001" type="0"/>
    <Peak1D F1="2.650873" intensity="7.428670e-002" type="0"/>
    <Peak1D F1="2.617726" intensity="2.213814e+000" type="0"/>
    <Peak1D F1="2.599116" intensity="4.508357e+000" type="0"/>
    <Peak1D F1="2.580523" intensity="2.670967e+000" type="0"/>
    <Peak1D F1="2.537412" intensity="3.322285e-002" type="0"/>
    <Peak1D F1="2.532495" intensity="4.257949e-002" type="0"/>
    <Peak1D F1="2.524107" intensity="2.089476e-001" type="0"/>
    <Peak1D F1="2.519697" intensity="4.037830e-001" type="0"/>
    <Peak1D F1="2.515190" intensity="5.439199e-001" type="0"/>
    <Peak1D F1="2.510705" intensity="4.021177e-001" type="0"/>
    <Peak1D F1="2.506353" intensity="2.057463e-001" type="0"/>
    <Peak1D F1="2.471534" intensity="1.611832e-002" type="0"/>
    <Peak1D F1="2.454767" intensity="3.598022e-002" type="0"/>
    <Peak1D F1="2.446612" intensity="2.810256e-002" type="0"/>
    <Peak1D F1="2.436378" intensity="5.605063e-002" type="0"/>
    <Peak1D F1="2.417758" intensity="3.780285e-002" type="0"/>
    <Peak1D F1="2.401683" intensity="4.794192e-002" type="0"/>
    <Peak1D F1="2.394028" intensity="4.224689e-002" type="0"/>
    <Peak1D F1="2.384724" intensity="5.950487e-002" type="0"/>
    <Peak1D F1="2.366574" intensity="1.458113e-001" type="0"/>
    <Peak1D F1="2.362940" intensity="1.480829e-001" type="0"/>
    <Peak1D F1="2.348345" intensity="2.282330e-001" type="0"/>
    <Peak1D F1="2.345227" intensity="2.474782e-001" type="0"/>
    <Peak1D F1="2.342848" intensity="2.460717e-001" type="0"/>
    <Peak1D F1="2.327496" intensity="1.799060e-001" type="0"/>
    <Peak1D F1="2.324500" intensity="1.868287e-001" type="0"/>
    <Peak1D F1="2.319413" intensity="1.744079e-001" type="0"/>
    <Peak1D F1="2.316242" intensity="1.527984e-001" type="0"/>
    <Peak1D F1="2.305085" intensity="1.038612e-001" type="0"/>
    <Peak1D F1="2.297183" intensity="7.519382e-002" type="0"/>
    <Peak1D F1="2.285505" intensity="9.439515e-002" type="0"/>
    <Peak1D F1="2.270751" intensity="1.436473e-001" type="0"/>
    <Peak1D F1="2.249179" intensity="7.338835e-001" type="0"/>
    <Peak1D F1="2.234713" intensity="1.737320e+000" type="0"/>
    <Peak1D F1="2.225478" intensity="2.778023e+000" type="0"/>
    <Peak1D F1="2.219419" intensity="3.405659e+000" type="0"/>
    <Peak1D F1="2.210010" intensity="4.715805e+000" type="0"/>
    <Peak1D F1="2.196934" intensity="3.962542e+000" type="0"/>
    <Peak1D F1="2.190203" intensity="2.764764e+000" type="0"/>
    <Peak1D F1="2.186463" intensity="2.867497e+000" type="0"/>
    <Peak1D F1="2.180403" intensity="3.435618e+000" type="0"/>
    <Peak1D F1="2.161457" intensity="1.397353e+001" type="0"/>
    <Peak1D F1="2.158420" intensity="1.500000e+001" type="0"/>
    <Peak1D F1="2.142330" intensity="1.171552e+000" type="0"/>
    <Peak1D F1="2.129281" intensity="7.567348e-001" type="0"/>
    <Peak1D F1="2.120413" intensity="9.284348e-001" type="0"/>
    <Peak1D F1="2.096740" intensity="8.668027e-001" type="0"/>
    <Peak1D F1="2.093341" intensity="9.238591e-001" type="0"/>
    <Peak1D F1="2.092055" intensity="9.499650e-001" type="0"/>
    <Peak1D F1="2.085820" intensity="3.047878e-001" type="0"/>
    <Peak1D F1="2.067769" intensity="1.933724e-001" type="0"/>
    <Peak1D F1="2.057469" intensity="2.723900e-001" type="0"/>
    <Peak1D F1="2.051272" intensity="1.876661e-001" type="0"/>
    <Peak1D F1="2.039349" intensity="1.318860e-001" type="0"/>
    <Peak1D F1="2.021606" intensity="1.202307e-001" type="0"/>
    <Peak1D F1="2.000358" intensity="2.168880e-001" type="0"/>
    <Peak1D F1="1.997664" intensity="2.307334e-001" type="0"/>
    <Peak1D F1="1.987431" intensity="1.059610e+000" type="0"/>
    <Peak1D F1="1.984303" intensity="1.111425e+000" type="0"/>
    <Peak1D F1="1.976436" intensity="4.620170e-001" type="0"/>
    <Peak1D F1="1.964109" intensity="1.113676e+001" type="0"/>
    <Peak1D F1="1.960872" intensity="1.189623e+001" type="0"/>
    <Peak1D F1="1.935879" intensity="2.298664e-001" type="0"/>
    <Peak1D F1="1.926428" intensity="2.758360e-001" type="0"/>
    <Peak1D F1="1.911911" intensity="2.194368e-001" type="0"/>
    <Peak1D F1="1.905469" intensity="2.717117e-001" type="0"/>
    <Peak1D F1="1.887570" intensity="9.465113e-002" type="0"/>
    <Peak1D F1="1.879398" intensity="9.794240e-002" type="0"/>
    <Peak1D F1="1.876049" intensity="9.751198e-002" type="0"/>
    <Peak1D F1="1.868093" intensity="7.870358e-002" type="0"/>
    <Peak1D F1="1.852291" intensity="2.266042e-001" type="0"/>
    <Peak1D F1="1.849134" intensity="2.245882e-001" type="0"/>
    <Peak1D F1="1.824109" intensity="8.754523e-002" type="0"/>
    <Peak1D F1="1.811230" intensity="1.370426e-001" type="0"/>
    <Peak1D F1="1.803607" intensity="1.553351e-001" type="0"/>
    <Peak1D F1="1.800336" intensity="1.775758e-001" type="0"/>
    <Peak1D F1="1.783877" intensity="1.000107e-001" type="0"/>
    <Peak1D F1="1.765498" intensity="2.929794e-001" type="0"/>
    <Peak1D F1="1.755866" intensity="1.873698e-001" type="0"/>
    <Peak1D F1="1.749019" intensity="2.086092e-001" type="0"/>
    <Peak1D F1="1.743572" intensity="2.754774e-001" type="0"/>
    <Peak1D F1="1.740255" intensity="2.845305e-001" type="0"/>
    <Peak1D F1="1.736037" intensity="2.818047e-001" type="0"/>
    <Peak1D F1="1.731900" intensity="2.585227e-001" type="0"/>
    <Peak1D F1="1.726863" intensity="3.163829e-001" type="0"/>
    <Peak1D F1="1.723389" intensity="3.303902e-001" type="0"/>
    <Peak1D F1="1.720526" intensity="3.378054e-001" type="0"/>
    <Peak1D F1="1.717718" intensity="3.432419e-001" type="0"/>
    <Peak1D F1="1.714393" intensity="3.587898e-001" type="0"/>
    <Peak1D F1="1.710806" intensity="3.968958e-001" type="0"/>
    <Peak1D F1="1.706730" intensity="4.052663e-001" type="0"/>
    <Peak1D F1="1.700951" intensity="4.503593e-001" type="0"/>
    <Peak1D F1="1.693419" intensity="3.580553e-001" type="0"/>
    <Peak1D F1="1.689486" intensity="3.238113e-001" type="0"/>
    <Peak1D F1="1.682939" intensity="4.393494e-001" type="0"/>
    <Peak1D F1="1.679462" intensity="4.963732e-001" type="0"/>
    <Peak1D F1="1.656562" intensity="1.128638e+001" type="0"/>
    <Peak1D F1="1.642155" intensity="9.107574e+000" type="0"/>
    <Peak1D F1="1.593009" intensity="1.188886e+001" type="0"/>
    <Peak1D F1="1.571476" intensity="9.809182e+000" type="0"/>
    <Peak1D F1="1.518653" intensity="2.242093e-001" type="0"/>
    <Peak1D F1="1.514081" intensity="2.026602e-001" type="0"/>
    <Peak1D F1="1.510250" intensity="1.996491e-001" type="0"/>
    <Peak1D F1="1.498833" intensity="2.339991e-001" type="0"/>
    <Peak1D F1="1.485446" intensity="1.910735e-001" type="0"/>
    <Peak1D F1="1.470595" intensity="1.838873e-001" type="0"/>
    <Peak1D F1="1.453012" intensity="1.344990e-001" type="0"/>
    <Peak1D F1="1.444586" intensity="1.365028e-001" type="0"/>
    <Peak1D F1="1.433618" intensity="2.090696e-001" type="0"/>
    <Peak1D F1="1.427292" intensity="3.383719e-001" type="0"/>
    <Peak1D F1="1.412307" intensity="3.008175e-001" type="0"/>
    <Peak1D F1="1.393934" intensity="1.625708e-001" type="0"/>
    <Peak1D F1="1.386158" intensity="1.107152e-001" type="0"/>
    <Peak1D F1="1.375065" intensity="2.100128e-001" type="0"/>
    <Peak1D F1="1.368660" intensity="1.267068e-001" type="0"/>
    <Peak1D F1="1.355845" intensity="1.615437e-001" type="0"/>
    <Peak1D F1="1.352299" intensity="1.936136e-001" type="0"/>
    <Peak1D F1="1.339458" intensity="1.125660e-001" type="0"/>
    <Peak1D F1="1.326684" intensity="9.283057e-002" type="0"/>
    <Peak1D F1="1.318288" intensity="1.219342e-001" type="0"/>
    <Peak1D F1="1.310871" intensity="1.376410e-001" type="0"/>
    <Peak1D F1="1.304595" intensity="1.107510e-001" type="0"/>
    <Peak1D F1="1.293271" intensity="1.127495e-001" type="0"/>
    <Peak1D F1="1.276175" intensity="2.001457e-001" type="0"/>
    <Peak1D F1="1.268936" intensity="1.909187e-001" type="0"/>
    <Peak1D F1="1.255795" intensity="2.314994e-001" type="0"/>
    <Peak1D F1="1.244305" intensity="3.507377e-001" type="0"/>
    <Peak1D F1="1.229613" intensity="2.195099e+000" type="0"/>
    <Peak1D F1="1.218373" intensity="5.136683e+000" type="0"/>
    <Peak1D F1="1.210324" intensity="8.794380e-001" type="0"/>
    <Peak1D F1="1.197936" intensity="4.696272e-001" type="0"/>
    <Peak1D F1="1.182751" intensity="4.201539e-001" type="0"/>
    <Peak1D F1="1.174477" intensity="2.136955e-001" type="0"/>
    <Peak1D F1="1.154399" intensity="2.341525e-001" type="0"/>
    <Peak1D F1="1.148111" intensity="2.071215e-001" type="0"/>
    <Peak1D F1="1.140664" intensity="3.143600e-001" type="0"/>
    <Peak1D F1="1.128230" intensity="1.683493e-001" type="0"/>
    <Peak1D F1="1.118271" intensity="2.929680e-001" type="0"/>
    <Peak1D F1="1.111288" intensity="3.192871e-001" type="0"/>
    <Peak1D F1="1.100816" intensity="3.244915e-001" type="0"/>
    <Peak1D F1="1.091802" intensity="3.157137e-001" type="0"/>
    <Peak1D F1="1.079749" intensity="3.249975e-001" type="0"/>
    <Peak1D F1="1.076611" intensity="3.343709e-001" type="0"/>
    <Peak1D F1="1.062504" intensity="2.863592e-001" type="0"/>
    <Peak1D F1="1.038471" intensity="1.572740e-001" type="0"/>
    <Peak1D F1="1.029587" intensity="2.231805e-001" type="0"/>
    <Peak1D F1="1.012976" intensity="1.565534e-001" type="0"/>
    <Peak1D F1="1.003769" intensity="1.445988e-001" type="0"/>
    <Peak1D F1="0.984470" intensity="1.656674e-001" type="0"/>
    <Peak1D F1="0.961512" intensity="1.279863e-001" type="0"/>
    <Peak1D F1="0.941126" intensity="7.958961e-002" type="0"/>
    <Peak1D F1="0.934007" intensity="1.142267e-001" type="0"/>
    <Peak1D F1="0.924291" intensity="1.078963e-001" type="0"/>
    <Peak1D F1="0.902601" intensity="1.740939e-001" type="0"/>
    <Peak1D F1="0.891723" intensity="1.219849e-001" type="0"/>
    <Peak1D F1="0.885237" intensity="1.785792e-001" type="0"/>
    <Peak1D F1="0.863209" intensity="6.950177e-002" type="0"/>
    <Peak1D F1="0.851200" intensity="5.340828e-002" type="0"/>
    <Peak1D F1="0.842837" intensity="5.188387e-002" type="0"/>
    <Peak1D F1="0.835026" intensity="4.291163e-002" type="0"/>
    <Peak1D F1="0.822470" intensity="4.333515e-002" type="0"/>
    <Peak1D F1="0.797557" intensity="1.310864e-001" type="0"/>
    <Peak1D F1="0.780563" intensity="1.270375e-001" type="0"/>
    <Peak1D F1="0.764998" intensity="2.042603e-002" type="0"/>
    <Peak1D F1="0.737458" intensity="1.983064e-002" type="0"/>
    <Peak1D F1="0.719635" intensity="2.620480e-002" type="0"/>
    <Peak1D F1="0.694381" intensity="9.570196e-003" type="0"/>
    <Peak1D F1="0.686367" intensity="9.337312e-003" type="0"/>
    <Peak1D F1="0.665903" intensity="9.836643e-003" type="0"/>
    <Peak1D F1="0.645994" intensity="6.638820e-003" type="0"/>
    <Peak1D F1="0.639301" intensity="6.557054e-003" type="0"/>
    <Peak1D F1="0.623929" intensity="6.925956e-003" type="0"/>
    <Peak1D F1="0.607789" intensity="3.929719e-002" type="0"/>
    <Peak1D F1="0.540580" intensity="3.436378e-003" type="0"/>
    <Peak1D F1="0.480675" intensity="2.562515e-003" type="0"/>
    <Peak1D F1="0.463226" intensity="2.606802e-003" type="0"/>
    <Peak1D F1="0.450592" intensity="2.244338e-003" type="0"/>
    <Peak1D F1="0.433453" intensity="2.006669e-003" type="0"/>
    <Peak1D F1="0.007881" intensity="5.280657e-003" type="0"/>
    <Peak1D F1="-0.000156" intensity="1.405839e-001" type="0"/>
    <Peak1D F1="-0.008348" intensity="6.575890e-003" type="0"/>
  </PeakList1D>
</PeakList>
