<?xml version="1.0" encoding="UTF-8"?>
<PeakList>
  <PeakList1D>
    <PeakList1DHeader creator="root" date="2021-09-13T15:30:50.271+08:00" expNo="1" name="0913YSYWZ" owner="" procNo="1" source="D:/Zhi-Ming Zhang">
      <PeakPickDetails>F1=16.192129ppm, F2=-3.833414ppm, MI=0.00cm, MAXI=10000.00cm, PC=1.000
      </PeakPickDetails>
    </PeakList1DHeader>
    <Peak1D F1="4.213161" intensity="7.149392e-002" type="0"/>
    <Peak1D F1="4.197068" intensity="5.070259e-002" type="0"/>
    <Peak1D F1="4.050135" intensity="3.016807e+000" type="0"/>
    <Peak1D F1="4.032857" intensity="5.787300e+000" type="0"/>
    <Peak1D F1="4.015885" intensity="3.268706e+000" type="0"/>
    <Peak1D F1="3.917381" intensity="7.540905e-002" type="0"/>
    <Peak1D F1="3.902212" intensity="7.812089e-002" type="0"/>
    <Peak1D F1="3.890527" intensity="1.326859e-001" type="0"/>
    <Peak1D F1="3.875384" intensity="1.318207e-001" type="0"/>
    <Peak1D F1="3.847550" intensity="4.413811e-002" type="0"/>
    <Peak1D F1="3.835829" intensity="1.332170e-001" type="0"/>
    <Peak1D F1="3.819346" intensity="1.312042e-001" type="0"/>
    <Peak1D F1="3.809186" intensity="7.302269e-002" type="0"/>
    <Peak1D F1="3.792502" intensity="6.942207e-002" type="0"/>
    <Peak1D F1="3.454528" intensity="7.828598e-002" type="0"/>
    <Peak1D F1="3.438086" intensity="1.495175e-001" type="0"/>
    <Peak1D F1="3.421562" intensity="8.358370e-002" type="0"/>
    <Peak1D F1="3.259469" intensity="1.466541e-001" type="0"/>
    <Peak1D F1="2.511712" intensity="2.424862e-001" type="0"/>
    <Peak1D F1="2.141745" intensity="1.166683e-001" type="0"/>
    <Peak1D F1="1.998036" intensity="1.491567e+000" type="0"/>
    <Peak1D F1="1.981064" intensity="1.473323e+001" type="0"/>
    <Peak1D F1="1.905332" intensity="8.545105e-001" type="0"/>
    <Peak1D F1="1.818860" intensity="1.156963e-001" type="0"/>
    <Peak1D F1="1.728675" intensity="3.460542e-002" type="0"/>
    <Peak1D F1="1.711680" intensity="1.793543e-001" type="0"/>
    <Peak1D F1="1.694838" intensity="5.918649e-001" type="0"/>
    <Peak1D F1="1.678035" intensity="1.197072e+000" type="0"/>
    <Peak1D F1="1.661254" intensity="1.574067e+000" type="0"/>
    <Peak1D F1="1.644525" intensity="1.385845e+000" type="0"/>
    <Peak1D F1="1.627877" intensity="7.940425e-001" type="0"/>
    <Peak1D F1="1.611296" intensity="2.773221e-001" type="0"/>
    <Peak1D F1="1.594873" intensity="6.111502e-002" type="0"/>
    <Peak1D F1="1.498404" intensity="1.780750e+000" type="0"/>
    <Peak1D F1="1.481163" intensity="4.538777e+000" type="0"/>
    <Peak1D F1="1.463998" intensity="4.348004e+000" type="0"/>
    <Peak1D F1="1.447027" intensity="1.561837e+000" type="0"/>
    <Peak1D F1="1.425374" intensity="1.270432e-001" type="0"/>
    <Peak1D F1="1.406823" intensity="1.120857e-001" type="0"/>
    <Peak1D F1="1.389969" intensity="8.671141e-002" type="0"/>
    <Peak1D F1="1.373135" intensity="6.120205e-002" type="0"/>
    <Peak1D F1="1.353592" intensity="9.436329e-002" type="0"/>
    <Peak1D F1="1.336468" intensity="2.075636e-001" type="0"/>
    <Peak1D F1="1.319855" intensity="2.075323e-001" type="0"/>
    <Peak1D F1="1.303841" intensity="8.944578e-002" type="0"/>
    <Peak1D F1="1.211415" intensity="1.652688e-002" type="0"/>
    <Peak1D F1="1.192662" intensity="5.121040e-002" type="0"/>
    <Peak1D F1="1.174185" intensity="8.070124e-002" type="0"/>
    <Peak1D F1="1.156969" intensity="8.076586e-002" type="0"/>
    <Peak1D F1="1.139847" intensity="6.906904e-002" type="0"/>
    <Peak1D F1="1.121605" intensity="4.798999e-002" type="0"/>
    <Peak1D F1="1.102898" intensity="2.044629e-002" type="0"/>
    <Peak1D F1="1.060145" intensity="1.282018e-001" type="0"/>
    <Peak1D F1="1.043727" intensity="1.233308e-001" type="0"/>
    <Peak1D F1="0.905812" intensity="1.419662e+001" type="0"/>
    <Peak1D F1="0.888771" intensity="1.500000e+001" type="0"/>
    <Peak1D F1="0.860013" intensity="1.355880e+000" type="0"/>
    <Peak1D F1="0.749034" intensity="1.402375e-001" type="0"/>
    <Peak1D F1="0.732486" intensity="1.320083e-001" type="0"/>
    <Peak1D F1="-0.000154" intensity="3.431120e-002" type="0"/>
  </PeakList1D>
</PeakList>
