<?xml version="1.0" encoding="UTF-8"?>
<PeakList>
  <PeakList1D>
    <PeakList1DHeader creator="root" date="2021-09-26T19:45:01.872+08:00" expNo="1" name="0926xj14" owner="" procNo="1" source="D:/Zhi-Ming Zhang">
      <PeakPickDetails>F1=16.155230ppm, F2=-3.870313ppm, MI=0.00cm, MAXI=10000.00cm, PC=1.000
      </PeakPickDetails>
    </PeakList1DHeader>
    <Peak1D F1="12.177462" intensity="2.063109e-003" type="0"/>
    <Peak1D F1="12.135624" intensity="2.305426e-003" type="0"/>
    <Peak1D F1="12.073935" intensity="2.684070e-003" type="0"/>
    <Peak1D F1="12.046336" intensity="2.702243e-003" type="0"/>
    <Peak1D F1="11.993184" intensity="2.653064e-003" type="0"/>
    <Peak1D F1="11.983699" intensity="2.566083e-003" type="0"/>
    <Peak1D F1="11.864692" intensity="1.774294e-003" type="0"/>
    <Peak1D F1="11.855179" intensity="1.680476e-003" type="0"/>
    <Peak1D F1="11.783037" intensity="1.250346e-003" type="0"/>
    <Peak1D F1="11.736483" intensity="1.168105e-003" type="0"/>
    <Peak1D F1="11.326172" intensity="2.915748e-003" type="0"/>
    <Peak1D F1="11.123785" intensity="4.495948e-003" type="0"/>
    <Peak1D F1="10.253040" intensity="4.916888e-003" type="0"/>
    <Peak1D F1="9.958715" intensity="1.668284e-002" type="0"/>
    <Peak1D F1="9.938719" intensity="1.682945e-002" type="0"/>
    <Peak1D F1="9.864454" intensity="5.642049e-003" type="0"/>
    <Peak1D F1="9.844141" intensity="5.705919e-003" type="0"/>
    <Peak1D F1="9.783886" intensity="1.453223e-002" type="0"/>
    <Peak1D F1="9.621155" intensity="2.955721e-003" type="0"/>
    <Peak1D F1="9.601643" intensity="3.035738e-003" type="0"/>
    <Peak1D F1="8.923826" intensity="1.902848e-003" type="0"/>
    <Peak1D F1="8.857026" intensity="2.825958e-003" type="0"/>
    <Peak1D F1="8.814559" intensity="2.686185e-003" type="0"/>
    <Peak1D F1="8.640062" intensity="1.067615e+000" type="0"/>
    <Peak1D F1="8.473984" intensity="1.050109e-003" type="0"/>
    <Peak1D F1="8.460313" intensity="1.630329e-003" type="0"/>
    <Peak1D F1="8.245585" intensity="4.463467e-003" type="0"/>
    <Peak1D F1="8.162336" intensity="1.241391e-003" type="0"/>
    <Peak1D F1="8.134666" intensity="1.359434e-002" type="0"/>
    <Peak1D F1="8.083210" intensity="1.810185e-003" type="0"/>
    <Peak1D F1="7.647512" intensity="1.837309e-003" type="0"/>
    <Peak1D F1="7.629233" intensity="1.705981e-003" type="0"/>
    <Peak1D F1="7.605796" intensity="2.124030e-003" type="0"/>
    <Peak1D F1="7.600558" intensity="2.535148e-003" type="0"/>
    <Peak1D F1="7.580462" intensity="3.762095e-003" type="0"/>
    <Peak1D F1="7.573829" intensity="4.839600e-003" type="0"/>
    <Peak1D F1="7.568937" intensity="4.171659e-003" type="0"/>
    <Peak1D F1="7.549505" intensity="1.936257e-002" type="0"/>
    <Peak1D F1="7.531748" intensity="2.748162e-002" type="0"/>
    <Peak1D F1="7.518089" intensity="1.007394e-002" type="0"/>
    <Peak1D F1="7.512946" intensity="1.312462e-002" type="0"/>
    <Peak1D F1="7.503721" intensity="6.601003e-003" type="0"/>
    <Peak1D F1="7.487307" intensity="1.113640e-002" type="0"/>
    <Peak1D F1="7.480639" intensity="9.576918e-003" type="0"/>
    <Peak1D F1="7.471704" intensity="1.101128e-002" type="0"/>
    <Peak1D F1="7.465593" intensity="9.834797e-003" type="0"/>
    <Peak1D F1="7.458340" intensity="8.401226e-003" type="0"/>
    <Peak1D F1="7.446460" intensity="1.004533e-002" type="0"/>
    <Peak1D F1="7.412849" intensity="3.216098e-002" type="0"/>
    <Peak1D F1="7.404266" intensity="2.371616e-002" type="0"/>
    <Peak1D F1="7.390591" intensity="3.420576e-002" type="0"/>
    <Peak1D F1="7.355112" intensity="5.241511e-001" type="0"/>
    <Peak1D F1="7.343037" intensity="5.188179e+000" type="0"/>
    <Peak1D F1="7.334393" intensity="5.004919e+000" type="0"/>
    <Peak1D F1="7.331821" intensity="5.521262e+000" type="0"/>
    <Peak1D F1="7.317110" intensity="6.984041e-001" type="0"/>
    <Peak1D F1="7.313099" intensity="7.110385e-001" type="0"/>
    <Peak1D F1="7.310007" intensity="8.185688e-001" type="0"/>
    <Peak1D F1="7.306061" intensity="1.012671e+000" type="0"/>
    <Peak1D F1="7.296205" intensity="9.592944e-001" type="0"/>
    <Peak1D F1="7.289389" intensity="6.496253e-001" type="0"/>
    <Peak1D F1="7.284553" intensity="8.934338e-001" type="0"/>
    <Peak1D F1="7.277553" intensity="4.017577e-001" type="0"/>
    <Peak1D F1="7.273370" intensity="3.978914e-001" type="0"/>
    <Peak1D F1="7.269426" intensity="2.367660e-001" type="0"/>
    <Peak1D F1="7.263248" intensity="1.648358e-001" type="0"/>
    <Peak1D F1="7.255433" intensity="3.717886e-002" type="0"/>
    <Peak1D F1="7.178075" intensity="1.361843e-003" type="0"/>
    <Peak1D F1="7.167254" intensity="2.014158e-003" type="0"/>
    <Peak1D F1="7.150177" intensity="2.102403e-002" type="0"/>
    <Peak1D F1="7.131347" intensity="2.387110e-002" type="0"/>
    <Peak1D F1="7.114208" intensity="2.965010e-003" type="0"/>
    <Peak1D F1="7.109078" intensity="5.236405e-003" type="0"/>
    <Peak1D F1="7.096556" intensity="5.146408e-003" type="0"/>
    <Peak1D F1="7.085991" intensity="5.804743e-003" type="0"/>
    <Peak1D F1="7.075052" intensity="3.494580e-003" type="0"/>
    <Peak1D F1="7.063889" intensity="1.572490e-003" type="0"/>
    <Peak1D F1="7.005898" intensity="3.558314e-003" type="0"/>
    <Peak1D F1="6.985266" intensity="3.749137e-003" type="0"/>
    <Peak1D F1="6.965027" intensity="2.139293e-003" type="0"/>
    <Peak1D F1="6.953652" intensity="1.221151e-002" type="0"/>
    <Peak1D F1="6.933822" intensity="1.280234e-002" type="0"/>
    <Peak1D F1="6.907991" intensity="1.352704e-002" type="0"/>
    <Peak1D F1="6.887075" intensity="6.048353e-003" type="0"/>
    <Peak1D F1="6.857725" intensity="3.451049e-003" type="0"/>
    <Peak1D F1="6.845171" intensity="4.477229e-003" type="0"/>
    <Peak1D F1="6.824647" intensity="7.606964e-003" type="0"/>
    <Peak1D F1="6.820208" intensity="7.643472e-003" type="0"/>
    <Peak1D F1="6.800581" intensity="1.473299e-002" type="0"/>
    <Peak1D F1="6.759834" intensity="2.265723e+000" type="0"/>
    <Peak1D F1="6.749714" intensity="1.732773e-001" type="0"/>
    <Peak1D F1="6.739913" intensity="2.800842e+000" type="0"/>
    <Peak1D F1="6.717575" intensity="2.128098e+000" type="0"/>
    <Peak1D F1="6.712925" intensity="2.267091e+000" type="0"/>
    <Peak1D F1="6.672939" intensity="9.666970e-003" type="0"/>
    <Peak1D F1="6.658160" intensity="7.982871e-003" type="0"/>
    <Peak1D F1="6.634905" intensity="4.639431e-003" type="0"/>
    <Peak1D F1="6.621251" intensity="1.180804e-002" type="0"/>
    <Peak1D F1="6.585875" intensity="1.271009e+000" type="0"/>
    <Peak1D F1="6.581161" intensity="1.209360e+000" type="0"/>
    <Peak1D F1="6.565934" intensity="1.038394e+000" type="0"/>
    <Peak1D F1="6.561213" intensity="9.820240e-001" type="0"/>
    <Peak1D F1="6.537816" intensity="1.058110e-002" type="0"/>
    <Peak1D F1="6.522224" intensity="1.436033e-002" type="0"/>
    <Peak1D F1="6.503188" intensity="1.115629e-003" type="0"/>
    <Peak1D F1="6.387393" intensity="2.633121e-003" type="0"/>
    <Peak1D F1="6.383228" intensity="2.501731e-003" type="0"/>
    <Peak1D F1="6.367702" intensity="2.029975e-003" type="0"/>
    <Peak1D F1="6.363428" intensity="2.185721e-003" type="0"/>
    <Peak1D F1="6.127031" intensity="1.846814e-003" type="0"/>
    <Peak1D F1="6.109880" intensity="2.212120e-003" type="0"/>
    <Peak1D F1="6.006929" intensity="1.373347e-003" type="0"/>
    <Peak1D F1="5.979342" intensity="2.868371e-001" type="0"/>
    <Peak1D F1="5.962514" intensity="6.222939e-001" type="0"/>
    <Peak1D F1="5.954353" intensity="3.358783e-001" type="0"/>
    <Peak1D F1="5.945739" intensity="3.325772e-001" type="0"/>
    <Peak1D F1="5.937327" intensity="9.394170e-001" type="0"/>
    <Peak1D F1="5.920190" intensity="9.593267e-001" type="0"/>
    <Peak1D F1="5.911840" intensity="3.710276e-001" type="0"/>
    <Peak1D F1="5.903220" intensity="3.633879e-001" type="0"/>
    <Peak1D F1="5.894996" intensity="7.181937e-001" type="0"/>
    <Peak1D F1="5.878237" intensity="3.379235e-001" type="0"/>
    <Peak1D F1="5.796631" intensity="6.177374e-003" type="0"/>
    <Peak1D F1="5.779277" intensity="4.444789e-003" type="0"/>
    <Peak1D F1="5.743088" intensity="2.688495e-003" type="0"/>
    <Peak1D F1="5.726029" intensity="2.449528e-003" type="0"/>
    <Peak1D F1="5.529835" intensity="1.679291e-003" type="0"/>
    <Peak1D F1="5.414490" intensity="1.280094e-003" type="0"/>
    <Peak1D F1="5.357788" intensity="3.429956e-001" type="0"/>
    <Peak1D F1="5.355010" intensity="3.578522e-001" type="0"/>
    <Peak1D F1="5.341823" intensity="6.914283e-001" type="0"/>
    <Peak1D F1="5.338988" intensity="6.964585e-001" type="0"/>
    <Peak1D F1="5.325836" intensity="3.661116e-001" type="0"/>
    <Peak1D F1="5.323068" intensity="3.557352e-001" type="0"/>
    <Peak1D F1="5.287485" intensity="5.757787e-003" type="0"/>
    <Peak1D F1="5.271563" intensity="4.246639e-003" type="0"/>
    <Peak1D F1="5.259735" intensity="9.435277e-003" type="0"/>
    <Peak1D F1="5.254881" intensity="1.177873e-002" type="0"/>
    <Peak1D F1="5.248026" intensity="5.235207e-002" type="0"/>
    <Peak1D F1="5.217469" intensity="8.021231e-003" type="0"/>
    <Peak1D F1="5.212215" intensity="9.830712e-003" type="0"/>
    <Peak1D F1="5.207635" intensity="1.082322e-002" type="0"/>
    <Peak1D F1="5.202397" intensity="9.161273e-003" type="0"/>
    <Peak1D F1="5.189139" intensity="9.129625e-003" type="0"/>
    <Peak1D F1="5.182264" intensity="1.241796e-002" type="0"/>
    <Peak1D F1="5.177105" intensity="1.185869e-002" type="0"/>
    <Peak1D F1="5.174181" intensity="1.212594e-002" type="0"/>
    <Peak1D F1="5.169933" intensity="1.120627e-002" type="0"/>
    <Peak1D F1="5.150290" intensity="1.482974e-002" type="0"/>
    <Peak1D F1="5.118824" intensity="3.307847e-001" type="0"/>
    <Peak1D F1="5.115551" intensity="3.146870e-001" type="0"/>
    <Peak1D F1="5.105068" intensity="5.536641e-001" type="0"/>
    <Peak1D F1="5.102011" intensity="6.637672e-001" type="0"/>
    <Peak1D F1="5.098828" intensity="5.611807e-001" type="0"/>
    <Peak1D F1="5.087701" intensity="3.808705e-001" type="0"/>
    <Peak1D F1="5.084409" intensity="4.589225e-001" type="0"/>
    <Peak1D F1="5.080953" intensity="4.406006e-001" type="0"/>
    <Peak1D F1="5.065677" intensity="9.348655e+000" type="0"/>
    <Peak1D F1="5.031008" intensity="4.374144e-001" type="0"/>
    <Peak1D F1="5.027055" intensity="9.598176e-001" type="0"/>
    <Peak1D F1="5.022317" intensity="1.078854e+000" type="0"/>
    <Peak1D F1="5.017050" intensity="8.067377e-001" type="0"/>
    <Peak1D F1="5.013240" intensity="1.147450e+000" type="0"/>
    <Peak1D F1="5.010807" intensity="1.019278e+000" type="0"/>
    <Peak1D F1="5.008289" intensity="9.813884e-001" type="0"/>
    <Peak1D F1="4.988234" intensity="1.040430e+000" type="0"/>
    <Peak1D F1="4.985713" intensity="9.335424e-001" type="0"/>
    <Peak1D F1="4.983314" intensity="8.998451e-001" type="0"/>
    <Peak1D F1="4.930665" intensity="4.088815e-003" type="0"/>
    <Peak1D F1="4.915493" intensity="4.398532e-003" type="0"/>
    <Peak1D F1="4.912162" intensity="4.445836e-003" type="0"/>
    <Peak1D F1="4.900735" intensity="8.002456e-003" type="0"/>
    <Peak1D F1="4.879154" intensity="5.262280e-002" type="0"/>
    <Peak1D F1="4.832251" intensity="3.377520e-003" type="0"/>
    <Peak1D F1="4.827866" intensity="4.195261e-003" type="0"/>
    <Peak1D F1="4.814700" intensity="3.929414e-003" type="0"/>
    <Peak1D F1="4.789611" intensity="3.438374e-003" type="0"/>
    <Peak1D F1="4.607498" intensity="1.106760e-003" type="0"/>
    <Peak1D F1="4.553114" intensity="7.543450e-003" type="0"/>
    <Peak1D F1="4.450972" intensity="3.633823e-001" type="0"/>
    <Peak1D F1="4.320869" intensity="1.653917e-003" type="0"/>
    <Peak1D F1="4.306324" intensity="1.252647e-003" type="0"/>
    <Peak1D F1="4.256649" intensity="2.129617e-002" type="0"/>
    <Peak1D F1="4.189499" intensity="6.186629e-003" type="0"/>
    <Peak1D F1="4.178385" intensity="5.137624e-003" type="0"/>
    <Peak1D F1="4.147786" intensity="1.946593e-003" type="0"/>
    <Peak1D F1="4.134933" intensity="2.512646e-003" type="0"/>
    <Peak1D F1="4.123951" intensity="1.883996e-003" type="0"/>
    <Peak1D F1="4.112299" intensity="2.488483e-003" type="0"/>
    <Peak1D F1="4.100850" intensity="3.085433e-003" type="0"/>
    <Peak1D F1="4.018704" intensity="1.015851e+000" type="0"/>
    <Peak1D F1="4.004826" intensity="1.003739e+000" type="0"/>
    <Peak1D F1="3.946901" intensity="4.978215e-003" type="0"/>
    <Peak1D F1="3.933661" intensity="5.204843e-003" type="0"/>
    <Peak1D F1="3.917068" intensity="8.205944e-002" type="0"/>
    <Peak1D F1="3.894755" intensity="3.357185e-003" type="0"/>
    <Peak1D F1="3.883716" intensity="3.958398e-003" type="0"/>
    <Peak1D F1="3.876467" intensity="3.294469e-003" type="0"/>
    <Peak1D F1="3.867074" intensity="4.235422e-003" type="0"/>
    <Peak1D F1="3.839578" intensity="3.315138e-002" type="0"/>
    <Peak1D F1="3.833813" intensity="2.849991e-002" type="0"/>
    <Peak1D F1="3.827458" intensity="5.601652e-002" type="0"/>
    <Peak1D F1="3.820446" intensity="2.286068e-002" type="0"/>
    <Peak1D F1="3.809397" intensity="1.606517e-002" type="0"/>
    <Peak1D F1="3.800379" intensity="3.155653e-002" type="0"/>
    <Peak1D F1="3.788799" intensity="4.004908e-002" type="0"/>
    <Peak1D F1="3.780111" intensity="5.287825e-002" type="0"/>
    <Peak1D F1="3.739491" intensity="1.254484e+001" type="0"/>
    <Peak1D F1="3.693024" intensity="3.063537e-002" type="0"/>
    <Peak1D F1="3.683848" intensity="4.813140e-002" type="0"/>
    <Peak1D F1="3.673022" intensity="2.065909e-002" type="0"/>
    <Peak1D F1="3.656805" intensity="1.317190e-002" type="0"/>
    <Peak1D F1="3.639850" intensity="7.408385e-003" type="0"/>
    <Peak1D F1="3.629148" intensity="8.111376e-003" type="0"/>
    <Peak1D F1="3.615107" intensity="9.022376e-003" type="0"/>
    <Peak1D F1="3.605109" intensity="1.007671e-002" type="0"/>
    <Peak1D F1="3.574464" intensity="2.940909e-002" type="0"/>
    <Peak1D F1="3.557470" intensity="1.061631e-001" type="0"/>
    <Peak1D F1="3.500273" intensity="1.592406e-001" type="0"/>
    <Peak1D F1="3.419947" intensity="2.505103e-002" type="0"/>
    <Peak1D F1="3.403173" intensity="2.160574e-002" type="0"/>
    <Peak1D F1="3.368372" intensity="7.977817e-003" type="0"/>
    <Peak1D F1="3.351367" intensity="7.807473e-003" type="0"/>
    <Peak1D F1="3.263527" intensity="2.270526e+000" type="0"/>
    <Peak1D F1="3.246731" intensity="2.264487e+000" type="0"/>
    <Peak1D F1="3.103471" intensity="1.058718e-002" type="0"/>
    <Peak1D F1="3.086934" intensity="1.047728e-002" type="0"/>
    <Peak1D F1="2.841894" intensity="1.345326e-003" type="0"/>
    <Peak1D F1="2.827439" intensity="2.802653e-003" type="0"/>
    <Peak1D F1="2.814964" intensity="2.116007e-003" type="0"/>
    <Peak1D F1="2.784861" intensity="1.402832e-003" type="0"/>
    <Peak1D F1="2.772313" intensity="1.809355e-003" type="0"/>
    <Peak1D F1="2.683786" intensity="4.718219e-003" type="0"/>
    <Peak1D F1="2.671557" intensity="1.855514e-003" type="0"/>
    <Peak1D F1="2.651687" intensity="5.536218e-003" type="0"/>
    <Peak1D F1="2.647600" intensity="5.388518e-003" type="0"/>
    <Peak1D F1="2.631195" intensity="5.331690e-003" type="0"/>
    <Peak1D F1="2.618588" intensity="7.231455e-003" type="0"/>
    <Peak1D F1="2.601361" intensity="2.612522e-002" type="0"/>
    <Peak1D F1="2.584046" intensity="6.372545e-002" type="0"/>
    <Peak1D F1="2.566780" intensity="8.814578e-002" type="0"/>
    <Peak1D F1="2.549570" intensity="7.160030e-002" type="0"/>
    <Peak1D F1="2.532326" intensity="3.359577e-002" type="0"/>
    <Peak1D F1="2.521138" intensity="1.133267e-002" type="0"/>
    <Peak1D F1="2.514904" intensity="9.810608e-003" type="0"/>
    <Peak1D F1="2.505172" intensity="1.685753e-002" type="0"/>
    <Peak1D F1="2.483163" intensity="2.692395e-001" type="0"/>
    <Peak1D F1="2.478694" intensity="3.839192e-001" type="0"/>
    <Peak1D F1="2.474401" intensity="2.650725e-001" type="0"/>
    <Peak1D F1="2.470044" intensity="1.374862e-001" type="0"/>
    <Peak1D F1="2.462997" intensity="1.053223e-001" type="0"/>
    <Peak1D F1="2.456130" intensity="7.393191e-002" type="0"/>
    <Peak1D F1="2.447511" intensity="7.742125e-002" type="0"/>
    <Peak1D F1="2.441011" intensity="1.005104e-001" type="0"/>
    <Peak1D F1="2.425888" intensity="6.650686e-002" type="0"/>
    <Peak1D F1="2.411181" intensity="1.653834e-002" type="0"/>
    <Peak1D F1="2.404246" intensity="1.703656e-002" type="0"/>
    <Peak1D F1="2.398733" intensity="1.928676e-002" type="0"/>
    <Peak1D F1="2.392333" intensity="1.317729e-002" type="0"/>
    <Peak1D F1="2.382897" intensity="1.477294e-002" type="0"/>
    <Peak1D F1="2.374886" intensity="1.033267e-002" type="0"/>
    <Peak1D F1="2.367010" intensity="7.633706e-003" type="0"/>
    <Peak1D F1="2.359244" intensity="1.044571e-002" type="0"/>
    <Peak1D F1="2.346550" intensity="1.100037e-002" type="0"/>
    <Peak1D F1="2.334459" intensity="9.300981e-003" type="0"/>
    <Peak1D F1="2.330374" intensity="8.868338e-003" type="0"/>
    <Peak1D F1="2.324662" intensity="7.872803e-003" type="0"/>
    <Peak1D F1="2.320713" intensity="8.038577e-003" type="0"/>
    <Peak1D F1="2.309361" intensity="1.268439e-002" type="0"/>
    <Peak1D F1="2.305309" intensity="1.162840e-002" type="0"/>
    <Peak1D F1="2.296947" intensity="1.388824e-002" type="0"/>
    <Peak1D F1="2.291871" intensity="1.321631e-002" type="0"/>
    <Peak1D F1="2.276953" intensity="1.984479e-002" type="0"/>
    <Peak1D F1="2.271622" intensity="2.061508e-002" type="0"/>
    <Peak1D F1="2.259825" intensity="8.962914e-002" type="0"/>
    <Peak1D F1="2.254301" intensity="9.001476e-002" type="0"/>
    <Peak1D F1="2.248683" intensity="1.050983e-001" type="0"/>
    <Peak1D F1="2.239820" intensity="7.990471e-002" type="0"/>
    <Peak1D F1="2.227567" intensity="1.243943e-001" type="0"/>
    <Peak1D F1="2.216407" intensity="2.146200e-001" type="0"/>
    <Peak1D F1="2.209208" intensity="3.711039e-001" type="0"/>
    <Peak1D F1="2.203781" intensity="4.262549e-001" type="0"/>
    <Peak1D F1="2.198975" intensity="4.235444e-001" type="0"/>
    <Peak1D F1="2.193638" intensity="3.806241e-001" type="0"/>
    <Peak1D F1="2.188875" intensity="1.883542e-001" type="0"/>
    <Peak1D F1="2.176846" intensity="4.780410e-001" type="0"/>
    <Peak1D F1="2.171570" intensity="4.869125e-001" type="0"/>
    <Peak1D F1="2.166805" intensity="5.389494e-001" type="0"/>
    <Peak1D F1="2.161281" intensity="5.033283e-001" type="0"/>
    <Peak1D F1="2.145911" intensity="4.653052e-002" type="0"/>
    <Peak1D F1="2.129236" intensity="4.370210e-002" type="0"/>
    <Peak1D F1="2.120647" intensity="4.985360e-002" type="0"/>
    <Peak1D F1="2.097827" intensity="3.018638e-001" type="0"/>
    <Peak1D F1="2.080587" intensity="8.262045e-001" type="0"/>
    <Peak1D F1="2.056667" intensity="1.416815e+000" type="0"/>
    <Peak1D F1="2.041956" intensity="1.285780e+000" type="0"/>
    <Peak1D F1="2.028527" intensity="1.500000e+001" type="0"/>
    <Peak1D F1="2.007792" intensity="9.199145e-001" type="0"/>
    <Peak1D F1="1.988638" intensity="1.261339e+000" type="0"/>
    <Peak1D F1="1.974604" intensity="1.756696e+000" type="0"/>
    <Peak1D F1="1.950705" intensity="1.004148e+000" type="0"/>
    <Peak1D F1="1.944693" intensity="9.815932e-001" type="0"/>
    <Peak1D F1="1.927702" intensity="3.982936e-001" type="0"/>
    <Peak1D F1="1.922941" intensity="3.595635e-001" type="0"/>
    <Peak1D F1="1.914725" intensity="3.161914e-001" type="0"/>
    <Peak1D F1="1.909871" intensity="3.030020e-001" type="0"/>
    <Peak1D F1="1.896531" intensity="1.720155e-001" type="0"/>
    <Peak1D F1="1.883523" intensity="1.028418e-001" type="0"/>
    <Peak1D F1="1.880180" intensity="1.112354e-001" type="0"/>
    <Peak1D F1="1.876149" intensity="1.119390e-001" type="0"/>
    <Peak1D F1="1.865095" intensity="1.774920e-001" type="0"/>
    <Peak1D F1="1.843599" intensity="5.581938e-002" type="0"/>
    <Peak1D F1="1.819484" intensity="6.652170e-002" type="0"/>
    <Peak1D F1="1.811658" intensity="8.025876e-002" type="0"/>
    <Peak1D F1="1.802876" intensity="1.871784e-001" type="0"/>
    <Peak1D F1="1.797566" intensity="2.330029e-001" type="0"/>
    <Peak1D F1="1.788219" intensity="3.629984e-001" type="0"/>
    <Peak1D F1="1.783228" intensity="3.251218e-001" type="0"/>
    <Peak1D F1="1.774051" intensity="3.154930e-001" type="0"/>
    <Peak1D F1="1.764941" intensity="4.371612e-001" type="0"/>
    <Peak1D F1="1.759697" intensity="5.296349e-001" type="0"/>
    <Peak1D F1="1.738184" intensity="1.864147e-001" type="0"/>
    <Peak1D F1="1.722556" intensity="2.669722e-001" type="0"/>
    <Peak1D F1="1.717017" intensity="2.084494e-001" type="0"/>
    <Peak1D F1="1.712124" intensity="2.520389e-001" type="0"/>
    <Peak1D F1="1.706494" intensity="2.426184e-001" type="0"/>
    <Peak1D F1="1.701583" intensity="2.322338e-001" type="0"/>
    <Peak1D F1="1.696171" intensity="2.572803e-001" type="0"/>
    <Peak1D F1="1.690564" intensity="2.367125e-001" type="0"/>
    <Peak1D F1="1.684781" intensity="2.928161e-001" type="0"/>
    <Peak1D F1="1.681217" intensity="2.941232e-001" type="0"/>
    <Peak1D F1="1.674403" intensity="2.310324e-001" type="0"/>
    <Peak1D F1="1.670340" intensity="2.204298e-001" type="0"/>
    <Peak1D F1="1.661964" intensity="3.029417e-001" type="0"/>
    <Peak1D F1="1.645711" intensity="4.437335e+000" type="0"/>
    <Peak1D F1="1.619292" intensity="1.883731e-001" type="0"/>
    <Peak1D F1="1.612101" intensity="2.222502e-001" type="0"/>
    <Peak1D F1="1.594663" intensity="4.994300e+000" type="0"/>
    <Peak1D F1="1.569979" intensity="5.074203e+000" type="0"/>
    <Peak1D F1="1.537554" intensity="1.039660e-001" type="0"/>
    <Peak1D F1="1.522107" intensity="6.067111e-002" type="0"/>
    <Peak1D F1="1.515463" intensity="6.870345e-002" type="0"/>
    <Peak1D F1="1.500099" intensity="4.469799e-002" type="0"/>
    <Peak1D F1="1.487877" intensity="5.248437e-002" type="0"/>
    <Peak1D F1="1.465493" intensity="4.433405e-002" type="0"/>
    <Peak1D F1="1.452223" intensity="4.047292e-002" type="0"/>
    <Peak1D F1="1.443695" intensity="5.616841e-002" type="0"/>
    <Peak1D F1="1.438837" intensity="6.903404e-002" type="0"/>
    <Peak1D F1="1.431191" intensity="9.910816e-002" type="0"/>
    <Peak1D F1="1.420063" intensity="7.233021e-002" type="0"/>
    <Peak1D F1="1.409629" intensity="9.951799e-002" type="0"/>
    <Peak1D F1="1.402103" intensity="8.570404e-002" type="0"/>
    <Peak1D F1="1.385136" intensity="6.774741e-002" type="0"/>
    <Peak1D F1="1.377144" intensity="4.501441e-002" type="0"/>
    <Peak1D F1="1.373428" intensity="4.410679e-002" type="0"/>
    <Peak1D F1="1.366664" intensity="6.519988e-002" type="0"/>
    <Peak1D F1="1.342520" intensity="1.526010e-001" type="0"/>
    <Peak1D F1="1.336135" intensity="9.606449e-002" type="0"/>
    <Peak1D F1="1.310832" intensity="3.562393e-001" type="0"/>
    <Peak1D F1="1.304898" intensity="2.849520e-001" type="0"/>
    <Peak1D F1="1.284480" intensity="7.771133e-001" type="0"/>
    <Peak1D F1="1.269256" intensity="4.277801e-001" type="0"/>
    <Peak1D F1="1.262304" intensity="7.633477e-001" type="0"/>
    <Peak1D F1="1.240494" intensity="2.360588e-001" type="0"/>
    <Peak1D F1="1.233989" intensity="2.806786e-001" type="0"/>
    <Peak1D F1="1.215976" intensity="9.220722e-002" type="0"/>
    <Peak1D F1="1.208469" intensity="1.246834e-001" type="0"/>
    <Peak1D F1="1.202421" intensity="9.641848e-002" type="0"/>
    <Peak1D F1="1.184676" intensity="5.092874e-002" type="0"/>
    <Peak1D F1="1.168383" intensity="2.052912e-002" type="0"/>
    <Peak1D F1="1.156553" intensity="2.555320e-002" type="0"/>
    <Peak1D F1="1.151387" intensity="2.729759e-002" type="0"/>
    <Peak1D F1="1.144922" intensity="1.868106e-002" type="0"/>
    <Peak1D F1="1.139841" intensity="1.824659e-002" type="0"/>
    <Peak1D F1="1.121017" intensity="2.539763e-002" type="0"/>
    <Peak1D F1="1.112241" intensity="4.288383e-002" type="0"/>
    <Peak1D F1="1.107033" intensity="3.523150e-002" type="0"/>
    <Peak1D F1="1.099659" intensity="2.724518e-002" type="0"/>
    <Peak1D F1="1.092936" intensity="5.762661e-002" type="0"/>
    <Peak1D F1="1.077256" intensity="5.041984e-002" type="0"/>
    <Peak1D F1="1.063760" intensity="1.831705e-002" type="0"/>
    <Peak1D F1="1.056634" intensity="1.517062e-002" type="0"/>
    <Peak1D F1="1.046510" intensity="1.823811e-002" type="0"/>
    <Peak1D F1="1.043270" intensity="1.793571e-002" type="0"/>
    <Peak1D F1="1.029943" intensity="4.232583e-002" type="0"/>
    <Peak1D F1="1.011564" intensity="1.076564e+000" type="0"/>
    <Peak1D F1="0.994282" intensity="1.054062e+000" type="0"/>
    <Peak1D F1="0.981461" intensity="9.390964e-002" type="0"/>
    <Peak1D F1="0.965375" intensity="1.094861e-001" type="0"/>
    <Peak1D F1="0.938981" intensity="4.025437e+000" type="0"/>
    <Peak1D F1="0.922928" intensity="4.050532e+000" type="0"/>
    <Peak1D F1="0.909178" intensity="1.163321e+000" type="0"/>
    <Peak1D F1="0.900849" intensity="2.927483e-001" type="0"/>
    <Peak1D F1="0.892613" intensity="1.143157e+000" type="0"/>
    <Peak1D F1="0.876162" intensity="3.330473e+000" type="0"/>
    <Peak1D F1="0.866453" intensity="1.597395e+000" type="0"/>
    <Peak1D F1="0.859777" intensity="3.357095e+000" type="0"/>
    <Peak1D F1="0.850312" intensity="1.135656e+000" type="0"/>
    <Peak1D F1="0.833249" intensity="1.490420e-001" type="0"/>
    <Peak1D F1="0.811815" intensity="3.223327e+000" type="0"/>
    <Peak1D F1="0.795262" intensity="3.346090e+000" type="0"/>
    <Peak1D F1="0.775965" intensity="8.703620e-001" type="0"/>
    <Peak1D F1="0.751223" intensity="4.143357e-002" type="0"/>
    <Peak1D F1="0.736471" intensity="2.688368e-002" type="0"/>
    <Peak1D F1="0.728815" intensity="2.125994e-002" type="0"/>
    <Peak1D F1="0.718594" intensity="3.106058e-002" type="0"/>
    <Peak1D F1="0.709164" intensity="2.057580e-002" type="0"/>
    <Peak1D F1="0.702255" intensity="2.883794e-002" type="0"/>
    <Peak1D F1="0.692682" intensity="1.489323e-002" type="0"/>
    <Peak1D F1="0.665852" intensity="8.984265e-003" type="0"/>
    <Peak1D F1="0.653741" intensity="6.796508e-002" type="0"/>
    <Peak1D F1="0.636926" intensity="6.567600e-002" type="0"/>
    <Peak1D F1="0.618200" intensity="7.265020e-003" type="0"/>
    <Peak1D F1="0.611601" intensity="3.845845e-003" type="0"/>
    <Peak1D F1="0.589354" intensity="2.423189e-003" type="0"/>
    <Peak1D F1="0.549005" intensity="1.143770e-003" type="0"/>
    <Peak1D F1="0.533601" intensity="1.092814e-003" type="0"/>
    <Peak1D F1="0.007741" intensity="2.889543e-003" type="0"/>
    <Peak1D F1="-0.000150" intensity="8.565970e-002" type="0"/>
    <Peak1D F1="-0.008250" intensity="3.010128e-003" type="0"/>
  </PeakList1D>
</PeakList>
