<?xml version="1.0" encoding="UTF-8"?>
<PeakList>
  <PeakList1D>
    <PeakList1DHeader creator="root" date="2021-09-25T12:50:42.521+08:00" expNo="1" name="0925xj8" owner="" procNo="1" source="D:/Zhi-Ming Zhang">
      <PeakPickDetails>F1=16.186239ppm, F2=-3.839304ppm, MI=0.00cm, MAXI=10000.00cm, PC=1.000
      </PeakPickDetails>
    </PeakList1DHeader>
    <Peak1D F1="11.941235" intensity="1.057105e-001" type="0"/>
    <Peak1D F1="7.083182" intensity="8.016569e-003" type="0"/>
    <Peak1D F1="6.903587" intensity="1.327389e-002" type="0"/>
    <Peak1D F1="6.855495" intensity="1.243379e+000" type="0"/>
    <Peak1D F1="6.845274" intensity="8.052016e-002" type="0"/>
    <Peak1D F1="6.835163" intensity="1.578867e+000" type="0"/>
    <Peak1D F1="6.763922" intensity="1.226336e+000" type="0"/>
    <Peak1D F1="6.759140" intensity="1.379171e+000" type="0"/>
    <Peak1D F1="6.696891" intensity="7.751889e-001" type="0"/>
    <Peak1D F1="6.691993" intensity="7.025908e-001" type="0"/>
    <Peak1D F1="6.676610" intensity="6.061284e-001" type="0"/>
    <Peak1D F1="6.671704" intensity="5.527906e-001" type="0"/>
    <Peak1D F1="6.568076" intensity="8.706822e-003" type="0"/>
    <Peak1D F1="5.991779" intensity="4.845929e-001" type="0"/>
    <Peak1D F1="5.972983" intensity="4.117044e-001" type="0"/>
    <Peak1D F1="5.964523" intensity="6.702941e-001" type="0"/>
    <Peak1D F1="5.956188" intensity="2.426524e-001" type="0"/>
    <Peak1D F1="5.947906" intensity="1.070037e+000" type="0"/>
    <Peak1D F1="5.930613" intensity="6.243389e-001" type="0"/>
    <Peak1D F1="5.920732" intensity="6.136284e-001" type="0"/>
    <Peak1D F1="5.913661" intensity="2.519195e-001" type="0"/>
    <Peak1D F1="5.905426" intensity="4.624194e-001" type="0"/>
    <Peak1D F1="5.888610" intensity="2.189724e-001" type="0"/>
    <Peak1D F1="5.604280" intensity="1.255463e-002" type="0"/>
    <Peak1D F1="5.459127" intensity="1.808804e-002" type="0"/>
    <Peak1D F1="5.428285" intensity="2.570246e-001" type="0"/>
    <Peak1D F1="5.411054" intensity="4.620842e-001" type="0"/>
    <Peak1D F1="5.401194" intensity="5.414225e-001" type="0"/>
    <Peak1D F1="5.398239" intensity="4.283360e-001" type="0"/>
    <Peak1D F1="5.383840" intensity="1.266775e+000" type="0"/>
    <Peak1D F1="5.369193" intensity="1.817575e+000" type="0"/>
    <Peak1D F1="5.354537" intensity="1.272016e+000" type="0"/>
    <Peak1D F1="5.339960" intensity="4.174180e-001" type="0"/>
    <Peak1D F1="5.337141" intensity="5.425881e-001" type="0"/>
    <Peak1D F1="5.327336" intensity="4.550633e-001" type="0"/>
    <Peak1D F1="5.310060" intensity="2.537164e-001" type="0"/>
    <Peak1D F1="5.153635" intensity="5.968662e-001" type="0"/>
    <Peak1D F1="5.151113" intensity="6.361318e-001" type="0"/>
    <Peak1D F1="5.109817" intensity="5.620424e-001" type="0"/>
    <Peak1D F1="5.107271" intensity="5.835267e-001" type="0"/>
    <Peak1D F1="5.089921" intensity="1.026878e+000" type="0"/>
    <Peak1D F1="5.086768" intensity="1.138638e+000" type="0"/>
    <Peak1D F1="5.081039" intensity="8.673139e-001" type="0"/>
    <Peak1D F1="5.077087" intensity="5.976969e-001" type="0"/>
    <Peak1D F1="5.073995" intensity="4.261032e-001" type="0"/>
    <Peak1D F1="5.070512" intensity="3.271722e-001" type="0"/>
    <Peak1D F1="5.062373" intensity="7.130804e-001" type="0"/>
    <Peak1D F1="5.059767" intensity="7.189345e-001" type="0"/>
    <Peak1D F1="5.047595" intensity="2.996236e-001" type="0"/>
    <Peak1D F1="5.043388" intensity="5.810415e-001" type="0"/>
    <Peak1D F1="5.038442" intensity="7.023498e-001" type="0"/>
    <Peak1D F1="5.032641" intensity="7.646241e-001" type="0"/>
    <Peak1D F1="5.029920" intensity="6.033092e-001" type="0"/>
    <Peak1D F1="5.027406" intensity="5.907730e-001" type="0"/>
    <Peak1D F1="5.010425" intensity="3.280134e-001" type="0"/>
    <Peak1D F1="5.007480" intensity="6.282092e-001" type="0"/>
    <Peak1D F1="5.004772" intensity="5.374820e-001" type="0"/>
    <Peak1D F1="5.002376" intensity="5.333160e-001" type="0"/>
    <Peak1D F1="4.999343" intensity="2.698835e-001" type="0"/>
    <Peak1D F1="4.886584" intensity="1.216573e-002" type="0"/>
    <Peak1D F1="4.473167" intensity="2.300941e-001" type="0"/>
    <Peak1D F1="4.454301" intensity="4.338043e-001" type="0"/>
    <Peak1D F1="4.438814" intensity="5.885695e-001" type="0"/>
    <Peak1D F1="4.423120" intensity="4.460140e-001" type="0"/>
    <Peak1D F1="4.404291" intensity="2.340750e-001" type="0"/>
    <Peak1D F1="4.045516" intensity="2.011241e-002" type="0"/>
    <Peak1D F1="3.912011" intensity="6.158632e-002" type="0"/>
    <Peak1D F1="3.898343" intensity="5.854194e-002" type="0"/>
    <Peak1D F1="3.789934" intensity="7.577363e-002" type="0"/>
    <Peak1D F1="3.758811" intensity="1.185977e-001" type="0"/>
    <Peak1D F1="3.748444" intensity="1.997536e-001" type="0"/>
    <Peak1D F1="3.734432" intensity="8.903525e+000" type="0"/>
    <Peak1D F1="3.720899" intensity="9.070802e+000" type="0"/>
    <Peak1D F1="3.672576" intensity="3.225881e-002" type="0"/>
    <Peak1D F1="3.659006" intensity="3.120930e-002" type="0"/>
    <Peak1D F1="3.597329" intensity="3.471312e-002" type="0"/>
    <Peak1D F1="3.580244" intensity="5.292003e-002" type="0"/>
    <Peak1D F1="3.562493" intensity="3.579021e-002" type="0"/>
    <Peak1D F1="3.552088" intensity="7.070157e-002" type="0"/>
    <Peak1D F1="3.538741" intensity="7.079915e-002" type="0"/>
    <Peak1D F1="3.424740" intensity="2.345410e+000" type="0"/>
    <Peak1D F1="3.407243" intensity="4.540609e+000" type="0"/>
    <Peak1D F1="3.389797" intensity="2.425151e+000" type="0"/>
    <Peak1D F1="3.301154" intensity="1.380318e+000" type="0"/>
    <Peak1D F1="3.284348" intensity="1.369739e+000" type="0"/>
    <Peak1D F1="3.247414" intensity="3.733593e-002" type="0"/>
    <Peak1D F1="3.229995" intensity="3.878902e-002" type="0"/>
    <Peak1D F1="3.212569" intensity="2.483075e-002" type="0"/>
    <Peak1D F1="2.640285" intensity="9.690261e-003" type="0"/>
    <Peak1D F1="2.550803" intensity="1.733909e-001" type="0"/>
    <Peak1D F1="2.527148" intensity="3.824710e-001" type="0"/>
    <Peak1D F1="2.514181" intensity="2.427637e-001" type="0"/>
    <Peak1D F1="2.507036" intensity="7.185128e-001" type="0"/>
    <Peak1D F1="2.483419" intensity="1.185714e+000" type="0"/>
    <Peak1D F1="2.463705" intensity="5.912427e-001" type="0"/>
    <Peak1D F1="2.459749" intensity="7.672091e-001" type="0"/>
    <Peak1D F1="2.452954" intensity="6.599285e-001" type="0"/>
    <Peak1D F1="2.440521" intensity="5.938502e-001" type="0"/>
    <Peak1D F1="2.429740" intensity="6.624021e-001" type="0"/>
    <Peak1D F1="2.420093" intensity="1.970327e-001" type="0"/>
    <Peak1D F1="2.409209" intensity="1.761955e-001" type="0"/>
    <Peak1D F1="2.396808" intensity="2.018235e-001" type="0"/>
    <Peak1D F1="2.386035" intensity="1.778345e-001" type="0"/>
    <Peak1D F1="2.360120" intensity="1.198888e-002" type="0"/>
    <Peak1D F1="2.341197" intensity="2.507912e-002" type="0"/>
    <Peak1D F1="2.324274" intensity="1.718159e-002" type="0"/>
    <Peak1D F1="2.284333" intensity="2.196052e-001" type="0"/>
    <Peak1D F1="2.273534" intensity="2.318702e-001" type="0"/>
    <Peak1D F1="2.267947" intensity="2.407952e-001" type="0"/>
    <Peak1D F1="2.260801" intensity="2.315017e-001" type="0"/>
    <Peak1D F1="2.257018" intensity="2.879058e-001" type="0"/>
    <Peak1D F1="2.253228" intensity="3.527852e-001" type="0"/>
    <Peak1D F1="2.242541" intensity="3.349672e-001" type="0"/>
    <Peak1D F1="2.236706" intensity="3.454752e-001" type="0"/>
    <Peak1D F1="2.233968" intensity="2.704805e-001" type="0"/>
    <Peak1D F1="2.229697" intensity="2.899626e-001" type="0"/>
    <Peak1D F1="2.225960" intensity="2.993709e-001" type="0"/>
    <Peak1D F1="2.219037" intensity="2.486273e-001" type="0"/>
    <Peak1D F1="2.213368" intensity="2.661152e-001" type="0"/>
    <Peak1D F1="2.202991" intensity="8.957729e-001" type="0"/>
    <Peak1D F1="2.187087" intensity="2.141869e+000" type="0"/>
    <Peak1D F1="2.169820" intensity="2.249932e+000" type="0"/>
    <Peak1D F1="2.152518" intensity="8.420435e-001" type="0"/>
    <Peak1D F1="2.108910" intensity="8.095226e-002" type="0"/>
    <Peak1D F1="2.089510" intensity="3.253624e+000" type="0"/>
    <Peak1D F1="2.072511" intensity="5.484005e+000" type="0"/>
    <Peak1D F1="2.055243" intensity="4.653777e-001" type="0"/>
    <Peak1D F1="2.036906" intensity="1.503861e+000" type="0"/>
    <Peak1D F1="2.027882" intensity="4.145415e-001" type="0"/>
    <Peak1D F1="2.018488" intensity="2.147999e+000" type="0"/>
    <Peak1D F1="2.012335" intensity="8.064615e-001" type="0"/>
    <Peak1D F1="2.000119" intensity="1.510968e+000" type="0"/>
    <Peak1D F1="1.996306" intensity="1.313261e+000" type="0"/>
    <Peak1D F1="1.979161" intensity="1.137931e+000" type="0"/>
    <Peak1D F1="1.960256" intensity="8.833383e-001" type="0"/>
    <Peak1D F1="1.949496" intensity="6.162387e+000" type="0"/>
    <Peak1D F1="1.933345" intensity="4.061346e-001" type="0"/>
    <Peak1D F1="1.926835" intensity="4.019907e-001" type="0"/>
    <Peak1D F1="1.918488" intensity="5.715690e-001" type="0"/>
    <Peak1D F1="1.901657" intensity="2.854081e-001" type="0"/>
    <Peak1D F1="1.886075" intensity="5.213359e-002" type="0"/>
    <Peak1D F1="1.875178" intensity="7.319362e-002" type="0"/>
    <Peak1D F1="1.859702" intensity="2.294251e-001" type="0"/>
    <Peak1D F1="1.841596" intensity="1.736706e-001" type="0"/>
    <Peak1D F1="1.838387" intensity="1.354663e-001" type="0"/>
    <Peak1D F1="1.826940" intensity="3.327026e-001" type="0"/>
    <Peak1D F1="1.820060" intensity="1.166420e-001" type="0"/>
    <Peak1D F1="1.805073" intensity="5.096108e-001" type="0"/>
    <Peak1D F1="1.785591" intensity="4.200931e-001" type="0"/>
    <Peak1D F1="1.781608" intensity="4.597608e-001" type="0"/>
    <Peak1D F1="1.773953" intensity="2.422449e-001" type="0"/>
    <Peak1D F1="1.761505" intensity="4.544396e-001" type="0"/>
    <Peak1D F1="1.757376" intensity="5.261132e-001" type="0"/>
    <Peak1D F1="1.750384" intensity="4.192899e-001" type="0"/>
    <Peak1D F1="1.741019" intensity="3.326562e-001" type="0"/>
    <Peak1D F1="1.738145" intensity="2.940858e-001" type="0"/>
    <Peak1D F1="1.730613" intensity="4.893870e-001" type="0"/>
    <Peak1D F1="1.726653" intensity="2.960956e-001" type="0"/>
    <Peak1D F1="1.716062" intensity="2.195861e-001" type="0"/>
    <Peak1D F1="1.706320" intensity="2.630687e-001" type="0"/>
    <Peak1D F1="1.682283" intensity="1.489441e-001" type="0"/>
    <Peak1D F1="1.657613" intensity="2.145806e-001" type="0"/>
    <Peak1D F1="1.640044" intensity="2.358688e+000" type="0"/>
    <Peak1D F1="1.614848" intensity="3.001534e-001" type="0"/>
    <Peak1D F1="1.591982" intensity="1.938387e-001" type="0"/>
    <Peak1D F1="1.577670" intensity="1.626925e-001" type="0"/>
    <Peak1D F1="1.553207" intensity="2.706468e+000" type="0"/>
    <Peak1D F1="1.531673" intensity="2.561266e-001" type="0"/>
    <Peak1D F1="1.508651" intensity="1.989859e-001" type="0"/>
    <Peak1D F1="1.494379" intensity="1.605885e-001" type="0"/>
    <Peak1D F1="1.477016" intensity="4.581235e+000" type="0"/>
    <Peak1D F1="1.444358" intensity="1.158423e-001" type="0"/>
    <Peak1D F1="1.426381" intensity="6.148147e-002" type="0"/>
    <Peak1D F1="1.407624" intensity="9.493257e-002" type="0"/>
    <Peak1D F1="1.392031" intensity="1.923514e-001" type="0"/>
    <Peak1D F1="1.372781" intensity="2.629852e-001" type="0"/>
    <Peak1D F1="1.358670" intensity="2.546478e-001" type="0"/>
    <Peak1D F1="1.347914" intensity="2.927727e-001" type="0"/>
    <Peak1D F1="1.330660" intensity="5.166873e-001" type="0"/>
    <Peak1D F1="1.322746" intensity="5.993168e-001" type="0"/>
    <Peak1D F1="1.312911" intensity="8.846370e-001" type="0"/>
    <Peak1D F1="1.296999" intensity="1.437024e+000" type="0"/>
    <Peak1D F1="1.273846" intensity="2.030182e+000" type="0"/>
    <Peak1D F1="1.222183" intensity="2.403907e-001" type="0"/>
    <Peak1D F1="1.182563" intensity="8.957376e-002" type="0"/>
    <Peak1D F1="1.165837" intensity="5.925819e-002" type="0"/>
    <Peak1D F1="1.145226" intensity="2.834422e-002" type="0"/>
    <Peak1D F1="1.117104" intensity="2.137269e-002" type="0"/>
    <Peak1D F1="1.101284" intensity="3.588877e-002" type="0"/>
    <Peak1D F1="1.082500" intensity="5.736857e-002" type="0"/>
    <Peak1D F1="1.073968" intensity="9.748030e-002" type="0"/>
    <Peak1D F1="1.062265" intensity="4.506867e-001" type="0"/>
    <Peak1D F1="1.057649" intensity="1.234211e-001" type="0"/>
    <Peak1D F1="1.044789" intensity="4.263033e-001" type="0"/>
    <Peak1D F1="1.031794" intensity="3.126190e-002" type="0"/>
    <Peak1D F1="0.985793" intensity="3.598780e-002" type="0"/>
    <Peak1D F1="0.945789" intensity="4.360897e+000" type="0"/>
    <Peak1D F1="0.926986" intensity="8.693269e+000" type="0"/>
    <Peak1D F1="0.919693" intensity="1.500000e+001" type="0"/>
    <Peak1D F1="0.908077" intensity="5.472024e+000" type="0"/>
    <Peak1D F1="0.903213" intensity="1.495482e+001" type="0"/>
    <Peak1D F1="0.889962" intensity="1.257567e+000" type="0"/>
    <Peak1D F1="0.883872" intensity="1.116264e+000" type="0"/>
    <Peak1D F1="0.873136" intensity="3.073010e+000" type="0"/>
    <Peak1D F1="0.865373" intensity="1.009243e+000" type="0"/>
    <Peak1D F1="0.855573" intensity="1.175665e+000" type="0"/>
    <Peak1D F1="0.846885" intensity="3.724625e-001" type="0"/>
    <Peak1D F1="0.818392" intensity="7.773554e-002" type="0"/>
    <Peak1D F1="0.799725" intensity="4.410335e-002" type="0"/>
    <Peak1D F1="0.786605" intensity="4.760409e-002" type="0"/>
    <Peak1D F1="0.767772" intensity="7.399672e-002" type="0"/>
    <Peak1D F1="0.761907" intensity="1.063100e-001" type="0"/>
    <Peak1D F1="0.745556" intensity="9.706372e-002" type="0"/>
    <Peak1D F1="0.715771" intensity="2.611693e-002" type="0"/>
    <Peak1D F1="-0.000150" intensity="1.350739e-001" type="0"/>
  </PeakList1D>
</PeakList>
