<?xml version="1.0" encoding="UTF-8"?>
<PeakList>
  <PeakList1D>
    <PeakList1DHeader creator="root" date="2021-09-13T15:35:56.984+08:00" expNo="1" name="0913YSBZ" owner="" procNo="1" source="D:/Zhi-Ming Zhang">
      <PeakPickDetails>F1=16.154890ppm, F2=-3.870652ppm, MI=0.00cm, MAXI=10000.00cm, PC=1.000
      </PeakPickDetails>
    </PeakList1DHeader>
    <Peak1D F1="12.152002" intensity="1.420354e-004" type="0"/>
    <Peak1D F1="12.068134" intensity="1.556284e-004" type="0"/>
    <Peak1D F1="10.022692" intensity="1.661951e-003" type="0"/>
    <Peak1D F1="9.382512" intensity="1.349305e-004" type="0"/>
    <Peak1D F1="9.341902" intensity="1.534619e-004" type="0"/>
    <Peak1D F1="9.334970" intensity="1.521310e-004" type="0"/>
    <Peak1D F1="9.290215" intensity="1.254312e-004" type="0"/>
    <Peak1D F1="9.266202" intensity="1.475572e-004" type="0"/>
    <Peak1D F1="9.231778" intensity="1.603970e-004" type="0"/>
    <Peak1D F1="9.115737" intensity="1.974312e-004" type="0"/>
    <Peak1D F1="9.039922" intensity="2.113321e-004" type="0"/>
    <Peak1D F1="8.982263" intensity="2.082591e-004" type="0"/>
    <Peak1D F1="8.932109" intensity="2.552295e-004" type="0"/>
    <Peak1D F1="8.918645" intensity="2.337703e-004" type="0"/>
    <Peak1D F1="8.831274" intensity="2.451506e-004" type="0"/>
    <Peak1D F1="8.729147" intensity="2.878692e-004" type="0"/>
    <Peak1D F1="8.722155" intensity="2.989342e-004" type="0"/>
    <Peak1D F1="8.709850" intensity="3.194543e-004" type="0"/>
    <Peak1D F1="8.625034" intensity="3.300708e-004" type="0"/>
    <Peak1D F1="8.608294" intensity="3.632608e-004" type="0"/>
    <Peak1D F1="8.588030" intensity="3.446669e-004" type="0"/>
    <Peak1D F1="8.567169" intensity="3.667295e-004" type="0"/>
    <Peak1D F1="8.504058" intensity="4.000998e-004" type="0"/>
    <Peak1D F1="8.451139" intensity="4.591216e-004" type="0"/>
    <Peak1D F1="8.422516" intensity="4.527346e-004" type="0"/>
    <Peak1D F1="8.350266" intensity="5.247724e-004" type="0"/>
    <Peak1D F1="8.316507" intensity="6.170125e-004" type="0"/>
    <Peak1D F1="8.287252" intensity="5.841318e-004" type="0"/>
    <Peak1D F1="8.224326" intensity="6.637734e-004" type="0"/>
    <Peak1D F1="8.201115" intensity="6.590427e-004" type="0"/>
    <Peak1D F1="8.164126" intensity="6.842837e-004" type="0"/>
    <Peak1D F1="8.097293" intensity="2.082707e-003" type="0"/>
    <Peak1D F1="8.068527" intensity="1.075268e-003" type="0"/>
    <Peak1D F1="8.047612" intensity="1.070907e-003" type="0"/>
    <Peak1D F1="8.026795" intensity="1.180035e-003" type="0"/>
    <Peak1D F1="7.939855" intensity="1.338713e-003" type="0"/>
    <Peak1D F1="7.920965" intensity="2.278070e-003" type="0"/>
    <Peak1D F1="7.902302" intensity="2.493192e-003" type="0"/>
    <Peak1D F1="7.863732" intensity="1.463111e-003" type="0"/>
    <Peak1D F1="7.751170" intensity="2.361153e-003" type="0"/>
    <Peak1D F1="7.713447" intensity="2.421482e-003" type="0"/>
    <Peak1D F1="7.667006" intensity="3.705964e-003" type="0"/>
    <Peak1D F1="7.651412" intensity="4.194930e-003" type="0"/>
    <Peak1D F1="7.573590" intensity="3.385728e-002" type="0"/>
    <Peak1D F1="7.553782" intensity="5.160582e-002" type="0"/>
    <Peak1D F1="7.534508" intensity="1.890658e-002" type="0"/>
    <Peak1D F1="7.509285" intensity="2.295279e-002" type="0"/>
    <Peak1D F1="7.492851" intensity="2.075572e-002" type="0"/>
    <Peak1D F1="7.488278" intensity="1.939965e-002" type="0"/>
    <Peak1D F1="7.446565" intensity="3.412371e-002" type="0"/>
    <Peak1D F1="7.366913" intensity="7.477051e+000" type="0"/>
    <Peak1D F1="7.358338" intensity="6.505609e+000" type="0"/>
    <Peak1D F1="7.354039" intensity="7.084440e+000" type="0"/>
    <Peak1D F1="7.338778" intensity="1.454738e+000" type="0"/>
    <Peak1D F1="7.334385" intensity="1.582291e+000" type="0"/>
    <Peak1D F1="7.333460" intensity="1.579545e+000" type="0"/>
    <Peak1D F1="7.328014" intensity="1.606804e+000" type="0"/>
    <Peak1D F1="7.320252" intensity="1.692716e+000" type="0"/>
    <Peak1D F1="7.306458" intensity="1.410046e+000" type="0"/>
    <Peak1D F1="7.297611" intensity="7.469372e-001" type="0"/>
    <Peak1D F1="7.285669" intensity="3.490660e-001" type="0"/>
    <Peak1D F1="7.219703" intensity="2.549398e-002" type="0"/>
    <Peak1D F1="7.200776" intensity="2.265983e-002" type="0"/>
    <Peak1D F1="7.193543" intensity="2.023887e-002" type="0"/>
    <Peak1D F1="7.187289" intensity="2.196730e-002" type="0"/>
    <Peak1D F1="7.173807" intensity="4.629740e-002" type="0"/>
    <Peak1D F1="7.154693" intensity="4.883657e-002" type="0"/>
    <Peak1D F1="7.137058" intensity="1.922695e-002" type="0"/>
    <Peak1D F1="7.131304" intensity="2.001426e-002" type="0"/>
    <Peak1D F1="7.118457" intensity="1.552131e-002" type="0"/>
    <Peak1D F1="7.107680" intensity="1.612586e-002" type="0"/>
    <Peak1D F1="7.096836" intensity="1.236618e-002" type="0"/>
    <Peak1D F1="7.086231" intensity="7.883383e-003" type="0"/>
    <Peak1D F1="7.018166" intensity="2.776668e-003" type="0"/>
    <Peak1D F1="7.011505" intensity="2.724225e-003" type="0"/>
    <Peak1D F1="6.990232" intensity="2.863621e-003" type="0"/>
    <Peak1D F1="6.889990" intensity="7.280683e-004" type="0"/>
    <Peak1D F1="6.881118" intensity="7.181797e-004" type="0"/>
    <Peak1D F1="5.508628" intensity="1.905805e-004" type="0"/>
    <Peak1D F1="5.473114" intensity="1.996808e-004" type="0"/>
    <Peak1D F1="5.369520" intensity="3.252383e-004" type="0"/>
    <Peak1D F1="5.346957" intensity="8.156589e-004" type="0"/>
    <Peak1D F1="5.317667" intensity="6.299640e-004" type="0"/>
    <Peak1D F1="5.269655" intensity="7.106895e-002" type="0"/>
    <Peak1D F1="5.236507" intensity="8.442619e-003" type="0"/>
    <Peak1D F1="5.223070" intensity="5.926507e-003" type="0"/>
    <Peak1D F1="5.192059" intensity="5.858400e-003" type="0"/>
    <Peak1D F1="5.182955" intensity="6.102982e-003" type="0"/>
    <Peak1D F1="5.148217" intensity="1.887799e-002" type="0"/>
    <Peak1D F1="5.086879" intensity="1.029368e+001" type="0"/>
    <Peak1D F1="5.001196" intensity="2.068827e-002" type="0"/>
    <Peak1D F1="4.964650" intensity="8.671840e-003" type="0"/>
    <Peak1D F1="4.941977" intensity="5.188881e-003" type="0"/>
    <Peak1D F1="4.920658" intensity="1.355659e-002" type="0"/>
    <Peak1D F1="4.900431" intensity="7.706277e-002" type="0"/>
    <Peak1D F1="4.814105" intensity="1.895724e-003" type="0"/>
    <Peak1D F1="4.788651" intensity="1.580006e-003" type="0"/>
    <Peak1D F1="4.759516" intensity="1.271504e-003" type="0"/>
    <Peak1D F1="4.734854" intensity="1.166433e-003" type="0"/>
    <Peak1D F1="4.714025" intensity="1.150837e-003" type="0"/>
    <Peak1D F1="4.688917" intensity="6.529310e-004" type="0"/>
    <Peak1D F1="4.670385" intensity="1.308269e-003" type="0"/>
    <Peak1D F1="4.657481" intensity="5.808561e-004" type="0"/>
    <Peak1D F1="4.640611" intensity="3.754359e-004" type="0"/>
    <Peak1D F1="4.627574" intensity="3.337828e-004" type="0"/>
    <Peak1D F1="4.607570" intensity="6.193023e-004" type="0"/>
    <Peak1D F1="4.586367" intensity="9.584029e-003" type="0"/>
    <Peak1D F1="4.572587" intensity="9.141522e-003" type="0"/>
    <Peak1D F1="4.528384" intensity="9.036650e-004" type="0"/>
    <Peak1D F1="4.111809" intensity="1.426220e-004" type="0"/>
    <Peak1D F1="3.564159" intensity="2.991554e-004" type="0"/>
    <Peak1D F1="3.519573" intensity="5.469514e-004" type="0"/>
    <Peak1D F1="3.486386" intensity="1.650501e-003" type="0"/>
    <Peak1D F1="3.425462" intensity="8.543436e-001" type="0"/>
    <Peak1D F1="3.338938" intensity="1.754854e-003" type="0"/>
    <Peak1D F1="3.302256" intensity="7.811677e-004" type="0"/>
    <Peak1D F1="3.280082" intensity="4.813648e-004" type="0"/>
    <Peak1D F1="3.259509" intensity="1.133796e-003" type="0"/>
    <Peak1D F1="3.179125" intensity="2.576042e-004" type="0"/>
    <Peak1D F1="3.158053" intensity="2.429483e-004" type="0"/>
    <Peak1D F1="2.814273" intensity="1.868499e-004" type="0"/>
    <Peak1D F1="2.792723" intensity="1.277028e-004" type="0"/>
    <Peak1D F1="2.643218" intensity="9.209282e-004" type="0"/>
    <Peak1D F1="2.619092" intensity="2.183263e-004" type="0"/>
    <Peak1D F1="2.577165" intensity="1.955374e-004" type="0"/>
    <Peak1D F1="2.540270" intensity="3.635522e-004" type="0"/>
    <Peak1D F1="2.526791" intensity="4.352301e-004" type="0"/>
    <Peak1D F1="2.474276" intensity="1.951904e-001" type="0"/>
    <Peak1D F1="2.396836" intensity="5.284252e-004" type="0"/>
    <Peak1D F1="2.377319" intensity="4.212479e-004" type="0"/>
    <Peak1D F1="2.341744" intensity="1.047179e-003" type="0"/>
    <Peak1D F1="2.323074" intensity="1.179551e-003" type="0"/>
    <Peak1D F1="2.296695" intensity="1.651097e-003" type="0"/>
    <Peak1D F1="2.274465" intensity="6.333632e-004" type="0"/>
    <Peak1D F1="2.261667" intensity="6.537570e-004" type="0"/>
    <Peak1D F1="2.222590" intensity="1.381071e-003" type="0"/>
    <Peak1D F1="2.193201" intensity="1.273049e-001" type="0"/>
    <Peak1D F1="2.173576" intensity="7.196426e-003" type="0"/>
    <Peak1D F1="2.162928" intensity="5.462701e-003" type="0"/>
    <Peak1D F1="2.137396" intensity="8.405170e-003" type="0"/>
    <Peak1D F1="2.128999" intensity="8.862625e-003" type="0"/>
    <Peak1D F1="2.093984" intensity="2.971895e-002" type="0"/>
    <Peak1D F1="2.032383" intensity="1.500000e+001" type="0"/>
    <Peak1D F1="1.947203" intensity="3.652848e-002" type="0"/>
    <Peak1D F1="1.927158" intensity="4.461687e-002" type="0"/>
    <Peak1D F1="1.887182" intensity="1.135882e-002" type="0"/>
    <Peak1D F1="1.869586" intensity="1.384091e-001" type="0"/>
    <Peak1D F1="1.810328" intensity="6.412664e-003" type="0"/>
    <Peak1D F1="1.764396" intensity="4.251782e-003" type="0"/>
    <Peak1D F1="1.736217" intensity="3.648622e-003" type="0"/>
    <Peak1D F1="1.712463" intensity="3.093792e-003" type="0"/>
    <Peak1D F1="1.704136" intensity="3.055996e-003" type="0"/>
    <Peak1D F1="1.683080" intensity="2.813719e-003" type="0"/>
    <Peak1D F1="1.656398" intensity="2.382910e-003" type="0"/>
    <Peak1D F1="1.639729" intensity="1.889686e-003" type="0"/>
    <Peak1D F1="1.604201" intensity="1.618244e-003" type="0"/>
    <Peak1D F1="1.573033" intensity="1.351801e-003" type="0"/>
    <Peak1D F1="1.554011" intensity="1.614787e-003" type="0"/>
    <Peak1D F1="1.532621" intensity="1.255049e-003" type="0"/>
    <Peak1D F1="1.512867" intensity="1.120168e-003" type="0"/>
    <Peak1D F1="1.481608" intensity="8.507852e-004" type="0"/>
    <Peak1D F1="1.468584" intensity="1.076260e-003" type="0"/>
    <Peak1D F1="1.451320" intensity="1.004601e-003" type="0"/>
    <Peak1D F1="1.412197" intensity="6.315340e-003" type="0"/>
    <Peak1D F1="1.360800" intensity="6.230138e-004" type="0"/>
    <Peak1D F1="1.342174" intensity="6.164858e-004" type="0"/>
    <Peak1D F1="1.281748" intensity="5.860279e-004" type="0"/>
    <Peak1D F1="1.231224" intensity="1.655924e-003" type="0"/>
    <Peak1D F1="1.175255" intensity="5.640808e-004" type="0"/>
    <Peak1D F1="1.161753" intensity="6.118076e-004" type="0"/>
    <Peak1D F1="1.145300" intensity="8.521031e-004" type="0"/>
    <Peak1D F1="1.095266" intensity="4.380075e-004" type="0"/>
    <Peak1D F1="1.066155" intensity="1.202112e-003" type="0"/>
    <Peak1D F1="1.047495" intensity="2.236424e-003" type="0"/>
    <Peak1D F1="1.028606" intensity="1.339028e-003" type="0"/>
    <Peak1D F1="1.005153" intensity="3.950231e-004" type="0"/>
    <Peak1D F1="0.982311" intensity="3.306701e-004" type="0"/>
    <Peak1D F1="0.940404" intensity="3.024626e-004" type="0"/>
    <Peak1D F1="0.869377" intensity="6.045937e-004" type="0"/>
    <Peak1D F1="0.853768" intensity="6.797967e-004" type="0"/>
    <Peak1D F1="0.756370" intensity="2.012460e-004" type="0"/>
    <Peak1D F1="0.732478" intensity="1.879170e-004" type="0"/>
    <Peak1D F1="0.699505" intensity="2.132753e-004" type="0"/>
    <Peak1D F1="0.677124" intensity="1.655718e-004" type="0"/>
    <Peak1D F1="0.654506" intensity="1.580238e-004" type="0"/>
    <Peak1D F1="0.592086" intensity="1.753057e-004" type="0"/>
    <Peak1D F1="0.561691" intensity="1.452544e-004" type="0"/>
    <Peak1D F1="0.512930" intensity="1.630999e-004" type="0"/>
    <Peak1D F1="0.454120" intensity="1.269995e-004" type="0"/>
    <Peak1D F1="0.378168" intensity="1.403844e-004" type="0"/>
    <Peak1D F1="0.338324" intensity="1.416279e-004" type="0"/>
    <Peak1D F1="0.226252" intensity="1.399234e-004" type="0"/>
    <Peak1D F1="0.146498" intensity="1.988293e-004" type="0"/>
    <Peak1D F1="0.106116" intensity="1.230155e-004" type="0"/>
    <Peak1D F1="-0.000153" intensity="2.410599e-002" type="0"/>
    <Peak1D F1="-0.073497" intensity="1.527555e-004" type="0"/>
    <Peak1D F1="-0.149570" intensity="1.626205e-004" type="0"/>
    <Peak1D F1="-3.067755" intensity="1.282917e-004" type="0"/>
    <Peak1D F1="-3.156251" intensity="1.237080e-004" type="0"/>
    <Peak1D F1="-3.228296" intensity="1.303075e-004" type="0"/>
    <Peak1D F1="-3.369713" intensity="1.309924e-004" type="0"/>
    <Peak1D F1="-3.385784" intensity="1.307179e-004" type="0"/>
    <Peak1D F1="-3.487274" intensity="1.503245e-004" type="0"/>
    <Peak1D F1="-3.525804" intensity="1.933260e-004" type="0"/>
    <Peak1D F1="-3.564768" intensity="1.623507e-004" type="0"/>
    <Peak1D F1="-3.574763" intensity="1.585835e-004" type="0"/>
    <Peak1D F1="-3.599014" intensity="1.613683e-004" type="0"/>
    <Peak1D F1="-3.650122" intensity="1.742426e-004" type="0"/>
    <Peak1D F1="-3.662615" intensity="1.641093e-004" type="0"/>
  </PeakList1D>
</PeakList>
