<?xml version="1.0" encoding="UTF-8"?>
<PeakList>
  <PeakList1D>
    <PeakList1DHeader creator="root" date="2021-09-27T15:58:42.748+08:00" expNo="1" name="0927xj21" owner="" procNo="1" source="D:/Zhi-Ming Zhang">
      <PeakPickDetails>F1=16.172119ppm, F2=-3.853424ppm, MI=0.00cm, MAXI=10000.00cm, PC=1.000
      </PeakPickDetails>
    </PeakList1DHeader>
    <Peak1D F1="6.829866" intensity="1.717244e+000" type="0"/>
    <Peak1D F1="6.809567" intensity="2.261592e+000" type="0"/>
    <Peak1D F1="6.747225" intensity="1.952863e+000" type="0"/>
    <Peak1D F1="6.743104" intensity="2.298023e+000" type="0"/>
    <Peak1D F1="6.686771" intensity="1.260794e+000" type="0"/>
    <Peak1D F1="6.683138" intensity="1.208555e+000" type="0"/>
    <Peak1D F1="6.666525" intensity="1.014561e+000" type="0"/>
    <Peak1D F1="6.662926" intensity="9.636680e-001" type="0"/>
    <Peak1D F1="6.547536" intensity="3.176809e-002" type="0"/>
    <Peak1D F1="5.985470" intensity="2.509540e-001" type="0"/>
    <Peak1D F1="5.968629" intensity="5.218677e-001" type="0"/>
    <Peak1D F1="5.960492" intensity="3.245052e-001" type="0"/>
    <Peak1D F1="5.951895" intensity="3.206369e-001" type="0"/>
    <Peak1D F1="5.943508" intensity="8.147029e-001" type="0"/>
    <Peak1D F1="5.926373" intensity="8.234107e-001" type="0"/>
    <Peak1D F1="5.918002" intensity="3.877662e-001" type="0"/>
    <Peak1D F1="5.909372" intensity="3.696880e-001" type="0"/>
    <Peak1D F1="5.901047" intensity="6.822338e-001" type="0"/>
    <Peak1D F1="5.896393" intensity="5.263093e-001" type="0"/>
    <Peak1D F1="5.886622" intensity="4.538997e-001" type="0"/>
    <Peak1D F1="5.869500" intensity="4.589544e-001" type="0"/>
    <Peak1D F1="5.860588" intensity="3.448322e-001" type="0"/>
    <Peak1D F1="5.852987" intensity="4.973515e-001" type="0"/>
    <Peak1D F1="5.844085" intensity="3.511713e-001" type="0"/>
    <Peak1D F1="5.826243" intensity="4.793607e-001" type="0"/>
    <Peak1D F1="5.817364" intensity="3.442765e-001" type="0"/>
    <Peak1D F1="5.493055" intensity="3.156040e-001" type="0"/>
    <Peak1D F1="5.474893" intensity="6.216776e-001" type="0"/>
    <Peak1D F1="5.471171" intensity="5.513396e-001" type="0"/>
    <Peak1D F1="5.466388" intensity="5.184683e-001" type="0"/>
    <Peak1D F1="5.448085" intensity="8.552847e-001" type="0"/>
    <Peak1D F1="5.429962" intensity="4.701864e-001" type="0"/>
    <Peak1D F1="5.334740" intensity="9.016655e-001" type="0"/>
    <Peak1D F1="5.316870" intensity="1.750044e+000" type="0"/>
    <Peak1D F1="5.303475" intensity="1.001981e+000" type="0"/>
    <Peak1D F1="5.289936" intensity="7.732192e-001" type="0"/>
    <Peak1D F1="5.271565" intensity="3.918855e-001" type="0"/>
    <Peak1D F1="5.190871" intensity="5.615419e-001" type="0"/>
    <Peak1D F1="5.185900" intensity="8.637177e-001" type="0"/>
    <Peak1D F1="5.147595" intensity="5.399770e-001" type="0"/>
    <Peak1D F1="5.142620" intensity="8.063433e-001" type="0"/>
    <Peak1D F1="5.137683" intensity="4.845678e-001" type="0"/>
    <Peak1D F1="5.099317" intensity="1.607813e+000" type="0"/>
    <Peak1D F1="5.079107" intensity="1.947204e+000" type="0"/>
    <Peak1D F1="5.075449" intensity="1.900426e+000" type="0"/>
    <Peak1D F1="5.036549" intensity="9.789844e-001" type="0"/>
    <Peak1D F1="5.031544" intensity="1.156557e+000" type="0"/>
    <Peak1D F1="5.025134" intensity="1.338123e+000" type="0"/>
    <Peak1D F1="4.999952" intensity="1.096857e+000" type="0"/>
    <Peak1D F1="4.996954" intensity="1.057213e+000" type="0"/>
    <Peak1D F1="4.949172" intensity="7.193882e-001" type="0"/>
    <Peak1D F1="4.944472" intensity="7.809324e-001" type="0"/>
    <Peak1D F1="4.922476" intensity="6.971751e-001" type="0"/>
    <Peak1D F1="4.917742" intensity="7.501529e-001" type="0"/>
    <Peak1D F1="4.377566" intensity="6.551068e-001" type="0"/>
    <Peak1D F1="4.349314" intensity="1.226666e+000" type="0"/>
    <Peak1D F1="4.168980" intensity="5.306270e-002" type="0"/>
    <Peak1D F1="4.003674" intensity="2.661725e+000" type="0"/>
    <Peak1D F1="3.986623" intensity="5.510496e+000" type="0"/>
    <Peak1D F1="3.969677" intensity="3.014242e+000" type="0"/>
    <Peak1D F1="3.910993" intensity="1.441761e-001" type="0"/>
    <Peak1D F1="3.897240" intensity="1.249703e-001" type="0"/>
    <Peak1D F1="3.791534" intensity="1.338089e-001" type="0"/>
    <Peak1D F1="3.753927" intensity="3.085943e-001" type="0"/>
    <Peak1D F1="3.733451" intensity="1.160050e+001" type="0"/>
    <Peak1D F1="3.719704" intensity="1.224242e+001" type="0"/>
    <Peak1D F1="3.551306" intensity="8.851146e-002" type="0"/>
    <Peak1D F1="3.537804" intensity="9.037741e-002" type="0"/>
    <Peak1D F1="3.353094" intensity="2.266651e-001" type="0"/>
    <Peak1D F1="3.298628" intensity="2.339304e+000" type="0"/>
    <Peak1D F1="3.281924" intensity="2.424498e+000" type="0"/>
    <Peak1D F1="2.605448" intensity="5.160135e-002" type="0"/>
    <Peak1D F1="2.588092" intensity="6.623586e-002" type="0"/>
    <Peak1D F1="2.570912" intensity="5.915538e-002" type="0"/>
    <Peak1D F1="2.553753" intensity="3.569142e-002" type="0"/>
    <Peak1D F1="2.495292" intensity="4.041886e-001" type="0"/>
    <Peak1D F1="2.456007" intensity="1.007889e-001" type="0"/>
    <Peak1D F1="2.441025" intensity="7.455851e-002" type="0"/>
    <Peak1D F1="2.342509" intensity="7.445697e-001" type="0"/>
    <Peak1D F1="2.325319" intensity="2.034167e+000" type="0"/>
    <Peak1D F1="2.307561" intensity="2.061843e+000" type="0"/>
    <Peak1D F1="2.290203" intensity="8.243938e-001" type="0"/>
    <Peak1D F1="2.228406" intensity="2.013082e-001" type="0"/>
    <Peak1D F1="2.217319" intensity="3.170010e-001" type="0"/>
    <Peak1D F1="2.212104" intensity="3.602058e-001" type="0"/>
    <Peak1D F1="2.207020" intensity="4.127846e-001" type="0"/>
    <Peak1D F1="2.202194" intensity="3.881706e-001" type="0"/>
    <Peak1D F1="2.185003" intensity="4.473293e-001" type="0"/>
    <Peak1D F1="2.179821" intensity="4.805129e-001" type="0"/>
    <Peak1D F1="2.175048" intensity="4.949786e-001" type="0"/>
    <Peak1D F1="2.169947" intensity="4.799599e-001" type="0"/>
    <Peak1D F1="2.127615" intensity="2.420188e-001" type="0"/>
    <Peak1D F1="2.095892" intensity="5.153586e-001" type="0"/>
    <Peak1D F1="2.071375" intensity="1.495254e+000" type="0"/>
    <Peak1D F1="2.060032" intensity="2.406543e+000" type="0"/>
    <Peak1D F1="2.044099" intensity="3.351998e+000" type="0"/>
    <Peak1D F1="2.024479" intensity="3.821548e+000" type="0"/>
    <Peak1D F1="2.006374" intensity="3.475837e+000" type="0"/>
    <Peak1D F1="1.987696" intensity="3.037895e+000" type="0"/>
    <Peak1D F1="1.967701" intensity="1.500000e+001" type="0"/>
    <Peak1D F1="1.937102" intensity="1.660544e+000" type="0"/>
    <Peak1D F1="1.920275" intensity="8.228635e-001" type="0"/>
    <Peak1D F1="1.821581" intensity="4.072762e-001" type="0"/>
    <Peak1D F1="1.805974" intensity="4.505654e-001" type="0"/>
    <Peak1D F1="1.792556" intensity="5.347149e-001" type="0"/>
    <Peak1D F1="1.749087" intensity="3.312252e-001" type="0"/>
    <Peak1D F1="1.733361" intensity="3.647047e-001" type="0"/>
    <Peak1D F1="1.722012" intensity="3.590654e-001" type="0"/>
    <Peak1D F1="1.679609" intensity="4.552055e-001" type="0"/>
    <Peak1D F1="1.651772" intensity="8.109775e+000" type="0"/>
    <Peak1D F1="1.595358" intensity="7.132710e+000" type="0"/>
    <Peak1D F1="1.578346" intensity="8.300225e+000" type="0"/>
    <Peak1D F1="1.565106" intensity="6.913008e+000" type="0"/>
    <Peak1D F1="1.495931" intensity="3.102113e-001" type="0"/>
    <Peak1D F1="1.480962" intensity="2.812065e-001" type="0"/>
    <Peak1D F1="1.462555" intensity="5.196118e-001" type="0"/>
    <Peak1D F1="1.453962" intensity="7.447263e-001" type="0"/>
    <Peak1D F1="1.447127" intensity="6.590917e-001" type="0"/>
    <Peak1D F1="1.438039" intensity="1.054413e+000" type="0"/>
    <Peak1D F1="1.427586" intensity="9.003603e-001" type="0"/>
    <Peak1D F1="1.421730" intensity="7.233309e-001" type="0"/>
    <Peak1D F1="1.412153" intensity="7.229667e-001" type="0"/>
    <Peak1D F1="1.401763" intensity="4.120296e-001" type="0"/>
    <Peak1D F1="1.383745" intensity="2.345252e-001" type="0"/>
    <Peak1D F1="1.375839" intensity="2.585582e-001" type="0"/>
    <Peak1D F1="1.368148" intensity="2.422180e-001" type="0"/>
    <Peak1D F1="1.343553" intensity="3.507165e-001" type="0"/>
    <Peak1D F1="1.337185" intensity="3.197479e-001" type="0"/>
    <Peak1D F1="1.314878" intensity="7.174402e-001" type="0"/>
    <Peak1D F1="1.288170" intensity="7.039919e-001" type="0"/>
    <Peak1D F1="1.265124" intensity="2.867389e-001" type="0"/>
    <Peak1D F1="1.258115" intensity="3.251676e-001" type="0"/>
    <Peak1D F1="1.244319" intensity="1.919778e-001" type="0"/>
    <Peak1D F1="1.226027" intensity="2.214070e-001" type="0"/>
    <Peak1D F1="1.206897" intensity="2.495976e-001" type="0"/>
    <Peak1D F1="1.176208" intensity="4.843997e+000" type="0"/>
    <Peak1D F1="1.099678" intensity="1.388967e-001" type="0"/>
    <Peak1D F1="1.091748" intensity="1.437945e-001" type="0"/>
    <Peak1D F1="1.073110" intensity="1.246117e-001" type="0"/>
    <Peak1D F1="1.024469" intensity="7.190809e-001" type="0"/>
    <Peak1D F1="1.007179" intensity="7.286150e-001" type="0"/>
    <Peak1D F1="0.986861" intensity="1.739510e-001" type="0"/>
    <Peak1D F1="0.961207" intensity="2.956118e+000" type="0"/>
    <Peak1D F1="0.954773" intensity="4.013660e+000" type="0"/>
    <Peak1D F1="0.945186" intensity="3.203664e+000" type="0"/>
    <Peak1D F1="0.935890" intensity="7.006515e+000" type="0"/>
    <Peak1D F1="0.917048" intensity="3.739305e+000" type="0"/>
    <Peak1D F1="0.896337" intensity="6.398304e-001" type="0"/>
    <Peak1D F1="0.880603" intensity="2.950413e+000" type="0"/>
    <Peak1D F1="0.864317" intensity="2.943114e+000" type="0"/>
    <Peak1D F1="0.815204" intensity="2.337531e+000" type="0"/>
    <Peak1D F1="0.799112" intensity="2.775079e+000" type="0"/>
    <Peak1D F1="0.783169" intensity="7.561086e-001" type="0"/>
    <Peak1D F1="0.652272" intensity="6.719524e-002" type="0"/>
    <Peak1D F1="0.635372" intensity="6.055538e-002" type="0"/>
    <Peak1D F1="-0.000150" intensity="7.853428e-002" type="0"/>
  </PeakList1D>
</PeakList>
