<?xml version="1.0" encoding="UTF-8"?>
<PeakList>
  <PeakList1D>
    <PeakList1DHeader creator="root" date="2021-09-29T08:13:52.061+08:00" expNo="1" name="0927ZLLT#DMSO" owner="" procNo="1" source="D:/Zhi-Ming Zhang">
      <PeakPickDetails>F1=16.201160ppm, F2=-3.824383ppm, MI=0.00cm, MAXI=10000.00cm, PC=1.000
      </PeakPickDetails>
    </PeakList1DHeader>
    <Peak1D F1="16.199558" intensity="6.228667e-004" type="0"/>
    <Peak1D F1="16.110588" intensity="6.234845e-004" type="0"/>
    <Peak1D F1="16.025551" intensity="5.316322e-004" type="0"/>
    <Peak1D F1="15.936759" intensity="4.736345e-004" type="0"/>
    <Peak1D F1="15.871763" intensity="4.956345e-004" type="0"/>
    <Peak1D F1="15.857966" intensity="4.929001e-004" type="0"/>
    <Peak1D F1="15.775696" intensity="4.273707e-004" type="0"/>
    <Peak1D F1="15.735093" intensity="3.846297e-004" type="0"/>
    <Peak1D F1="15.711302" intensity="3.969817e-004" type="0"/>
    <Peak1D F1="15.650489" intensity="3.518043e-004" type="0"/>
    <Peak1D F1="15.610973" intensity="3.407683e-004" type="0"/>
    <Peak1D F1="11.785834" intensity="3.855667e-004" type="0"/>
    <Peak1D F1="11.718834" intensity="4.232725e-004" type="0"/>
    <Peak1D F1="11.621124" intensity="5.329225e-004" type="0"/>
    <Peak1D F1="11.573628" intensity="6.481654e-004" type="0"/>
    <Peak1D F1="11.468404" intensity="1.244736e-003" type="0"/>
    <Peak1D F1="11.378846" intensity="4.189063e-003" type="0"/>
    <Peak1D F1="11.293976" intensity="8.083812e-004" type="0"/>
    <Peak1D F1="11.140277" intensity="7.523458e-004" type="0"/>
    <Peak1D F1="11.127055" intensity="7.469427e-004" type="0"/>
    <Peak1D F1="10.998116" intensity="3.946215e-004" type="0"/>
    <Peak1D F1="10.454494" intensity="4.678844e-004" type="0"/>
    <Peak1D F1="10.447914" intensity="7.520210e-004" type="0"/>
    <Peak1D F1="10.433949" intensity="6.788573e-004" type="0"/>
    <Peak1D F1="10.424918" intensity="1.111331e-003" type="0"/>
    <Peak1D F1="10.405544" intensity="1.669752e-003" type="0"/>
    <Peak1D F1="10.382159" intensity="1.987772e-003" type="0"/>
    <Peak1D F1="10.363420" intensity="2.028577e-003" type="0"/>
    <Peak1D F1="10.308471" intensity="3.415763e-003" type="0"/>
    <Peak1D F1="10.289795" intensity="2.777910e-003" type="0"/>
    <Peak1D F1="10.272458" intensity="6.856095e-004" type="0"/>
    <Peak1D F1="10.240320" intensity="4.941246e-002" type="0"/>
    <Peak1D F1="10.220056" intensity="4.963681e-002" type="0"/>
    <Peak1D F1="10.192315" intensity="1.115617e-003" type="0"/>
    <Peak1D F1="10.172731" intensity="1.091188e-003" type="0"/>
    <Peak1D F1="10.095078" intensity="1.856323e-003" type="0"/>
    <Peak1D F1="10.084800" intensity="7.832281e-003" type="0"/>
    <Peak1D F1="9.845100" intensity="5.374278e-004" type="0"/>
    <Peak1D F1="9.805390" intensity="6.248635e-004" type="0"/>
    <Peak1D F1="9.800124" intensity="4.164352e-004" type="0"/>
    <Peak1D F1="9.783908" intensity="7.368255e-004" type="0"/>
    <Peak1D F1="9.771782" intensity="7.076284e-004" type="0"/>
    <Peak1D F1="9.734748" intensity="6.686921e-004" type="0"/>
    <Peak1D F1="9.700762" intensity="8.247966e-004" type="0"/>
    <Peak1D F1="9.477880" intensity="8.525909e-004" type="0"/>
    <Peak1D F1="9.473359" intensity="9.021593e-004" type="0"/>
    <Peak1D F1="9.469352" intensity="8.878032e-004" type="0"/>
    <Peak1D F1="9.463528" intensity="6.049615e-004" type="0"/>
    <Peak1D F1="9.378452" intensity="9.286446e-004" type="0"/>
    <Peak1D F1="9.364334" intensity="8.990925e-004" type="0"/>
    <Peak1D F1="8.302120" intensity="1.225772e-003" type="0"/>
    <Peak1D F1="8.217697" intensity="7.398174e-004" type="0"/>
    <Peak1D F1="8.208795" intensity="1.437528e-003" type="0"/>
    <Peak1D F1="8.131052" intensity="5.471772e-002" type="0"/>
    <Peak1D F1="7.581606" intensity="4.084039e-004" type="0"/>
    <Peak1D F1="7.533030" intensity="4.608222e-004" type="0"/>
    <Peak1D F1="7.518862" intensity="2.788495e-003" type="0"/>
    <Peak1D F1="7.506560" intensity="4.563506e-003" type="0"/>
    <Peak1D F1="7.487370" intensity="3.184616e-003" type="0"/>
    <Peak1D F1="7.467028" intensity="5.342952e-003" type="0"/>
    <Peak1D F1="7.448445" intensity="5.886934e-003" type="0"/>
    <Peak1D F1="7.406985" intensity="6.511786e-003" type="0"/>
    <Peak1D F1="7.385609" intensity="2.031755e-003" type="0"/>
    <Peak1D F1="7.331533" intensity="1.665478e-002" type="0"/>
    <Peak1D F1="7.329365" intensity="1.696158e-002" type="0"/>
    <Peak1D F1="7.287547" intensity="2.965362e-002" type="0"/>
    <Peak1D F1="7.262158" intensity="9.639968e-001" type="0"/>
    <Peak1D F1="7.221272" intensity="1.038381e+000" type="0"/>
    <Peak1D F1="7.184922" intensity="2.694958e-002" type="0"/>
    <Peak1D F1="7.160404" intensity="1.581507e-002" type="0"/>
    <Peak1D F1="7.081902" intensity="2.506295e-001" type="0"/>
    <Peak1D F1="7.042394" intensity="2.698541e-001" type="0"/>
    <Peak1D F1="6.975951" intensity="5.612216e-003" type="0"/>
    <Peak1D F1="6.964653" intensity="6.808375e-003" type="0"/>
    <Peak1D F1="6.953405" intensity="6.660977e-004" type="0"/>
    <Peak1D F1="6.935923" intensity="1.032068e-002" type="0"/>
    <Peak1D F1="6.925914" intensity="2.205920e-002" type="0"/>
    <Peak1D F1="6.917374" intensity="3.580710e-003" type="0"/>
    <Peak1D F1="6.906883" intensity="1.130460e-003" type="0"/>
    <Peak1D F1="6.897561" intensity="4.893388e-004" type="0"/>
    <Peak1D F1="6.885351" intensity="6.465043e-004" type="0"/>
    <Peak1D F1="6.845799" intensity="9.674102e-004" type="0"/>
    <Peak1D F1="6.814310" intensity="9.255747e-003" type="0"/>
    <Peak1D F1="6.773593" intensity="2.081163e-002" type="0"/>
    <Peak1D F1="6.759143" intensity="3.887485e-003" type="0"/>
    <Peak1D F1="6.731826" intensity="1.279042e-002" type="0"/>
    <Peak1D F1="6.719636" intensity="3.383835e-003" type="0"/>
    <Peak1D F1="6.646592" intensity="7.403142e-003" type="0"/>
    <Peak1D F1="6.622279" intensity="7.717305e-003" type="0"/>
    <Peak1D F1="6.607090" intensity="8.383466e-003" type="0"/>
    <Peak1D F1="6.582740" intensity="8.448705e-003" type="0"/>
    <Peak1D F1="6.421746" intensity="1.213922e-002" type="0"/>
    <Peak1D F1="6.402088" intensity="1.959767e-003" type="0"/>
    <Peak1D F1="6.380637" intensity="1.725943e-002" type="0"/>
    <Peak1D F1="6.360234" intensity="1.341041e-002" type="0"/>
    <Peak1D F1="6.340395" intensity="9.064356e-003" type="0"/>
    <Peak1D F1="6.337590" intensity="8.243768e-003" type="0"/>
    <Peak1D F1="6.318870" intensity="1.152181e-002" type="0"/>
    <Peak1D F1="6.303466" intensity="1.446120e-003" type="0"/>
    <Peak1D F1="6.295943" intensity="1.959069e-003" type="0"/>
    <Peak1D F1="6.287694" intensity="1.072999e-003" type="0"/>
    <Peak1D F1="6.281573" intensity="1.583836e-003" type="0"/>
    <Peak1D F1="6.271680" intensity="1.083479e-002" type="0"/>
    <Peak1D F1="6.256691" intensity="1.761914e-003" type="0"/>
    <Peak1D F1="6.230546" intensity="1.043687e-002" type="0"/>
    <Peak1D F1="6.197337" intensity="2.181474e-003" type="0"/>
    <Peak1D F1="6.180530" intensity="2.845174e-002" type="0"/>
    <Peak1D F1="6.161216" intensity="2.993537e-003" type="0"/>
    <Peak1D F1="6.155394" intensity="3.165812e-003" type="0"/>
    <Peak1D F1="6.139005" intensity="2.998246e-002" type="0"/>
    <Peak1D F1="6.119819" intensity="8.276716e-003" type="0"/>
    <Peak1D F1="6.097957" intensity="2.732904e-001" type="0"/>
    <Peak1D F1="6.075649" intensity="1.942268e+000" type="0"/>
    <Peak1D F1="6.058459" intensity="2.636048e-001" type="0"/>
    <Peak1D F1="6.034512" intensity="1.823350e+000" type="0"/>
    <Peak1D F1="5.990041" intensity="1.513004e-002" type="0"/>
    <Peak1D F1="5.956455" intensity="5.540700e-004" type="0"/>
    <Peak1D F1="5.939731" intensity="1.716762e-003" type="0"/>
    <Peak1D F1="5.918802" intensity="7.905499e-004" type="0"/>
    <Peak1D F1="5.907077" intensity="1.493851e-003" type="0"/>
    <Peak1D F1="5.895682" intensity="1.690366e-003" type="0"/>
    <Peak1D F1="5.875200" intensity="1.398981e-002" type="0"/>
    <Peak1D F1="5.868727" intensity="4.443736e-002" type="0"/>
    <Peak1D F1="5.848426" intensity="4.290384e-002" type="0"/>
    <Peak1D F1="5.834290" intensity="1.003962e-002" type="0"/>
    <Peak1D F1="5.826767" intensity="3.253592e-003" type="0"/>
    <Peak1D F1="5.810988" intensity="7.177267e-003" type="0"/>
    <Peak1D F1="5.799912" intensity="2.946237e-003" type="0"/>
    <Peak1D F1="5.747237" intensity="4.663713e-004" type="0"/>
    <Peak1D F1="5.732368" intensity="1.115157e-003" type="0"/>
    <Peak1D F1="5.718705" intensity="9.755413e-003" type="0"/>
    <Peak1D F1="5.696901" intensity="1.743404e-003" type="0"/>
    <Peak1D F1="5.677070" intensity="2.752907e-003" type="0"/>
    <Peak1D F1="5.660265" intensity="3.774334e-004" type="0"/>
    <Peak1D F1="5.647890" intensity="7.546881e-004" type="0"/>
    <Peak1D F1="5.625553" intensity="3.896618e-003" type="0"/>
    <Peak1D F1="5.617689" intensity="1.827750e-003" type="0"/>
    <Peak1D F1="5.594303" intensity="2.999947e-003" type="0"/>
    <Peak1D F1="5.528708" intensity="9.721240e-004" type="0"/>
    <Peak1D F1="5.489040" intensity="9.640429e-003" type="0"/>
    <Peak1D F1="5.468927" intensity="1.422744e-003" type="0"/>
    <Peak1D F1="5.438979" intensity="3.541610e-004" type="0"/>
    <Peak1D F1="5.382265" intensity="5.765076e-004" type="0"/>
    <Peak1D F1="5.369688" intensity="4.326486e-004" type="0"/>
    <Peak1D F1="5.341418" intensity="5.300630e-004" type="0"/>
    <Peak1D F1="5.331064" intensity="9.939140e-004" type="0"/>
    <Peak1D F1="5.321290" intensity="9.301515e-004" type="0"/>
    <Peak1D F1="5.304210" intensity="1.134749e-003" type="0"/>
    <Peak1D F1="5.285900" intensity="1.452712e-003" type="0"/>
    <Peak1D F1="5.272864" intensity="1.459669e-003" type="0"/>
    <Peak1D F1="5.267058" intensity="1.585371e-003" type="0"/>
    <Peak1D F1="5.254353" intensity="1.093333e-003" type="0"/>
    <Peak1D F1="5.247266" intensity="1.108638e-003" type="0"/>
    <Peak1D F1="5.239641" intensity="9.317555e-004" type="0"/>
    <Peak1D F1="5.230473" intensity="8.782512e-004" type="0"/>
    <Peak1D F1="5.221880" intensity="1.294674e-003" type="0"/>
    <Peak1D F1="5.191980" intensity="1.385523e-003" type="0"/>
    <Peak1D F1="5.166965" intensity="6.558398e-004" type="0"/>
    <Peak1D F1="5.093400" intensity="1.191847e-003" type="0"/>
    <Peak1D F1="4.991656" intensity="1.877492e-003" type="0"/>
    <Peak1D F1="4.968165" intensity="2.047202e-003" type="0"/>
    <Peak1D F1="4.824806" intensity="6.060504e-004" type="0"/>
    <Peak1D F1="4.698179" intensity="1.218246e-003" type="0"/>
    <Peak1D F1="4.544666" intensity="8.449450e-004" type="0"/>
    <Peak1D F1="4.536312" intensity="5.862862e-004" type="0"/>
    <Peak1D F1="4.505755" intensity="5.359018e-004" type="0"/>
    <Peak1D F1="4.469238" intensity="2.488659e-003" type="0"/>
    <Peak1D F1="4.455486" intensity="2.505487e-003" type="0"/>
    <Peak1D F1="4.439982" intensity="7.890303e-004" type="0"/>
    <Peak1D F1="4.426066" intensity="8.296712e-004" type="0"/>
    <Peak1D F1="4.408423" intensity="1.504719e-003" type="0"/>
    <Peak1D F1="4.393092" intensity="2.144855e-003" type="0"/>
    <Peak1D F1="4.362169" intensity="1.155600e-003" type="0"/>
    <Peak1D F1="4.351763" intensity="3.489540e-003" type="0"/>
    <Peak1D F1="4.335321" intensity="2.445387e-003" type="0"/>
    <Peak1D F1="4.315498" intensity="3.098131e-003" type="0"/>
    <Peak1D F1="4.303890" intensity="2.195407e-003" type="0"/>
    <Peak1D F1="4.287573" intensity="2.690240e-003" type="0"/>
    <Peak1D F1="4.247255" intensity="1.890136e-003" type="0"/>
    <Peak1D F1="4.228301" intensity="1.847548e-003" type="0"/>
    <Peak1D F1="4.159362" intensity="1.629480e-002" type="0"/>
    <Peak1D F1="4.130657" intensity="2.110078e-003" type="0"/>
    <Peak1D F1="4.118057" intensity="2.379968e-003" type="0"/>
    <Peak1D F1="4.107443" intensity="2.114785e-003" type="0"/>
    <Peak1D F1="4.096828" intensity="2.667423e-003" type="0"/>
    <Peak1D F1="4.086821" intensity="4.464782e-003" type="0"/>
    <Peak1D F1="4.063554" intensity="4.165063e-003" type="0"/>
    <Peak1D F1="4.046968" intensity="2.911735e-003" type="0"/>
    <Peak1D F1="4.030744" intensity="2.544396e-003" type="0"/>
    <Peak1D F1="4.025351" intensity="2.632858e-003" type="0"/>
    <Peak1D F1="4.016989" intensity="3.060152e-003" type="0"/>
    <Peak1D F1="3.993972" intensity="3.081194e-003" type="0"/>
    <Peak1D F1="3.975914" intensity="2.980812e-003" type="0"/>
    <Peak1D F1="3.955592" intensity="3.991907e-003" type="0"/>
    <Peak1D F1="3.939290" intensity="4.360237e-003" type="0"/>
    <Peak1D F1="3.931983" intensity="3.856781e-003" type="0"/>
    <Peak1D F1="3.899346" intensity="3.882315e-003" type="0"/>
    <Peak1D F1="3.860713" intensity="1.460496e-002" type="0"/>
    <Peak1D F1="3.847671" intensity="2.541462e-002" type="0"/>
    <Peak1D F1="3.835371" intensity="1.482011e-002" type="0"/>
    <Peak1D F1="3.815825" intensity="6.273351e-003" type="0"/>
    <Peak1D F1="3.800066" intensity="6.914473e-003" type="0"/>
    <Peak1D F1="3.794455" intensity="6.691925e-003" type="0"/>
    <Peak1D F1="3.784433" intensity="7.340915e-003" type="0"/>
    <Peak1D F1="3.775611" intensity="6.883500e-003" type="0"/>
    <Peak1D F1="3.765784" intensity="6.893127e-003" type="0"/>
    <Peak1D F1="3.756054" intensity="7.607693e-003" type="0"/>
    <Peak1D F1="3.734623" intensity="7.603714e-003" type="0"/>
    <Peak1D F1="3.717136" intensity="1.931306e-002" type="0"/>
    <Peak1D F1="3.701376" intensity="7.673791e-003" type="0"/>
    <Peak1D F1="3.685337" intensity="7.307807e-003" type="0"/>
    <Peak1D F1="3.675377" intensity="9.819227e-003" type="0"/>
    <Peak1D F1="3.662488" intensity="7.418886e-003" type="0"/>
    <Peak1D F1="3.653781" intensity="7.554576e-003" type="0"/>
    <Peak1D F1="3.642632" intensity="7.736456e-003" type="0"/>
    <Peak1D F1="3.618021" intensity="7.817395e-003" type="0"/>
    <Peak1D F1="3.585482" intensity="1.041821e-002" type="0"/>
    <Peak1D F1="3.571462" intensity="8.595623e-003" type="0"/>
    <Peak1D F1="3.547153" intensity="9.005409e-003" type="0"/>
    <Peak1D F1="3.530092" intensity="8.626396e-003" type="0"/>
    <Peak1D F1="3.519875" intensity="8.577779e-003" type="0"/>
    <Peak1D F1="3.501408" intensity="8.664057e-003" type="0"/>
    <Peak1D F1="3.493215" intensity="9.275165e-003" type="0"/>
    <Peak1D F1="3.480593" intensity="9.217708e-003" type="0"/>
    <Peak1D F1="3.469755" intensity="8.987307e-003" type="0"/>
    <Peak1D F1="3.455287" intensity="8.919730e-003" type="0"/>
    <Peak1D F1="3.441930" intensity="9.040948e-003" type="0"/>
    <Peak1D F1="3.436086" intensity="8.649988e-003" type="0"/>
    <Peak1D F1="3.428114" intensity="8.401644e-003" type="0"/>
    <Peak1D F1="3.410447" intensity="8.943396e-003" type="0"/>
    <Peak1D F1="3.392925" intensity="8.105595e-003" type="0"/>
    <Peak1D F1="3.384702" intensity="7.875213e-003" type="0"/>
    <Peak1D F1="3.378468" intensity="7.893863e-003" type="0"/>
    <Peak1D F1="3.371178" intensity="7.825460e-003" type="0"/>
    <Peak1D F1="3.357377" intensity="7.787430e-003" type="0"/>
    <Peak1D F1="3.342402" intensity="7.129167e-003" type="0"/>
    <Peak1D F1="3.329387" intensity="6.704822e-003" type="0"/>
    <Peak1D F1="3.316825" intensity="6.576701e-003" type="0"/>
    <Peak1D F1="3.301528" intensity="5.983073e-003" type="0"/>
    <Peak1D F1="3.283610" intensity="6.445118e-003" type="0"/>
    <Peak1D F1="3.265383" intensity="7.785834e-003" type="0"/>
    <Peak1D F1="3.258461" intensity="7.008393e-003" type="0"/>
    <Peak1D F1="3.253395" intensity="6.916359e-003" type="0"/>
    <Peak1D F1="3.235220" intensity="4.799381e-003" type="0"/>
    <Peak1D F1="3.227021" intensity="4.782571e-003" type="0"/>
    <Peak1D F1="3.221483" intensity="4.710387e-003" type="0"/>
    <Peak1D F1="3.207373" intensity="2.916126e-002" type="0"/>
    <Peak1D F1="3.198105" intensity="5.665401e-003" type="0"/>
    <Peak1D F1="3.190606" intensity="5.201114e-003" type="0"/>
    <Peak1D F1="3.167758" intensity="3.638344e-002" type="0"/>
    <Peak1D F1="3.160189" intensity="4.147934e-002" type="0"/>
    <Peak1D F1="3.117508" intensity="3.961408e-003" type="0"/>
    <Peak1D F1="3.092807" intensity="1.351772e-002" type="0"/>
    <Peak1D F1="3.086367" intensity="1.076168e-002" type="0"/>
    <Peak1D F1="3.065103" intensity="7.752231e-003" type="0"/>
    <Peak1D F1="3.051744" intensity="3.793971e-003" type="0"/>
    <Peak1D F1="3.027307" intensity="1.464569e-002" type="0"/>
    <Peak1D F1="3.010327" intensity="5.128661e-003" type="0"/>
    <Peak1D F1="2.980513" intensity="3.357176e-003" type="0"/>
    <Peak1D F1="2.965360" intensity="4.362581e-003" type="0"/>
    <Peak1D F1="2.952367" intensity="4.786807e-003" type="0"/>
    <Peak1D F1="2.935997" intensity="2.840243e-003" type="0"/>
    <Peak1D F1="2.915402" intensity="9.522742e-004" type="0"/>
    <Peak1D F1="2.891251" intensity="4.830913e-004" type="0"/>
    <Peak1D F1="2.865792" intensity="3.773665e-004" type="0"/>
    <Peak1D F1="2.839683" intensity="1.054781e-003" type="0"/>
    <Peak1D F1="2.831810" intensity="1.311043e-003" type="0"/>
    <Peak1D F1="2.811817" intensity="2.157102e-003" type="0"/>
    <Peak1D F1="2.805296" intensity="1.682962e-003" type="0"/>
    <Peak1D F1="2.798021" intensity="1.231409e-003" type="0"/>
    <Peak1D F1="2.785470" intensity="7.619820e-004" type="0"/>
    <Peak1D F1="2.768725" intensity="1.233442e-003" type="0"/>
    <Peak1D F1="2.760471" intensity="1.741144e-003" type="0"/>
    <Peak1D F1="2.732581" intensity="1.717402e-003" type="0"/>
    <Peak1D F1="2.724251" intensity="2.008220e-003" type="0"/>
    <Peak1D F1="2.698565" intensity="7.661011e-004" type="0"/>
    <Peak1D F1="2.686159" intensity="1.427594e-003" type="0"/>
    <Peak1D F1="2.679157" intensity="1.455701e-003" type="0"/>
    <Peak1D F1="2.655549" intensity="6.236642e-003" type="0"/>
    <Peak1D F1="2.644602" intensity="3.745303e-003" type="0"/>
    <Peak1D F1="2.634252" intensity="4.594287e-003" type="0"/>
    <Peak1D F1="2.623306" intensity="4.347283e-003" type="0"/>
    <Peak1D F1="2.612240" intensity="5.780960e-003" type="0"/>
    <Peak1D F1="2.598790" intensity="1.646676e-003" type="0"/>
    <Peak1D F1="2.591479" intensity="1.614431e-003" type="0"/>
    <Peak1D F1="2.576085" intensity="1.855153e-003" type="0"/>
    <Peak1D F1="2.561808" intensity="2.230262e-003" type="0"/>
    <Peak1D F1="2.529349" intensity="7.854747e-002" type="0"/>
    <Peak1D F1="2.524939" intensity="1.039824e-001" type="0"/>
    <Peak1D F1="2.520502" intensity="7.683778e-002" type="0"/>
    <Peak1D F1="2.500026" intensity="1.048751e-002" type="0"/>
    <Peak1D F1="2.492051" intensity="2.158738e-002" type="0"/>
    <Peak1D F1="2.475430" intensity="3.040870e-002" type="0"/>
    <Peak1D F1="2.457750" intensity="2.360121e-002" type="0"/>
    <Peak1D F1="2.443768" intensity="1.065991e-002" type="0"/>
    <Peak1D F1="2.437982" intensity="8.371728e-003" type="0"/>
    <Peak1D F1="2.430147" intensity="1.010737e-002" type="0"/>
    <Peak1D F1="2.415606" intensity="9.451123e-002" type="0"/>
    <Peak1D F1="2.397920" intensity="4.023171e-002" type="0"/>
    <Peak1D F1="2.382246" intensity="1.415151e-002" type="0"/>
    <Peak1D F1="2.369384" intensity="1.260918e-002" type="0"/>
    <Peak1D F1="2.353023" intensity="2.173576e-002" type="0"/>
    <Peak1D F1="2.343158" intensity="1.864399e-001" type="0"/>
    <Peak1D F1="2.331853" intensity="2.295799e-002" type="0"/>
    <Peak1D F1="2.318327" intensity="3.557269e-002" type="0"/>
    <Peak1D F1="2.297525" intensity="1.306770e-001" type="0"/>
    <Peak1D F1="2.283944" intensity="2.880958e-001" type="0"/>
    <Peak1D F1="2.272997" intensity="5.738127e-001" type="0"/>
    <Peak1D F1="2.258305" intensity="1.121840e+001" type="0"/>
    <Peak1D F1="2.226031" intensity="8.263256e-002" type="0"/>
    <Peak1D F1="2.213540" intensity="1.680992e-001" type="0"/>
    <Peak1D F1="2.206372" intensity="4.905670e-002" type="0"/>
    <Peak1D F1="2.194238" intensity="3.302898e-002" type="0"/>
    <Peak1D F1="2.190391" intensity="3.312409e-002" type="0"/>
    <Peak1D F1="2.181114" intensity="3.792797e-002" type="0"/>
    <Peak1D F1="2.178192" intensity="3.794865e-002" type="0"/>
    <Peak1D F1="2.165684" intensity="2.774944e-002" type="0"/>
    <Peak1D F1="2.154903" intensity="3.367119e-002" type="0"/>
    <Peak1D F1="2.149959" intensity="3.584950e-002" type="0"/>
    <Peak1D F1="2.142237" intensity="4.174732e-002" type="0"/>
    <Peak1D F1="2.135230" intensity="4.171347e-002" type="0"/>
    <Peak1D F1="2.129745" intensity="4.761440e-002" type="0"/>
    <Peak1D F1="2.123368" intensity="3.969530e-002" type="0"/>
    <Peak1D F1="2.110428" intensity="6.891115e-002" type="0"/>
    <Peak1D F1="2.098319" intensity="1.670143e-001" type="0"/>
    <Peak1D F1="2.079069" intensity="9.749716e-001" type="0"/>
    <Peak1D F1="2.063591" intensity="1.985818e+000" type="0"/>
    <Peak1D F1="2.048090" intensity="1.103252e+000" type="0"/>
    <Peak1D F1="2.027525" intensity="9.123192e-002" type="0"/>
    <Peak1D F1="2.006943" intensity="3.607065e-002" type="0"/>
    <Peak1D F1="1.993302" intensity="4.007111e-002" type="0"/>
    <Peak1D F1="1.977157" intensity="3.892685e-002" type="0"/>
    <Peak1D F1="1.971001" intensity="3.701541e-002" type="0"/>
    <Peak1D F1="1.953958" intensity="2.944160e-002" type="0"/>
    <Peak1D F1="1.937187" intensity="4.591665e-002" type="0"/>
    <Peak1D F1="1.918731" intensity="5.839234e-001" type="0"/>
    <Peak1D F1="1.902028" intensity="9.074914e-002" type="0"/>
    <Peak1D F1="1.890888" intensity="4.104936e-002" type="0"/>
    <Peak1D F1="1.879390" intensity="3.974316e-002" type="0"/>
    <Peak1D F1="1.868390" intensity="4.860064e-002" type="0"/>
    <Peak1D F1="1.849791" intensity="6.589811e-002" type="0"/>
    <Peak1D F1="1.833273" intensity="6.631505e-002" type="0"/>
    <Peak1D F1="1.827832" intensity="9.340532e-002" type="0"/>
    <Peak1D F1="1.818822" intensity="1.662080e-001" type="0"/>
    <Peak1D F1="1.809466" intensity="1.716431e-001" type="0"/>
    <Peak1D F1="1.805578" intensity="1.628899e-001" type="0"/>
    <Peak1D F1="1.798382" intensity="2.527985e-001" type="0"/>
    <Peak1D F1="1.778947" intensity="1.359567e-001" type="0"/>
    <Peak1D F1="1.745238" intensity="6.981215e+000" type="0"/>
    <Peak1D F1="1.728115" intensity="2.825650e-001" type="0"/>
    <Peak1D F1="1.697511" intensity="5.544182e-002" type="0"/>
    <Peak1D F1="1.687011" intensity="5.736271e-002" type="0"/>
    <Peak1D F1="1.680123" intensity="5.786240e-002" type="0"/>
    <Peak1D F1="1.674817" intensity="5.513899e-002" type="0"/>
    <Peak1D F1="1.654947" intensity="7.552478e-002" type="0"/>
    <Peak1D F1="1.647181" intensity="7.689928e-002" type="0"/>
    <Peak1D F1="1.630641" intensity="4.833203e-001" type="0"/>
    <Peak1D F1="1.628416" intensity="4.719814e-001" type="0"/>
    <Peak1D F1="1.618976" intensity="4.506141e-001" type="0"/>
    <Peak1D F1="1.612445" intensity="1.029791e+000" type="0"/>
    <Peak1D F1="1.604057" intensity="1.003337e+000" type="0"/>
    <Peak1D F1="1.597812" intensity="1.416426e+000" type="0"/>
    <Peak1D F1="1.588705" intensity="1.052982e+000" type="0"/>
    <Peak1D F1="1.582534" intensity="1.373005e+000" type="0"/>
    <Peak1D F1="1.573364" intensity="4.767029e-001" type="0"/>
    <Peak1D F1="1.566847" intensity="5.602271e-001" type="0"/>
    <Peak1D F1="1.552471" intensity="1.205486e-001" type="0"/>
    <Peak1D F1="1.548414" intensity="1.172985e-001" type="0"/>
    <Peak1D F1="1.528206" intensity="1.181304e-001" type="0"/>
    <Peak1D F1="1.515946" intensity="6.771158e-002" type="0"/>
    <Peak1D F1="1.506774" intensity="7.963794e-002" type="0"/>
    <Peak1D F1="1.477401" intensity="1.987838e+000" type="0"/>
    <Peak1D F1="1.471023" intensity="1.391620e+000" type="0"/>
    <Peak1D F1="1.462127" intensity="1.471333e+000" type="0"/>
    <Peak1D F1="1.456270" intensity="1.253623e+000" type="0"/>
    <Peak1D F1="1.447969" intensity="1.333576e+000" type="0"/>
    <Peak1D F1="1.425203" intensity="1.394357e-001" type="0"/>
    <Peak1D F1="1.419740" intensity="1.232652e-001" type="0"/>
    <Peak1D F1="1.403938" intensity="1.959901e-001" type="0"/>
    <Peak1D F1="1.398865" intensity="1.873738e-001" type="0"/>
    <Peak1D F1="1.384286" intensity="2.723445e-001" type="0"/>
    <Peak1D F1="1.379254" intensity="2.782728e-001" type="0"/>
    <Peak1D F1="1.369510" intensity="1.432051e-001" type="0"/>
    <Peak1D F1="1.363412" intensity="1.103372e-001" type="0"/>
    <Peak1D F1="1.354388" intensity="1.122302e-001" type="0"/>
    <Peak1D F1="1.323634" intensity="5.652104e-002" type="0"/>
    <Peak1D F1="1.318705" intensity="5.621486e-002" type="0"/>
    <Peak1D F1="1.310999" intensity="6.949150e-002" type="0"/>
    <Peak1D F1="1.295341" intensity="5.663807e-002" type="0"/>
    <Peak1D F1="1.288299" intensity="4.797440e-002" type="0"/>
    <Peak1D F1="1.277729" intensity="5.055613e-002" type="0"/>
    <Peak1D F1="1.269604" intensity="4.492853e-002" type="0"/>
    <Peak1D F1="1.264972" intensity="4.706484e-002" type="0"/>
    <Peak1D F1="1.242627" intensity="1.161871e-001" type="0"/>
    <Peak1D F1="1.236687" intensity="8.936787e-002" type="0"/>
    <Peak1D F1="1.214104" intensity="1.640683e-001" type="0"/>
    <Peak1D F1="1.199204" intensity="1.435118e-001" type="0"/>
    <Peak1D F1="1.178228" intensity="3.131340e-001" type="0"/>
    <Peak1D F1="1.172610" intensity="1.368493e-001" type="0"/>
    <Peak1D F1="1.165671" intensity="1.380893e-001" type="0"/>
    <Peak1D F1="1.143304" intensity="1.174312e+000" type="0"/>
    <Peak1D F1="1.108888" intensity="1.616385e+000" type="0"/>
    <Peak1D F1="1.094492" intensity="2.187556e-001" type="0"/>
    <Peak1D F1="1.083139" intensity="4.727058e-001" type="0"/>
    <Peak1D F1="1.058673" intensity="1.500000e+001" type="0"/>
    <Peak1D F1="1.035950" intensity="5.447561e-001" type="0"/>
    <Peak1D F1="1.027624" intensity="4.273916e-001" type="0"/>
    <Peak1D F1="1.020328" intensity="4.311276e-001" type="0"/>
    <Peak1D F1="0.988454" intensity="1.617731e-001" type="0"/>
    <Peak1D F1="0.983525" intensity="1.591970e-001" type="0"/>
    <Peak1D F1="0.967767" intensity="8.471143e-002" type="0"/>
    <Peak1D F1="0.963263" intensity="8.777076e-002" type="0"/>
    <Peak1D F1="0.955178" intensity="9.265810e-002" type="0"/>
    <Peak1D F1="0.948959" intensity="7.989647e-002" type="0"/>
    <Peak1D F1="0.937318" intensity="6.966419e-002" type="0"/>
    <Peak1D F1="0.913194" intensity="7.951596e-002" type="0"/>
    <Peak1D F1="0.900756" intensity="2.399579e-001" type="0"/>
    <Peak1D F1="0.877292" intensity="1.192766e+000" type="0"/>
    <Peak1D F1="0.857169" intensity="9.318511e-002" type="0"/>
    <Peak1D F1="0.854872" intensity="9.346581e-002" type="0"/>
    <Peak1D F1="0.836953" intensity="1.419901e-001" type="0"/>
    <Peak1D F1="0.816876" intensity="6.067458e-002" type="0"/>
    <Peak1D F1="0.790314" intensity="4.689029e-002" type="0"/>
    <Peak1D F1="0.773797" intensity="2.257117e-002" type="0"/>
    <Peak1D F1="0.767816" intensity="2.487665e-002" type="0"/>
    <Peak1D F1="0.747260" intensity="1.731373e-002" type="0"/>
    <Peak1D F1="0.738102" intensity="2.867198e-002" type="0"/>
    <Peak1D F1="0.727857" intensity="6.174519e-002" type="0"/>
    <Peak1D F1="0.704399" intensity="1.116322e-002" type="0"/>
    <Peak1D F1="0.689806" intensity="8.934640e-003" type="0"/>
    <Peak1D F1="0.679397" intensity="7.717772e-003" type="0"/>
    <Peak1D F1="0.642286" intensity="6.314113e-003" type="0"/>
    <Peak1D F1="0.632570" intensity="5.957041e-003" type="0"/>
    <Peak1D F1="0.594839" intensity="1.985813e-002" type="0"/>
    <Peak1D F1="0.570454" intensity="4.223533e-003" type="0"/>
    <Peak1D F1="0.535954" intensity="3.555650e-003" type="0"/>
    <Peak1D F1="0.486600" intensity="2.875424e-003" type="0"/>
    <Peak1D F1="0.460084" intensity="2.631231e-003" type="0"/>
    <Peak1D F1="0.414938" intensity="2.176187e-003" type="0"/>
    <Peak1D F1="0.391450" intensity="2.075469e-003" type="0"/>
    <Peak1D F1="0.345885" intensity="1.889576e-003" type="0"/>
    <Peak1D F1="0.292090" intensity="1.526048e-003" type="0"/>
    <Peak1D F1="0.248001" intensity="1.420788e-003" type="0"/>
    <Peak1D F1="0.230925" intensity="1.292524e-003" type="0"/>
    <Peak1D F1="0.164250" intensity="1.112242e-003" type="0"/>
    <Peak1D F1="0.146186" intensity="1.179003e-003" type="0"/>
    <Peak1D F1="0.131125" intensity="1.040969e-003" type="0"/>
    <Peak1D F1="0.086722" intensity="8.506049e-004" type="0"/>
    <Peak1D F1="0.055176" intensity="7.483991e-004" type="0"/>
    <Peak1D F1="0.024227" intensity="7.875825e-004" type="0"/>
    <Peak1D F1="0.007803" intensity="2.452012e-003" type="0"/>
    <Peak1D F1="-0.000155" intensity="4.487206e-002" type="0"/>
    <Peak1D F1="-0.008214" intensity="2.824613e-003" type="0"/>
    <Peak1D F1="-0.056340" intensity="5.943007e-004" type="0"/>
    <Peak1D F1="-0.120139" intensity="4.630817e-004" type="0"/>
    <Peak1D F1="-0.149359" intensity="5.543633e-004" type="0"/>
    <Peak1D F1="-0.170042" intensity="4.023567e-004" type="0"/>
    <Peak1D F1="-3.402694" intensity="3.304160e-004" type="0"/>
    <Peak1D F1="-3.632909" intensity="3.305185e-004" type="0"/>
    <Peak1D F1="-3.680670" intensity="3.541729e-004" type="0"/>
  </PeakList1D>
</PeakList>
