<?xml version="1.0" encoding="UTF-8"?>
<PeakList>
  <PeakList1D>
    <PeakList1DHeader creator="root" date="2021-09-30T14:35:49.575+08:00" expNo="1" name="0930BHT" owner="" procNo="1" source="D:/Zhi-Ming Zhang">
      <PeakPickDetails>F1=16.194389ppm, F2=-3.831154ppm, MI=0.00cm, MAXI=10000.00cm, PC=1.000
      </PeakPickDetails>
    </PeakList1DHeader>
    <Peak1D F1="16.173698" intensity="6.211168e-004" type="0"/>
    <Peak1D F1="16.000818" intensity="6.215809e-004" type="0"/>
    <Peak1D F1="15.960711" intensity="6.586955e-004" type="0"/>
    <Peak1D F1="15.942811" intensity="6.228277e-004" type="0"/>
    <Peak1D F1="15.923512" intensity="5.905890e-004" type="0"/>
    <Peak1D F1="15.886522" intensity="6.841714e-004" type="0"/>
    <Peak1D F1="15.829618" intensity="6.008187e-004" type="0"/>
    <Peak1D F1="15.807445" intensity="6.441841e-004" type="0"/>
    <Peak1D F1="15.756931" intensity="5.573356e-004" type="0"/>
    <Peak1D F1="15.692291" intensity="5.993971e-004" type="0"/>
    <Peak1D F1="15.634622" intensity="6.278727e-004" type="0"/>
    <Peak1D F1="15.617972" intensity="5.802147e-004" type="0"/>
    <Peak1D F1="15.589390" intensity="6.460780e-004" type="0"/>
    <Peak1D F1="15.569174" intensity="5.201425e-004" type="0"/>
    <Peak1D F1="15.553564" intensity="5.564023e-004" type="0"/>
    <Peak1D F1="15.536703" intensity="5.463732e-004" type="0"/>
    <Peak1D F1="15.529192" intensity="5.139866e-004" type="0"/>
    <Peak1D F1="15.499319" intensity="4.910930e-004" type="0"/>
    <Peak1D F1="15.405334" intensity="4.805130e-004" type="0"/>
    <Peak1D F1="15.353487" intensity="4.112574e-004" type="0"/>
    <Peak1D F1="15.333174" intensity="4.095592e-004" type="0"/>
    <Peak1D F1="12.368719" intensity="4.518496e-004" type="0"/>
    <Peak1D F1="12.326335" intensity="6.085472e-004" type="0"/>
    <Peak1D F1="12.308318" intensity="5.795989e-004" type="0"/>
    <Peak1D F1="12.239141" intensity="1.212659e-003" type="0"/>
    <Peak1D F1="11.966106" intensity="3.686783e-002" type="0"/>
    <Peak1D F1="11.600046" intensity="2.549571e-003" type="0"/>
    <Peak1D F1="11.525032" intensity="1.961617e-003" type="0"/>
    <Peak1D F1="11.511703" intensity="1.937699e-003" type="0"/>
    <Peak1D F1="11.484241" intensity="2.020329e-003" type="0"/>
    <Peak1D F1="11.412895" intensity="1.557696e-003" type="0"/>
    <Peak1D F1="11.395557" intensity="1.533963e-003" type="0"/>
    <Peak1D F1="11.354119" intensity="1.500824e-003" type="0"/>
    <Peak1D F1="11.344579" intensity="1.593736e-003" type="0"/>
    <Peak1D F1="11.281970" intensity="3.588008e-003" type="0"/>
    <Peak1D F1="11.209420" intensity="1.359590e-003" type="0"/>
    <Peak1D F1="11.166575" intensity="1.416888e-003" type="0"/>
    <Peak1D F1="11.101972" intensity="5.174624e-003" type="0"/>
    <Peak1D F1="11.053043" intensity="1.602721e-003" type="0"/>
    <Peak1D F1="11.035628" intensity="1.592258e-003" type="0"/>
    <Peak1D F1="10.955849" intensity="9.442947e-004" type="0"/>
    <Peak1D F1="10.899157" intensity="1.085575e-003" type="0"/>
    <Peak1D F1="10.857498" intensity="8.422513e-004" type="0"/>
    <Peak1D F1="10.818116" intensity="8.170599e-004" type="0"/>
    <Peak1D F1="10.808038" intensity="7.884265e-004" type="0"/>
    <Peak1D F1="10.790867" intensity="8.470152e-004" type="0"/>
    <Peak1D F1="10.750576" intensity="7.727261e-004" type="0"/>
    <Peak1D F1="10.719674" intensity="6.965334e-004" type="0"/>
    <Peak1D F1="10.677220" intensity="7.022774e-004" type="0"/>
    <Peak1D F1="10.662553" intensity="6.490549e-004" type="0"/>
    <Peak1D F1="10.570436" intensity="6.496239e-004" type="0"/>
    <Peak1D F1="10.499130" intensity="6.359275e-004" type="0"/>
    <Peak1D F1="10.492483" intensity="6.209582e-004" type="0"/>
    <Peak1D F1="10.477081" intensity="5.628783e-004" type="0"/>
    <Peak1D F1="10.463042" intensity="5.983600e-004" type="0"/>
    <Peak1D F1="10.406884" intensity="5.962705e-004" type="0"/>
    <Peak1D F1="10.362582" intensity="5.789669e-004" type="0"/>
    <Peak1D F1="10.310358" intensity="5.703425e-004" type="0"/>
    <Peak1D F1="10.295667" intensity="5.872529e-004" type="0"/>
    <Peak1D F1="10.192655" intensity="5.640546e-004" type="0"/>
    <Peak1D F1="10.114707" intensity="5.798828e-004" type="0"/>
    <Peak1D F1="10.058165" intensity="5.392552e-004" type="0"/>
    <Peak1D F1="10.028462" intensity="5.618005e-004" type="0"/>
    <Peak1D F1="10.011766" intensity="4.425454e-004" type="0"/>
    <Peak1D F1="9.926856" intensity="4.878235e-004" type="0"/>
    <Peak1D F1="9.897682" intensity="4.839749e-004" type="0"/>
    <Peak1D F1="9.866585" intensity="4.153840e-004" type="0"/>
    <Peak1D F1="9.831512" intensity="4.897612e-004" type="0"/>
    <Peak1D F1="9.800021" intensity="4.390645e-004" type="0"/>
    <Peak1D F1="9.780679" intensity="4.928004e-004" type="0"/>
    <Peak1D F1="9.772320" intensity="5.124256e-004" type="0"/>
    <Peak1D F1="9.736791" intensity="4.348736e-004" type="0"/>
    <Peak1D F1="9.698700" intensity="7.070575e-004" type="0"/>
    <Peak1D F1="9.680562" intensity="2.286015e-003" type="0"/>
    <Peak1D F1="9.675648" intensity="1.678874e-003" type="0"/>
    <Peak1D F1="9.650328" intensity="4.835393e-004" type="0"/>
    <Peak1D F1="9.629518" intensity="5.483239e-004" type="0"/>
    <Peak1D F1="9.574967" intensity="7.164655e-004" type="0"/>
    <Peak1D F1="9.551908" intensity="4.338694e-004" type="0"/>
    <Peak1D F1="9.515802" intensity="4.151771e-004" type="0"/>
    <Peak1D F1="9.460661" intensity="4.237578e-004" type="0"/>
    <Peak1D F1="9.439586" intensity="4.103440e-004" type="0"/>
    <Peak1D F1="9.364703" intensity="4.230007e-004" type="0"/>
    <Peak1D F1="8.256024" intensity="7.356003e-004" type="0"/>
    <Peak1D F1="8.185547" intensity="6.949175e-004" type="0"/>
    <Peak1D F1="8.121235" intensity="1.849093e-002" type="0"/>
    <Peak1D F1="7.351272" intensity="7.633773e-004" type="0"/>
    <Peak1D F1="7.330607" intensity="7.261101e-004" type="0"/>
    <Peak1D F1="7.085547" intensity="1.990880e-003" type="0"/>
    <Peak1D F1="7.073678" intensity="1.619870e-003" type="0"/>
    <Peak1D F1="6.002204" intensity="1.064657e-003" type="0"/>
    <Peak1D F1="5.976245" intensity="1.013865e-003" type="0"/>
    <Peak1D F1="5.960032" intensity="1.053660e-003" type="0"/>
    <Peak1D F1="5.933015" intensity="1.193087e-003" type="0"/>
    <Peak1D F1="5.891042" intensity="1.617317e-003" type="0"/>
    <Peak1D F1="5.864530" intensity="1.930428e-003" type="0"/>
    <Peak1D F1="5.848024" intensity="1.859682e-003" type="0"/>
    <Peak1D F1="5.821697" intensity="1.792832e-003" type="0"/>
    <Peak1D F1="5.771703" intensity="6.927366e-004" type="0"/>
    <Peak1D F1="5.731150" intensity="7.244300e-003" type="0"/>
    <Peak1D F1="5.727940" intensity="7.332011e-003" type="0"/>
    <Peak1D F1="5.533612" intensity="4.786726e-004" type="0"/>
    <Peak1D F1="5.412358" intensity="8.426300e-004" type="0"/>
    <Peak1D F1="5.396616" intensity="9.793722e-004" type="0"/>
    <Peak1D F1="5.373341" intensity="4.142370e-003" type="0"/>
    <Peak1D F1="5.358382" intensity="5.587506e-003" type="0"/>
    <Peak1D F1="5.345050" intensity="2.499988e-003" type="0"/>
    <Peak1D F1="5.329710" intensity="3.541552e-003" type="0"/>
    <Peak1D F1="5.315060" intensity="1.226483e-003" type="0"/>
    <Peak1D F1="5.306878" intensity="5.737194e-004" type="0"/>
    <Peak1D F1="5.291016" intensity="8.631707e-004" type="0"/>
    <Peak1D F1="5.236400" intensity="1.434748e-003" type="0"/>
    <Peak1D F1="5.214012" intensity="1.240046e-003" type="0"/>
    <Peak1D F1="5.207419" intensity="1.897659e-003" type="0"/>
    <Peak1D F1="5.203259" intensity="1.945869e-003" type="0"/>
    <Peak1D F1="5.195431" intensity="1.224716e-003" type="0"/>
    <Peak1D F1="5.159846" intensity="3.952112e-003" type="0"/>
    <Peak1D F1="5.155253" intensity="2.757735e-003" type="0"/>
    <Peak1D F1="5.126169" intensity="9.937701e-004" type="0"/>
    <Peak1D F1="5.116820" intensity="2.238774e-003" type="0"/>
    <Peak1D F1="5.111994" intensity="2.247267e-003" type="0"/>
    <Peak1D F1="5.100590" intensity="1.391919e-003" type="0"/>
    <Peak1D F1="5.080122" intensity="7.267940e-004" type="0"/>
    <Peak1D F1="5.001389" intensity="5.270968e-004" type="0"/>
    <Peak1D F1="4.950214" intensity="2.232408e-003" type="0"/>
    <Peak1D F1="4.945555" intensity="2.260752e-003" type="0"/>
    <Peak1D F1="4.923757" intensity="3.196565e-003" type="0"/>
    <Peak1D F1="4.898907" intensity="1.789409e-003" type="0"/>
    <Peak1D F1="4.894629" intensity="1.679571e-003" type="0"/>
    <Peak1D F1="4.757403" intensity="8.767408e-004" type="0"/>
    <Peak1D F1="4.702129" intensity="1.347721e-003" type="0"/>
    <Peak1D F1="4.686966" intensity="1.845492e-003" type="0"/>
    <Peak1D F1="4.648867" intensity="1.749541e-003" type="0"/>
    <Peak1D F1="4.553358" intensity="5.464114e-004" type="0"/>
    <Peak1D F1="4.427825" intensity="9.090459e-004" type="0"/>
    <Peak1D F1="4.380642" intensity="1.851228e-003" type="0"/>
    <Peak1D F1="4.363005" intensity="1.425357e-003" type="0"/>
    <Peak1D F1="4.341847" intensity="1.344895e-003" type="0"/>
    <Peak1D F1="4.313556" intensity="6.365712e-004" type="0"/>
    <Peak1D F1="4.248849" intensity="6.089366e-002" type="0"/>
    <Peak1D F1="4.231339" intensity="8.018144e-003" type="0"/>
    <Peak1D F1="4.220204" intensity="7.261266e-003" type="0"/>
    <Peak1D F1="4.208711" intensity="6.425654e-003" type="0"/>
    <Peak1D F1="4.198029" intensity="6.101157e-003" type="0"/>
    <Peak1D F1="4.149483" intensity="6.205538e-003" type="0"/>
    <Peak1D F1="4.105602" intensity="2.069896e-003" type="0"/>
    <Peak1D F1="4.091265" intensity="2.503186e-003" type="0"/>
    <Peak1D F1="4.048972" intensity="1.064937e-003" type="0"/>
    <Peak1D F1="4.018882" intensity="3.657246e-003" type="0"/>
    <Peak1D F1="4.003092" intensity="6.371653e-003" type="0"/>
    <Peak1D F1="3.986521" intensity="4.006278e-003" type="0"/>
    <Peak1D F1="3.968080" intensity="2.993452e-003" type="0"/>
    <Peak1D F1="3.948606" intensity="2.384767e-003" type="0"/>
    <Peak1D F1="3.924989" intensity="7.955074e-003" type="0"/>
    <Peak1D F1="3.909700" intensity="8.092360e-003" type="0"/>
    <Peak1D F1="3.894264" intensity="3.106695e-003" type="0"/>
    <Peak1D F1="3.879205" intensity="2.797317e-003" type="0"/>
    <Peak1D F1="3.863762" intensity="2.619761e-003" type="0"/>
    <Peak1D F1="3.848305" intensity="2.664767e-003" type="0"/>
    <Peak1D F1="3.841881" intensity="2.407718e-003" type="0"/>
    <Peak1D F1="3.825810" intensity="2.171680e-003" type="0"/>
    <Peak1D F1="3.820815" intensity="2.501325e-003" type="0"/>
    <Peak1D F1="3.804557" intensity="1.801890e-003" type="0"/>
    <Peak1D F1="3.800135" intensity="1.698951e-003" type="0"/>
    <Peak1D F1="3.783372" intensity="1.316088e-003" type="0"/>
    <Peak1D F1="3.760598" intensity="1.351218e-003" type="0"/>
    <Peak1D F1="3.743926" intensity="2.709005e-003" type="0"/>
    <Peak1D F1="3.735853" intensity="1.714524e-003" type="0"/>
    <Peak1D F1="3.725951" intensity="2.249065e-003" type="0"/>
    <Peak1D F1="3.720416" intensity="1.748063e-003" type="0"/>
    <Peak1D F1="3.710111" intensity="2.481136e-003" type="0"/>
    <Peak1D F1="3.694714" intensity="3.826285e-003" type="0"/>
    <Peak1D F1="3.677285" intensity="3.413289e-003" type="0"/>
    <Peak1D F1="3.661822" intensity="3.069459e-003" type="0"/>
    <Peak1D F1="3.650713" intensity="2.658736e-003" type="0"/>
    <Peak1D F1="3.634548" intensity="2.822320e-003" type="0"/>
    <Peak1D F1="3.625493" intensity="2.133750e-003" type="0"/>
    <Peak1D F1="3.609128" intensity="2.373262e-003" type="0"/>
    <Peak1D F1="3.590914" intensity="2.356219e-003" type="0"/>
    <Peak1D F1="3.411553" intensity="1.361006e-002" type="0"/>
    <Peak1D F1="3.395551" intensity="1.968242e-002" type="0"/>
    <Peak1D F1="3.378447" intensity="2.096849e-002" type="0"/>
    <Peak1D F1="3.291051" intensity="9.688608e-002" type="0"/>
    <Peak1D F1="3.168791" intensity="1.182717e-002" type="0"/>
    <Peak1D F1="3.135620" intensity="1.379663e-002" type="0"/>
    <Peak1D F1="3.095282" intensity="6.106684e-003" type="0"/>
    <Peak1D F1="3.086015" intensity="4.757209e-003" type="0"/>
    <Peak1D F1="3.064590" intensity="7.221533e-003" type="0"/>
    <Peak1D F1="3.042020" intensity="3.387571e-003" type="0"/>
    <Peak1D F1="3.033088" intensity="5.803565e-003" type="0"/>
    <Peak1D F1="3.003388" intensity="2.404200e-003" type="0"/>
    <Peak1D F1="2.971174" intensity="2.136451e-003" type="0"/>
    <Peak1D F1="2.957608" intensity="2.168045e-003" type="0"/>
    <Peak1D F1="2.939640" intensity="2.383863e-003" type="0"/>
    <Peak1D F1="2.895909" intensity="1.719401e-003" type="0"/>
    <Peak1D F1="2.849970" intensity="1.834530e-003" type="0"/>
    <Peak1D F1="2.825584" intensity="8.997713e-003" type="0"/>
    <Peak1D F1="2.812563" intensity="9.948960e-003" type="0"/>
    <Peak1D F1="2.792237" intensity="1.165637e-002" type="0"/>
    <Peak1D F1="2.779352" intensity="1.412460e-002" type="0"/>
    <Peak1D F1="2.751129" intensity="1.065286e-002" type="0"/>
    <Peak1D F1="2.739503" intensity="5.974153e-003" type="0"/>
    <Peak1D F1="2.729603" intensity="5.113753e-003" type="0"/>
    <Peak1D F1="2.718937" intensity="8.758938e-003" type="0"/>
    <Peak1D F1="2.692887" intensity="1.337252e-002" type="0"/>
    <Peak1D F1="2.687074" intensity="8.859587e-003" type="0"/>
    <Peak1D F1="2.682229" intensity="8.349045e-003" type="0"/>
    <Peak1D F1="2.671205" intensity="2.194679e-002" type="0"/>
    <Peak1D F1="2.661004" intensity="3.071137e-002" type="0"/>
    <Peak1D F1="2.653964" intensity="9.594979e-002" type="0"/>
    <Peak1D F1="2.636674" intensity="2.336616e-001" type="0"/>
    <Peak1D F1="2.619392" intensity="3.162230e-001" type="0"/>
    <Peak1D F1="2.602120" intensity="2.460275e-001" type="0"/>
    <Peak1D F1="2.584858" intensity="1.082875e-001" type="0"/>
    <Peak1D F1="2.567282" intensity="3.351521e-002" type="0"/>
    <Peak1D F1="2.563360" intensity="4.134091e-002" type="0"/>
    <Peak1D F1="2.547395" intensity="5.471885e-002" type="0"/>
    <Peak1D F1="2.541047" intensity="4.807166e-002" type="0"/>
    <Peak1D F1="2.535677" intensity="4.400260e-002" type="0"/>
    <Peak1D F1="2.518157" intensity="6.237884e-001" type="0"/>
    <Peak1D F1="2.513429" intensity="4.329722e-001" type="0"/>
    <Peak1D F1="2.507136" intensity="3.777666e-001" type="0"/>
    <Peak1D F1="2.498250" intensity="2.923254e-001" type="0"/>
    <Peak1D F1="2.490585" intensity="2.717732e-001" type="0"/>
    <Peak1D F1="2.482974" intensity="3.331544e-001" type="0"/>
    <Peak1D F1="2.468933" intensity="2.359814e-001" type="0"/>
    <Peak1D F1="2.458686" intensity="9.290893e-002" type="0"/>
    <Peak1D F1="2.447657" intensity="6.917890e-002" type="0"/>
    <Peak1D F1="2.441148" intensity="8.723464e-002" type="0"/>
    <Peak1D F1="2.425782" intensity="5.047673e-002" type="0"/>
    <Peak1D F1="2.418027" intensity="4.386632e-002" type="0"/>
    <Peak1D F1="2.403595" intensity="3.759402e-002" type="0"/>
    <Peak1D F1="2.385897" intensity="3.119361e-002" type="0"/>
    <Peak1D F1="2.373235" intensity="3.591266e-002" type="0"/>
    <Peak1D F1="2.367370" intensity="2.698805e-002" type="0"/>
    <Peak1D F1="2.361082" intensity="2.725829e-002" type="0"/>
    <Peak1D F1="2.350176" intensity="2.828276e-002" type="0"/>
    <Peak1D F1="2.345137" intensity="3.145413e-002" type="0"/>
    <Peak1D F1="2.339885" intensity="3.368951e-002" type="0"/>
    <Peak1D F1="2.333899" intensity="4.465749e-002" type="0"/>
    <Peak1D F1="2.313109" intensity="4.797877e-002" type="0"/>
    <Peak1D F1="2.298290" intensity="1.281179e-001" type="0"/>
    <Peak1D F1="2.288239" intensity="2.722777e-001" type="0"/>
    <Peak1D F1="2.276732" intensity="3.816462e-001" type="0"/>
    <Peak1D F1="2.256062" intensity="4.050611e-001" type="0"/>
    <Peak1D F1="2.244350" intensity="5.592502e-001" type="0"/>
    <Peak1D F1="2.229272" intensity="3.123749e-001" type="0"/>
    <Peak1D F1="2.219315" intensity="1.197096e+000" type="0"/>
    <Peak1D F1="2.214131" intensity="1.281316e+000" type="0"/>
    <Peak1D F1="2.208747" intensity="1.454911e+000" type="0"/>
    <Peak1D F1="2.203719" intensity="1.405913e+000" type="0"/>
    <Peak1D F1="2.187005" intensity="1.815526e+000" type="0"/>
    <Peak1D F1="2.181740" intensity="1.887989e+000" type="0"/>
    <Peak1D F1="2.176655" intensity="2.018239e+000" type="0"/>
    <Peak1D F1="2.171217" intensity="1.915729e+000" type="0"/>
    <Peak1D F1="2.142771" intensity="7.456290e-001" type="0"/>
    <Peak1D F1="2.129452" intensity="1.529482e+000" type="0"/>
    <Peak1D F1="2.115260" intensity="1.548249e+000" type="0"/>
    <Peak1D F1="2.098924" intensity="2.073111e+000" type="0"/>
    <Peak1D F1="2.093719" intensity="9.815131e-001" type="0"/>
    <Peak1D F1="2.081880" intensity="2.548376e+000" type="0"/>
    <Peak1D F1="2.079289" intensity="2.666356e+000" type="0"/>
    <Peak1D F1="2.062142" intensity="1.658170e+000" type="0"/>
    <Peak1D F1="2.048361" intensity="4.658439e+000" type="0"/>
    <Peak1D F1="2.031840" intensity="1.903349e+000" type="0"/>
    <Peak1D F1="2.028418" intensity="1.901230e+000" type="0"/>
    <Peak1D F1="2.015810" intensity="3.972426e+000" type="0"/>
    <Peak1D F1="2.004900" intensity="1.872273e+000" type="0"/>
    <Peak1D F1="1.996570" intensity="1.926724e+000" type="0"/>
    <Peak1D F1="1.986612" intensity="1.380191e+000" type="0"/>
    <Peak1D F1="1.981100" intensity="1.601435e+000" type="0"/>
    <Peak1D F1="1.973632" intensity="1.330182e+000" type="0"/>
    <Peak1D F1="1.965384" intensity="8.672736e-001" type="0"/>
    <Peak1D F1="1.946310" intensity="2.178174e-001" type="0"/>
    <Peak1D F1="1.943618" intensity="2.231751e-001" type="0"/>
    <Peak1D F1="1.930184" intensity="3.635360e-001" type="0"/>
    <Peak1D F1="1.921675" intensity="2.586095e-001" type="0"/>
    <Peak1D F1="1.917208" intensity="3.159579e-001" type="0"/>
    <Peak1D F1="1.914303" intensity="3.271332e-001" type="0"/>
    <Peak1D F1="1.908672" intensity="3.138446e-001" type="0"/>
    <Peak1D F1="1.896189" intensity="2.251327e-001" type="0"/>
    <Peak1D F1="1.869461" intensity="4.956259e-001" type="0"/>
    <Peak1D F1="1.860610" intensity="9.841784e-001" type="0"/>
    <Peak1D F1="1.853387" intensity="1.393600e+000" type="0"/>
    <Peak1D F1="1.847829" intensity="1.228564e+000" type="0"/>
    <Peak1D F1="1.838356" intensity="1.190086e+000" type="0"/>
    <Peak1D F1="1.829694" intensity="1.521045e+000" type="0"/>
    <Peak1D F1="1.823112" intensity="2.115065e+000" type="0"/>
    <Peak1D F1="1.816409" intensity="1.625240e+000" type="0"/>
    <Peak1D F1="1.798702" intensity="7.300770e-001" type="0"/>
    <Peak1D F1="1.792735" intensity="7.584321e-001" type="0"/>
    <Peak1D F1="1.789481" intensity="7.959713e-001" type="0"/>
    <Peak1D F1="1.782308" intensity="8.960277e-001" type="0"/>
    <Peak1D F1="1.778528" intensity="7.593958e-001" type="0"/>
    <Peak1D F1="1.772326" intensity="9.095094e-001" type="0"/>
    <Peak1D F1="1.766975" intensity="9.099171e-001" type="0"/>
    <Peak1D F1="1.762115" intensity="8.167561e-001" type="0"/>
    <Peak1D F1="1.756236" intensity="9.272057e-001" type="0"/>
    <Peak1D F1="1.745775" intensity="6.890942e-001" type="0"/>
    <Peak1D F1="1.741449" intensity="7.941906e-001" type="0"/>
    <Peak1D F1="1.733887" intensity="6.495088e-001" type="0"/>
    <Peak1D F1="1.724140" intensity="7.239255e-001" type="0"/>
    <Peak1D F1="1.714460" intensity="4.245127e-001" type="0"/>
    <Peak1D F1="1.709720" intensity="5.058945e-001" type="0"/>
    <Peak1D F1="1.702042" intensity="4.018691e-001" type="0"/>
    <Peak1D F1="1.693471" intensity="5.398396e-001" type="0"/>
    <Peak1D F1="1.687448" intensity="3.201281e-001" type="0"/>
    <Peak1D F1="1.681152" intensity="3.818384e-001" type="0"/>
    <Peak1D F1="1.675156" intensity="2.760710e-001" type="0"/>
    <Peak1D F1="1.667897" intensity="2.542445e-001" type="0"/>
    <Peak1D F1="1.661820" intensity="2.309306e-001" type="0"/>
    <Peak1D F1="1.652172" intensity="1.384790e-001" type="0"/>
    <Peak1D F1="1.637900" intensity="4.498557e-002" type="0"/>
    <Peak1D F1="1.628367" intensity="4.496744e-002" type="0"/>
    <Peak1D F1="1.601800" intensity="3.723310e-002" type="0"/>
    <Peak1D F1="1.570808" intensity="9.033401e-002" type="0"/>
    <Peak1D F1="1.555316" intensity="1.307731e-001" type="0"/>
    <Peak1D F1="1.548285" intensity="1.043413e-001" type="0"/>
    <Peak1D F1="1.533044" intensity="1.967605e-001" type="0"/>
    <Peak1D F1="1.520804" intensity="3.214720e-001" type="0"/>
    <Peak1D F1="1.514644" intensity="2.088194e-001" type="0"/>
    <Peak1D F1="1.503428" intensity="3.080835e-001" type="0"/>
    <Peak1D F1="1.494154" intensity="3.133351e-001" type="0"/>
    <Peak1D F1="1.483675" intensity="3.123623e-001" type="0"/>
    <Peak1D F1="1.473320" intensity="2.769524e-001" type="0"/>
    <Peak1D F1="1.464481" intensity="1.651277e-001" type="0"/>
    <Peak1D F1="1.456260" intensity="1.249157e-001" type="0"/>
    <Peak1D F1="1.448673" intensity="1.248054e-001" type="0"/>
    <Peak1D F1="1.422289" intensity="5.897520e-001" type="0"/>
    <Peak1D F1="1.414639" intensity="5.566880e-001" type="0"/>
    <Peak1D F1="1.390502" intensity="1.515212e+000" type="0"/>
    <Peak1D F1="1.382981" intensity="1.198268e+000" type="0"/>
    <Peak1D F1="1.362292" intensity="1.465666e+000" type="0"/>
    <Peak1D F1="1.357730" intensity="2.007334e+000" type="0"/>
    <Peak1D F1="1.350623" intensity="1.457165e+000" type="0"/>
    <Peak1D F1="1.344244" intensity="1.234445e+000" type="0"/>
    <Peak1D F1="1.339059" intensity="1.496096e+000" type="0"/>
    <Peak1D F1="1.333028" intensity="1.050799e+000" type="0"/>
    <Peak1D F1="1.320785" intensity="1.789905e+000" type="0"/>
    <Peak1D F1="1.315432" intensity="2.149212e+000" type="0"/>
    <Peak1D F1="1.291651" intensity="1.251727e+000" type="0"/>
    <Peak1D F1="1.284010" intensity="1.605154e+000" type="0"/>
    <Peak1D F1="1.260213" intensity="4.804752e-001" type="0"/>
    <Peak1D F1="1.252386" intensity="5.078623e-001" type="0"/>
    <Peak1D F1="1.241648" intensity="8.951008e-002" type="0"/>
    <Peak1D F1="1.230006" intensity="8.292924e-002" type="0"/>
    <Peak1D F1="1.213947" intensity="5.377347e-002" type="0"/>
    <Peak1D F1="1.204806" intensity="5.619904e-002" type="0"/>
    <Peak1D F1="1.196674" intensity="5.120788e-002" type="0"/>
    <Peak1D F1="1.191317" intensity="6.723866e-002" type="0"/>
    <Peak1D F1="1.184167" intensity="6.741359e-002" type="0"/>
    <Peak1D F1="1.174917" intensity="4.931922e-002" type="0"/>
    <Peak1D F1="1.166714" intensity="7.111195e-002" type="0"/>
    <Peak1D F1="1.159313" intensity="5.750426e-002" type="0"/>
    <Peak1D F1="1.135390" intensity="1.537205e-001" type="0"/>
    <Peak1D F1="1.129155" intensity="8.569322e-002" type="0"/>
    <Peak1D F1="1.119207" intensity="1.679758e-001" type="0"/>
    <Peak1D F1="1.109076" intensity="7.679572e-002" type="0"/>
    <Peak1D F1="1.101341" intensity="9.666330e-002" type="0"/>
    <Peak1D F1="1.097389" intensity="8.958054e-002" type="0"/>
    <Peak1D F1="1.087498" intensity="9.814043e-002" type="0"/>
    <Peak1D F1="1.077862" intensity="1.665723e-001" type="0"/>
    <Peak1D F1="1.070335" intensity="1.280472e-001" type="0"/>
    <Peak1D F1="1.060521" intensity="1.286518e-001" type="0"/>
    <Peak1D F1="1.053983" intensity="1.244569e-001" type="0"/>
    <Peak1D F1="1.027601" intensity="3.304988e+000" type="0"/>
    <Peak1D F1="1.022269" intensity="1.084142e+000" type="0"/>
    <Peak1D F1="1.010323" intensity="3.296271e+000" type="0"/>
    <Peak1D F1="1.005062" intensity="1.119770e+000" type="0"/>
    <Peak1D F1="0.996855" intensity="5.832721e-001" type="0"/>
    <Peak1D F1="0.980864" intensity="1.323401e+001" type="0"/>
    <Peak1D F1="0.964738" intensity="1.347666e+001" type="0"/>
    <Peak1D F1="0.942811" intensity="3.154654e+000" type="0"/>
    <Peak1D F1="0.926394" intensity="3.032698e+000" type="0"/>
    <Peak1D F1="0.906694" intensity="1.847806e+000" type="0"/>
    <Peak1D F1="0.889674" intensity="4.985477e+000" type="0"/>
    <Peak1D F1="0.881532" intensity="1.433269e+001" type="0"/>
    <Peak1D F1="0.873111" intensity="4.306574e+000" type="0"/>
    <Peak1D F1="0.864506" intensity="1.412914e+001" type="0"/>
    <Peak1D F1="0.840294" intensity="5.306215e-001" type="0"/>
    <Peak1D F1="0.815438" intensity="1.406599e+001" type="0"/>
    <Peak1D F1="0.798500" intensity="1.500000e+001" type="0"/>
    <Peak1D F1="0.783865" intensity="3.433897e+000" type="0"/>
    <Peak1D F1="0.738574" intensity="1.048500e-001" type="0"/>
    <Peak1D F1="0.731793" intensity="1.000612e-001" type="0"/>
    <Peak1D F1="0.723967" intensity="1.544994e-001" type="0"/>
    <Peak1D F1="0.714761" intensity="7.712711e-002" type="0"/>
    <Peak1D F1="0.707109" intensity="1.352060e-001" type="0"/>
    <Peak1D F1="0.696480" intensity="4.729604e-002" type="0"/>
    <Peak1D F1="0.687475" intensity="4.218575e-002" type="0"/>
    <Peak1D F1="0.657795" intensity="1.118546e-001" type="0"/>
    <Peak1D F1="0.643432" intensity="2.360877e-001" type="0"/>
    <Peak1D F1="0.626775" intensity="2.057743e-001" type="0"/>
    <Peak1D F1="0.597203" intensity="1.780191e-002" type="0"/>
    <Peak1D F1="0.562695" intensity="1.359247e-002" type="0"/>
    <Peak1D F1="0.555170" intensity="1.278122e-002" type="0"/>
    <Peak1D F1="0.513235" intensity="8.683653e-003" type="0"/>
    <Peak1D F1="0.497071" intensity="8.157617e-003" type="0"/>
    <Peak1D F1="0.485988" intensity="7.571332e-003" type="0"/>
    <Peak1D F1="0.468334" intensity="7.047378e-003" type="0"/>
    <Peak1D F1="0.460698" intensity="6.127140e-003" type="0"/>
    <Peak1D F1="0.430526" intensity="5.431208e-003" type="0"/>
    <Peak1D F1="0.413122" intensity="5.256587e-003" type="0"/>
    <Peak1D F1="0.393137" intensity="4.627188e-003" type="0"/>
    <Peak1D F1="0.370629" intensity="3.798224e-003" type="0"/>
    <Peak1D F1="0.361302" intensity="4.037044e-003" type="0"/>
    <Peak1D F1="0.344815" intensity="3.917387e-003" type="0"/>
    <Peak1D F1="0.326608" intensity="3.542836e-003" type="0"/>
    <Peak1D F1="0.312342" intensity="3.150528e-003" type="0"/>
    <Peak1D F1="0.294627" intensity="3.058549e-003" type="0"/>
    <Peak1D F1="0.262535" intensity="2.626173e-003" type="0"/>
    <Peak1D F1="0.252033" intensity="2.530653e-003" type="0"/>
    <Peak1D F1="0.236285" intensity="2.607050e-003" type="0"/>
    <Peak1D F1="0.229207" intensity="2.525651e-003" type="0"/>
    <Peak1D F1="0.199338" intensity="2.061279e-003" type="0"/>
    <Peak1D F1="0.164619" intensity="1.840963e-003" type="0"/>
    <Peak1D F1="0.146062" intensity="1.867229e-003" type="0"/>
    <Peak1D F1="0.126884" intensity="1.699655e-003" type="0"/>
    <Peak1D F1="0.114779" intensity="1.644396e-003" type="0"/>
    <Peak1D F1="0.099868" intensity="1.566296e-003" type="0"/>
    <Peak1D F1="0.064760" intensity="1.288102e-003" type="0"/>
    <Peak1D F1="0.051796" intensity="1.331761e-003" type="0"/>
    <Peak1D F1="0.007834" intensity="5.943948e-003" type="0"/>
    <Peak1D F1="-0.000156" intensity="1.164334e-001" type="0"/>
    <Peak1D F1="-0.008321" intensity="6.313345e-003" type="0"/>
    <Peak1D F1="-0.077119" intensity="7.902128e-004" type="0"/>
    <Peak1D F1="-0.089892" intensity="8.532682e-004" type="0"/>
    <Peak1D F1="-0.103474" intensity="1.017360e-003" type="0"/>
    <Peak1D F1="-0.129164" intensity="8.136553e-004" type="0"/>
    <Peak1D F1="-0.149703" intensity="9.725151e-004" type="0"/>
    <Peak1D F1="-0.191972" intensity="6.037821e-004" type="0"/>
    <Peak1D F1="-0.243683" intensity="4.473514e-004" type="0"/>
    <Peak1D F1="-0.290951" intensity="4.020447e-004" type="0"/>
    <Peak1D F1="-0.334719" intensity="4.033546e-004" type="0"/>
  </PeakList1D>
</PeakList>
