<?xml version="1.0" encoding="UTF-8"?>
<PeakList>
  <PeakList1D>
    <PeakList1DHeader creator="root" date="2021-09-26T19:51:02.389+08:00" expNo="1" name="0926xj15" owner="" procNo="1" source="D:/Zhi-Ming Zhang">
      <PeakPickDetails>F1=16.171110ppm, F2=-3.854433ppm, MI=0.00cm, MAXI=10000.00cm, PC=1.000
      </PeakPickDetails>
    </PeakList1DHeader>
    <Peak1D F1="12.117785" intensity="1.563220e-003" type="0"/>
    <Peak1D F1="12.053508" intensity="1.940306e-003" type="0"/>
    <Peak1D F1="12.010145" intensity="1.876506e-003" type="0"/>
    <Peak1D F1="11.954070" intensity="1.515163e-003" type="0"/>
    <Peak1D F1="11.589665" intensity="1.529678e-003" type="0"/>
    <Peak1D F1="11.365345" intensity="7.513569e-003" type="0"/>
    <Peak1D F1="11.347420" intensity="3.315689e-002" type="0"/>
    <Peak1D F1="11.302290" intensity="6.555763e-003" type="0"/>
    <Peak1D F1="11.140364" intensity="2.227919e-003" type="0"/>
    <Peak1D F1="11.025998" intensity="2.881546e-003" type="0"/>
    <Peak1D F1="11.002975" intensity="3.367191e-003" type="0"/>
    <Peak1D F1="10.928586" intensity="1.676019e-003" type="0"/>
    <Peak1D F1="10.795689" intensity="2.511801e-003" type="0"/>
    <Peak1D F1="10.182582" intensity="4.891731e-003" type="0"/>
    <Peak1D F1="10.162628" intensity="5.029920e-003" type="0"/>
    <Peak1D F1="10.087185" intensity="4.224321e-003" type="0"/>
    <Peak1D F1="10.071944" intensity="3.207734e-003" type="0"/>
    <Peak1D F1="10.066812" intensity="4.897503e-003" type="0"/>
    <Peak1D F1="10.056230" intensity="1.049583e-002" type="0"/>
    <Peak1D F1="10.036073" intensity="1.207726e-002" type="0"/>
    <Peak1D F1="10.028822" intensity="4.032972e-003" type="0"/>
    <Peak1D F1="10.023949" intensity="3.145552e-003" type="0"/>
    <Peak1D F1="10.012544" intensity="4.433740e-003" type="0"/>
    <Peak1D F1="10.003018" intensity="1.110329e-002" type="0"/>
    <Peak1D F1="9.988173" intensity="7.861256e-002" type="0"/>
    <Peak1D F1="9.981498" intensity="7.919985e-002" type="0"/>
    <Peak1D F1="9.972633" intensity="8.593014e-001" type="0"/>
    <Peak1D F1="9.961331" intensity="8.616787e-002" type="0"/>
    <Peak1D F1="9.952636" intensity="8.628945e-001" type="0"/>
    <Peak1D F1="9.934608" intensity="1.153270e-002" type="0"/>
    <Peak1D F1="9.920444" intensity="7.723398e-003" type="0"/>
    <Peak1D F1="9.907959" intensity="6.115824e-003" type="0"/>
    <Peak1D F1="9.877400" intensity="6.447710e-001" type="0"/>
    <Peak1D F1="9.857074" intensity="6.505967e-001" type="0"/>
    <Peak1D F1="9.825103" intensity="4.114239e-003" type="0"/>
    <Peak1D F1="9.816069" intensity="1.669430e-003" type="0"/>
    <Peak1D F1="9.756244" intensity="4.994941e-003" type="0"/>
    <Peak1D F1="9.745156" intensity="1.930699e-003" type="0"/>
    <Peak1D F1="9.736590" intensity="6.189435e-003" type="0"/>
    <Peak1D F1="9.730391" intensity="2.156290e-003" type="0"/>
    <Peak1D F1="9.684689" intensity="4.614625e-003" type="0"/>
    <Peak1D F1="9.661222" intensity="3.622914e-003" type="0"/>
    <Peak1D F1="9.640941" intensity="3.617801e-003" type="0"/>
    <Peak1D F1="9.625871" intensity="3.852609e-003" type="0"/>
    <Peak1D F1="8.147632" intensity="7.878326e-003" type="0"/>
    <Peak1D F1="8.125881" intensity="3.119184e-002" type="0"/>
    <Peak1D F1="7.595544" intensity="1.956489e-003" type="0"/>
    <Peak1D F1="7.567210" intensity="1.860810e-002" type="0"/>
    <Peak1D F1="7.549552" intensity="2.746951e-002" type="0"/>
    <Peak1D F1="7.530358" intensity="1.313226e-002" type="0"/>
    <Peak1D F1="7.520610" intensity="5.650470e-003" type="0"/>
    <Peak1D F1="7.504608" intensity="7.616695e-003" type="0"/>
    <Peak1D F1="7.498856" intensity="6.131477e-003" type="0"/>
    <Peak1D F1="7.489033" intensity="7.379346e-003" type="0"/>
    <Peak1D F1="7.483132" intensity="6.251063e-003" type="0"/>
    <Peak1D F1="7.473941" intensity="4.538048e-003" type="0"/>
    <Peak1D F1="7.434933" intensity="1.358110e-002" type="0"/>
    <Peak1D F1="7.421896" intensity="2.149646e-002" type="0"/>
    <Peak1D F1="7.414232" intensity="2.599601e-002" type="0"/>
    <Peak1D F1="7.409155" intensity="2.765823e-002" type="0"/>
    <Peak1D F1="7.372837" intensity="5.161404e-001" type="0"/>
    <Peak1D F1="7.360741" intensity="5.306751e+000" type="0"/>
    <Peak1D F1="7.352027" intensity="5.150658e+000" type="0"/>
    <Peak1D F1="7.349525" intensity="5.726538e+000" type="0"/>
    <Peak1D F1="7.334813" intensity="7.025277e-001" type="0"/>
    <Peak1D F1="7.330751" intensity="7.415625e-001" type="0"/>
    <Peak1D F1="7.327672" intensity="8.143637e-001" type="0"/>
    <Peak1D F1="7.323502" intensity="1.028369e+000" type="0"/>
    <Peak1D F1="7.314084" intensity="9.907779e-001" type="0"/>
    <Peak1D F1="7.306839" intensity="6.733003e-001" type="0"/>
    <Peak1D F1="7.301992" intensity="9.237941e-001" type="0"/>
    <Peak1D F1="7.294932" intensity="4.176642e-001" type="0"/>
    <Peak1D F1="7.290791" intensity="4.115595e-001" type="0"/>
    <Peak1D F1="7.286860" intensity="2.481753e-001" type="0"/>
    <Peak1D F1="7.280663" intensity="1.736718e-001" type="0"/>
    <Peak1D F1="7.272932" intensity="4.227809e-002" type="0"/>
    <Peak1D F1="7.243797" intensity="4.238347e-003" type="0"/>
    <Peak1D F1="7.233201" intensity="2.388308e-003" type="0"/>
    <Peak1D F1="7.217449" intensity="2.837968e-003" type="0"/>
    <Peak1D F1="7.199106" intensity="5.748728e-003" type="0"/>
    <Peak1D F1="7.188126" intensity="3.556387e-003" type="0"/>
    <Peak1D F1="7.167618" intensity="2.210366e-002" type="0"/>
    <Peak1D F1="7.148834" intensity="2.378573e-002" type="0"/>
    <Peak1D F1="7.131551" intensity="4.299499e-003" type="0"/>
    <Peak1D F1="7.126793" intensity="6.191076e-003" type="0"/>
    <Peak1D F1="7.113893" intensity="4.570574e-003" type="0"/>
    <Peak1D F1="7.103452" intensity="5.764223e-003" type="0"/>
    <Peak1D F1="7.092545" intensity="3.501854e-003" type="0"/>
    <Peak1D F1="6.723710" intensity="3.155014e-003" type="0"/>
    <Peak1D F1="6.704877" intensity="3.365419e-003" type="0"/>
    <Peak1D F1="6.683843" intensity="4.361454e-003" type="0"/>
    <Peak1D F1="6.664800" intensity="4.351167e-003" type="0"/>
    <Peak1D F1="6.324034" intensity="8.984484e-003" type="0"/>
    <Peak1D F1="6.283975" intensity="7.063608e-003" type="0"/>
    <Peak1D F1="6.094527" intensity="3.652333e-003" type="0"/>
    <Peak1D F1="6.074357" intensity="3.476552e-003" type="0"/>
    <Peak1D F1="6.071315" intensity="2.737961e-003" type="0"/>
    <Peak1D F1="5.993847" intensity="2.779053e-003" type="0"/>
    <Peak1D F1="5.939134" intensity="1.977644e-003" type="0"/>
    <Peak1D F1="5.932868" intensity="1.960604e-003" type="0"/>
    <Peak1D F1="5.909312" intensity="1.000497e-001" type="0"/>
    <Peak1D F1="5.900612" intensity="6.880508e-002" type="0"/>
    <Peak1D F1="5.882591" intensity="1.154460e-001" type="0"/>
    <Peak1D F1="5.873867" intensity="8.078554e-002" type="0"/>
    <Peak1D F1="5.866028" intensity="1.240713e-001" type="0"/>
    <Peak1D F1="5.857277" intensity="1.157220e-001" type="0"/>
    <Peak1D F1="5.839276" intensity="1.517847e-001" type="0"/>
    <Peak1D F1="5.830671" intensity="1.252979e-001" type="0"/>
    <Peak1D F1="5.818109" intensity="2.853412e-001" type="0"/>
    <Peak1D F1="5.799866" intensity="5.770915e-001" type="0"/>
    <Peak1D F1="5.782860" intensity="3.501234e-001" type="0"/>
    <Peak1D F1="5.780229" intensity="3.387581e-001" type="0"/>
    <Peak1D F1="5.752919" intensity="1.348595e-002" type="0"/>
    <Peak1D F1="5.748463" intensity="9.061048e-003" type="0"/>
    <Peak1D F1="5.739459" intensity="1.336029e-002" type="0"/>
    <Peak1D F1="5.722515" intensity="5.934344e-003" type="0"/>
    <Peak1D F1="5.718457" intensity="6.044743e-003" type="0"/>
    <Peak1D F1="5.710030" intensity="5.819141e-003" type="0"/>
    <Peak1D F1="5.693898" intensity="8.754811e-003" type="0"/>
    <Peak1D F1="5.686369" intensity="9.676361e-003" type="0"/>
    <Peak1D F1="5.682226" intensity="9.232705e-003" type="0"/>
    <Peak1D F1="5.671288" intensity="1.113285e-002" type="0"/>
    <Peak1D F1="5.667455" intensity="1.093225e-002" type="0"/>
    <Peak1D F1="5.657876" intensity="7.446660e-003" type="0"/>
    <Peak1D F1="5.648554" intensity="6.197415e-003" type="0"/>
    <Peak1D F1="5.640445" intensity="8.031633e-003" type="0"/>
    <Peak1D F1="5.621033" intensity="3.457978e-002" type="0"/>
    <Peak1D F1="5.609297" intensity="8.957737e-003" type="0"/>
    <Peak1D F1="5.593919" intensity="5.379571e-003" type="0"/>
    <Peak1D F1="5.578824" intensity="7.563340e-003" type="0"/>
    <Peak1D F1="5.562911" intensity="1.054631e-002" type="0"/>
    <Peak1D F1="5.552994" intensity="1.101891e-002" type="0"/>
    <Peak1D F1="5.536607" intensity="8.969999e-003" type="0"/>
    <Peak1D F1="5.533733" intensity="9.070952e-003" type="0"/>
    <Peak1D F1="5.526165" intensity="1.271030e-002" type="0"/>
    <Peak1D F1="5.514267" intensity="2.307613e-002" type="0"/>
    <Peak1D F1="5.498163" intensity="2.958285e-001" type="0"/>
    <Peak1D F1="5.494859" intensity="1.856053e-001" type="0"/>
    <Peak1D F1="5.483112" intensity="3.489172e-001" type="0"/>
    <Peak1D F1="5.479956" intensity="5.674514e-001" type="0"/>
    <Peak1D F1="5.475934" intensity="4.603532e-001" type="0"/>
    <Peak1D F1="5.471262" intensity="4.324726e-001" type="0"/>
    <Peak1D F1="5.467102" intensity="3.354913e-001" type="0"/>
    <Peak1D F1="5.461812" intensity="3.504044e-001" type="0"/>
    <Peak1D F1="5.456807" intensity="5.254669e-001" type="0"/>
    <Peak1D F1="5.453057" intensity="7.741078e-001" type="0"/>
    <Peak1D F1="5.449883" intensity="4.823592e-001" type="0"/>
    <Peak1D F1="5.434937" intensity="4.034301e-001" type="0"/>
    <Peak1D F1="5.431941" intensity="2.563292e-001" type="0"/>
    <Peak1D F1="5.408209" intensity="5.006026e-002" type="0"/>
    <Peak1D F1="5.393351" intensity="3.024047e-002" type="0"/>
    <Peak1D F1="5.386749" intensity="2.095001e-002" type="0"/>
    <Peak1D F1="5.382142" intensity="1.835067e-002" type="0"/>
    <Peak1D F1="5.378502" intensity="1.809023e-002" type="0"/>
    <Peak1D F1="5.371311" intensity="2.124103e-002" type="0"/>
    <Peak1D F1="5.355665" intensity="1.041669e-001" type="0"/>
    <Peak1D F1="5.351807" intensity="1.828115e-001" type="0"/>
    <Peak1D F1="5.344944" intensity="2.933893e-001" type="0"/>
    <Peak1D F1="5.341504" intensity="4.456209e-001" type="0"/>
    <Peak1D F1="5.337968" intensity="4.237675e-001" type="0"/>
    <Peak1D F1="5.333977" intensity="4.111062e-001" type="0"/>
    <Peak1D F1="5.323487" intensity="9.403177e-001" type="0"/>
    <Peak1D F1="5.319908" intensity="7.115678e-001" type="0"/>
    <Peak1D F1="5.314858" intensity="5.130538e-001" type="0"/>
    <Peak1D F1="5.307255" intensity="7.479298e-001" type="0"/>
    <Peak1D F1="5.300964" intensity="5.717418e-001" type="0"/>
    <Peak1D F1="5.296431" intensity="6.487806e-001" type="0"/>
    <Peak1D F1="5.293113" intensity="4.935529e-001" type="0"/>
    <Peak1D F1="5.286323" intensity="2.187958e-001" type="0"/>
    <Peak1D F1="5.281928" intensity="2.201300e-001" type="0"/>
    <Peak1D F1="5.278332" intensity="3.074813e-001" type="0"/>
    <Peak1D F1="5.274940" intensity="1.842084e-001" type="0"/>
    <Peak1D F1="5.259984" intensity="6.535831e-002" type="0"/>
    <Peak1D F1="5.237658" intensity="2.427168e-001" type="0"/>
    <Peak1D F1="5.234375" intensity="1.489346e-001" type="0"/>
    <Peak1D F1="5.223006" intensity="2.868823e-001" type="0"/>
    <Peak1D F1="5.219639" intensity="4.701754e-001" type="0"/>
    <Peak1D F1="5.215890" intensity="3.055427e-001" type="0"/>
    <Peak1D F1="5.211141" intensity="1.875391e-001" type="0"/>
    <Peak1D F1="5.205318" intensity="1.935864e-001" type="0"/>
    <Peak1D F1="5.201192" intensity="3.019061e-001" type="0"/>
    <Peak1D F1="5.196916" intensity="3.393015e-001" type="0"/>
    <Peak1D F1="5.193653" intensity="4.762478e-001" type="0"/>
    <Peak1D F1="5.189367" intensity="2.826839e-001" type="0"/>
    <Peak1D F1="5.178428" intensity="1.042824e-001" type="0"/>
    <Peak1D F1="5.174942" intensity="1.650036e-001" type="0"/>
    <Peak1D F1="5.171320" intensity="1.026110e-001" type="0"/>
    <Peak1D F1="5.155879" intensity="1.372278e-001" type="0"/>
    <Peak1D F1="5.150845" intensity="2.092257e-001" type="0"/>
    <Peak1D F1="5.145650" intensity="1.424546e-001" type="0"/>
    <Peak1D F1="5.140665" intensity="1.339673e-001" type="0"/>
    <Peak1D F1="5.137685" intensity="1.616211e-001" type="0"/>
    <Peak1D F1="5.133911" intensity="1.506756e-001" type="0"/>
    <Peak1D F1="5.122551" intensity="2.896909e-001" type="0"/>
    <Peak1D F1="5.119229" intensity="3.422450e-001" type="0"/>
    <Peak1D F1="5.115799" intensity="3.185674e-001" type="0"/>
    <Peak1D F1="5.112453" intensity="2.787856e-001" type="0"/>
    <Peak1D F1="5.100767" intensity="4.162002e-001" type="0"/>
    <Peak1D F1="5.097751" intensity="4.277056e-001" type="0"/>
    <Peak1D F1="5.077641" intensity="9.057617e+000" type="0"/>
    <Peak1D F1="5.019519" intensity="1.861890e-002" type="0"/>
    <Peak1D F1="5.007889" intensity="7.960872e-003" type="0"/>
    <Peak1D F1="4.996894" intensity="6.647785e-003" type="0"/>
    <Peak1D F1="4.957485" intensity="1.565362e-001" type="0"/>
    <Peak1D F1="4.955450" intensity="1.455365e-001" type="0"/>
    <Peak1D F1="4.952549" intensity="1.635384e-001" type="0"/>
    <Peak1D F1="4.930752" intensity="1.506917e-001" type="0"/>
    <Peak1D F1="4.928721" intensity="1.391416e-001" type="0"/>
    <Peak1D F1="4.925840" intensity="1.568037e-001" type="0"/>
    <Peak1D F1="4.891071" intensity="5.592230e-002" type="0"/>
    <Peak1D F1="4.857687" intensity="2.496961e-003" type="0"/>
    <Peak1D F1="4.852914" intensity="2.147226e-003" type="0"/>
    <Peak1D F1="4.804143" intensity="1.764156e-003" type="0"/>
    <Peak1D F1="4.780367" intensity="7.958500e-003" type="0"/>
    <Peak1D F1="4.759327" intensity="1.724174e-003" type="0"/>
    <Peak1D F1="4.747738" intensity="5.298375e-003" type="0"/>
    <Peak1D F1="4.744312" intensity="5.399483e-003" type="0"/>
    <Peak1D F1="4.735980" intensity="6.414820e-003" type="0"/>
    <Peak1D F1="4.727661" intensity="7.915888e-003" type="0"/>
    <Peak1D F1="4.711343" intensity="5.929420e-003" type="0"/>
    <Peak1D F1="4.708665" intensity="5.765619e-003" type="0"/>
    <Peak1D F1="4.693132" intensity="8.041787e-003" type="0"/>
    <Peak1D F1="4.677073" intensity="1.017517e-002" type="0"/>
    <Peak1D F1="4.550741" intensity="1.257461e-002" type="0"/>
    <Peak1D F1="4.539777" intensity="1.116489e-002" type="0"/>
    <Peak1D F1="4.465483" intensity="2.430978e-003" type="0"/>
    <Peak1D F1="4.453012" intensity="2.223606e-003" type="0"/>
    <Peak1D F1="4.365474" intensity="2.710964e-001" type="0"/>
    <Peak1D F1="4.336580" intensity="7.637357e-003" type="0"/>
    <Peak1D F1="4.321154" intensity="4.051084e-003" type="0"/>
    <Peak1D F1="4.307420" intensity="2.045768e-003" type="0"/>
    <Peak1D F1="4.294786" intensity="3.165992e-003" type="0"/>
    <Peak1D F1="4.276504" intensity="2.971647e-003" type="0"/>
    <Peak1D F1="4.260252" intensity="3.915932e-003" type="0"/>
    <Peak1D F1="4.243570" intensity="4.065440e-003" type="0"/>
    <Peak1D F1="4.227079" intensity="6.156593e-003" type="0"/>
    <Peak1D F1="4.209816" intensity="5.991980e-003" type="0"/>
    <Peak1D F1="4.193345" intensity="1.545273e-002" type="0"/>
    <Peak1D F1="4.176522" intensity="2.885487e-002" type="0"/>
    <Peak1D F1="4.168337" intensity="4.701240e-003" type="0"/>
    <Peak1D F1="4.159518" intensity="1.052785e-002" type="0"/>
    <Peak1D F1="4.153207" intensity="2.199749e-003" type="0"/>
    <Peak1D F1="4.134008" intensity="2.178811e-003" type="0"/>
    <Peak1D F1="4.118843" intensity="5.099891e-003" type="0"/>
    <Peak1D F1="4.101826" intensity="4.960777e-003" type="0"/>
    <Peak1D F1="4.091422" intensity="4.025412e-003" type="0"/>
    <Peak1D F1="4.074076" intensity="1.086781e-002" type="0"/>
    <Peak1D F1="4.066203" intensity="1.527617e-002" type="0"/>
    <Peak1D F1="4.055511" intensity="1.986117e-002" type="0"/>
    <Peak1D F1="4.048742" intensity="3.247224e-002" type="0"/>
    <Peak1D F1="4.038244" intensity="3.118152e-002" type="0"/>
    <Peak1D F1="4.028392" intensity="4.788095e-002" type="0"/>
    <Peak1D F1="4.011106" intensity="2.169355e+000" type="0"/>
    <Peak1D F1="3.993926" intensity="4.318091e+000" type="0"/>
    <Peak1D F1="3.976830" intensity="2.271897e+000" type="0"/>
    <Peak1D F1="3.942197" intensity="1.216085e-002" type="0"/>
    <Peak1D F1="3.924148" intensity="4.159437e-003" type="0"/>
    <Peak1D F1="3.918769" intensity="4.777033e-003" type="0"/>
    <Peak1D F1="3.901703" intensity="1.526094e-003" type="0"/>
    <Peak1D F1="3.830077" intensity="3.094966e-003" type="0"/>
    <Peak1D F1="3.823664" intensity="1.008282e-002" type="0"/>
    <Peak1D F1="3.806563" intensity="2.178299e-002" type="0"/>
    <Peak1D F1="3.789446" intensity="9.607257e-003" type="0"/>
    <Peak1D F1="3.512527" intensity="1.911842e-003" type="0"/>
    <Peak1D F1="3.438912" intensity="3.765554e-003" type="0"/>
    <Peak1D F1="3.427926" intensity="4.486626e-003" type="0"/>
    <Peak1D F1="3.423422" intensity="3.733360e-003" type="0"/>
    <Peak1D F1="3.410924" intensity="3.542210e-003" type="0"/>
    <Peak1D F1="3.315719" intensity="2.891018e-001" type="0"/>
    <Peak1D F1="3.031029" intensity="3.579353e-003" type="0"/>
    <Peak1D F1="3.012804" intensity="3.482092e-003" type="0"/>
    <Peak1D F1="2.932899" intensity="4.107459e-003" type="0"/>
    <Peak1D F1="2.874064" intensity="1.043271e+000" type="0"/>
    <Peak1D F1="2.856102" intensity="1.040047e+000" type="0"/>
    <Peak1D F1="2.818216" intensity="7.775396e-002" type="0"/>
    <Peak1D F1="2.802245" intensity="8.139490e-002" type="0"/>
    <Peak1D F1="2.781217" intensity="1.269373e-002" type="0"/>
    <Peak1D F1="2.767686" intensity="1.205141e-002" type="0"/>
    <Peak1D F1="2.761465" intensity="1.041271e-002" type="0"/>
    <Peak1D F1="2.748365" intensity="2.301385e-002" type="0"/>
    <Peak1D F1="2.740364" intensity="2.355359e-002" type="0"/>
    <Peak1D F1="2.724356" intensity="4.450924e-002" type="0"/>
    <Peak1D F1="2.708257" intensity="3.511633e-002" type="0"/>
    <Peak1D F1="2.688944" intensity="4.697123e-002" type="0"/>
    <Peak1D F1="2.672271" intensity="5.186276e-002" type="0"/>
    <Peak1D F1="2.657896" intensity="4.398246e-002" type="0"/>
    <Peak1D F1="2.637491" intensity="1.590831e-002" type="0"/>
    <Peak1D F1="2.628477" intensity="1.590987e-002" type="0"/>
    <Peak1D F1="2.622307" intensity="1.478395e-002" type="0"/>
    <Peak1D F1="2.601952" intensity="4.198713e-001" type="0"/>
    <Peak1D F1="2.583368" intensity="8.597656e-001" type="0"/>
    <Peak1D F1="2.564776" intensity="4.967878e-001" type="0"/>
    <Peak1D F1="2.503261" intensity="1.461937e-001" type="0"/>
    <Peak1D F1="2.498933" intensity="2.742939e-001" type="0"/>
    <Peak1D F1="2.494434" intensity="3.601809e-001" type="0"/>
    <Peak1D F1="2.489923" intensity="2.663273e-001" type="0"/>
    <Peak1D F1="2.485627" intensity="1.437313e-001" type="0"/>
    <Peak1D F1="2.445523" intensity="7.205242e-001" type="0"/>
    <Peak1D F1="2.442651" intensity="7.303162e-001" type="0"/>
    <Peak1D F1="2.439150" intensity="7.719322e-001" type="0"/>
    <Peak1D F1="2.436580" intensity="8.270447e-001" type="0"/>
    <Peak1D F1="2.434214" intensity="8.141589e-001" type="0"/>
    <Peak1D F1="2.430334" intensity="7.651083e-001" type="0"/>
    <Peak1D F1="2.427100" intensity="8.122218e-001" type="0"/>
    <Peak1D F1="2.424709" intensity="8.456618e-001" type="0"/>
    <Peak1D F1="2.402083" intensity="3.698484e-002" type="0"/>
    <Peak1D F1="2.392188" intensity="2.285763e-002" type="0"/>
    <Peak1D F1="2.384976" intensity="2.513437e-002" type="0"/>
    <Peak1D F1="2.345320" intensity="6.552914e-001" type="0"/>
    <Peak1D F1="2.328216" intensity="1.774346e+000" type="0"/>
    <Peak1D F1="2.310291" intensity="1.750786e+000" type="0"/>
    <Peak1D F1="2.294561" intensity="6.262308e-001" type="0"/>
    <Peak1D F1="2.293119" intensity="6.301236e-001" type="0"/>
    <Peak1D F1="2.250076" intensity="1.161880e+000" type="0"/>
    <Peak1D F1="2.245224" intensity="8.323604e-001" type="0"/>
    <Peak1D F1="2.237886" intensity="1.058235e+000" type="0"/>
    <Peak1D F1="2.232097" intensity="8.886052e-001" type="0"/>
    <Peak1D F1="2.226294" intensity="1.138006e+000" type="0"/>
    <Peak1D F1="2.206813" intensity="9.488970e-001" type="0"/>
    <Peak1D F1="2.192243" intensity="1.242594e+000" type="0"/>
    <Peak1D F1="2.169781" intensity="8.727780e-001" type="0"/>
    <Peak1D F1="2.155465" intensity="4.480239e-001" type="0"/>
    <Peak1D F1="2.140914" intensity="3.245317e+000" type="0"/>
    <Peak1D F1="2.138042" intensity="3.054086e+000" type="0"/>
    <Peak1D F1="2.126867" intensity="1.204403e+000" type="0"/>
    <Peak1D F1="2.107377" intensity="8.235375e-001" type="0"/>
    <Peak1D F1="2.088921" intensity="2.535200e-001" type="0"/>
    <Peak1D F1="2.073864" intensity="2.185954e-001" type="0"/>
    <Peak1D F1="2.045972" intensity="1.500000e+001" type="0"/>
    <Peak1D F1="2.018129" intensity="4.849369e+000" type="0"/>
    <Peak1D F1="2.005406" intensity="1.906822e+000" type="0"/>
    <Peak1D F1="1.983544" intensity="7.941588e-001" type="0"/>
    <Peak1D F1="1.972348" intensity="1.334901e+001" type="0"/>
    <Peak1D F1="1.943876" intensity="2.540470e+000" type="0"/>
    <Peak1D F1="1.940779" intensity="2.666264e+000" type="0"/>
    <Peak1D F1="1.922210" intensity="2.050437e-001" type="0"/>
    <Peak1D F1="1.909310" intensity="1.830524e-001" type="0"/>
    <Peak1D F1="1.902793" intensity="1.106382e-001" type="0"/>
    <Peak1D F1="1.882708" intensity="1.946014e-001" type="0"/>
    <Peak1D F1="1.857429" intensity="6.177690e-002" type="0"/>
    <Peak1D F1="1.842574" intensity="6.352309e-002" type="0"/>
    <Peak1D F1="1.839440" intensity="5.877517e-002" type="0"/>
    <Peak1D F1="1.828481" intensity="2.840278e-002" type="0"/>
    <Peak1D F1="1.822590" intensity="2.839253e-002" type="0"/>
    <Peak1D F1="1.809260" intensity="1.324938e-001" type="0"/>
    <Peak1D F1="1.793550" intensity="4.009658e-002" type="0"/>
    <Peak1D F1="1.783594" intensity="4.440247e-002" type="0"/>
    <Peak1D F1="1.776150" intensity="5.961801e-002" type="0"/>
    <Peak1D F1="1.758404" intensity="2.581625e-002" type="0"/>
    <Peak1D F1="1.743804" intensity="4.928711e-002" type="0"/>
    <Peak1D F1="1.731652" intensity="5.954584e-002" type="0"/>
    <Peak1D F1="1.728552" intensity="6.054945e-002" type="0"/>
    <Peak1D F1="1.723761" intensity="6.799574e-002" type="0"/>
    <Peak1D F1="1.717650" intensity="8.623084e-002" type="0"/>
    <Peak1D F1="1.711980" intensity="7.864438e-002" type="0"/>
    <Peak1D F1="1.703743" intensity="7.622477e-002" type="0"/>
    <Peak1D F1="1.700043" intensity="8.455124e-002" type="0"/>
    <Peak1D F1="1.696182" intensity="9.057747e-002" type="0"/>
    <Peak1D F1="1.689425" intensity="9.598711e-002" type="0"/>
    <Peak1D F1="1.679540" intensity="1.084683e-001" type="0"/>
    <Peak1D F1="1.652281" intensity="2.855637e+000" type="0"/>
    <Peak1D F1="1.641116" intensity="2.585087e+000" type="0"/>
    <Peak1D F1="1.616204" intensity="1.034283e-001" type="0"/>
    <Peak1D F1="1.587210" intensity="2.614998e+000" type="0"/>
    <Peak1D F1="1.566049" intensity="3.094577e+000" type="0"/>
    <Peak1D F1="1.527099" intensity="5.031821e-002" type="0"/>
    <Peak1D F1="1.517867" intensity="4.711485e-002" type="0"/>
    <Peak1D F1="1.508878" intensity="4.610830e-002" type="0"/>
    <Peak1D F1="1.500111" intensity="5.950263e-002" type="0"/>
    <Peak1D F1="1.492551" intensity="6.299514e-002" type="0"/>
    <Peak1D F1="1.484408" intensity="6.036723e-002" type="0"/>
    <Peak1D F1="1.477164" intensity="5.625343e-002" type="0"/>
    <Peak1D F1="1.467091" intensity="1.066658e-001" type="0"/>
    <Peak1D F1="1.459382" intensity="1.613492e-001" type="0"/>
    <Peak1D F1="1.451079" intensity="1.447178e-001" type="0"/>
    <Peak1D F1="1.442768" intensity="2.201303e-001" type="0"/>
    <Peak1D F1="1.433199" intensity="1.975711e-001" type="0"/>
    <Peak1D F1="1.425693" intensity="1.415324e-001" type="0"/>
    <Peak1D F1="1.416796" intensity="1.670651e-001" type="0"/>
    <Peak1D F1="1.407244" intensity="9.215740e-002" type="0"/>
    <Peak1D F1="1.398133" intensity="5.961566e-002" type="0"/>
    <Peak1D F1="1.387412" intensity="4.390913e-002" type="0"/>
    <Peak1D F1="1.379364" intensity="4.784756e-002" type="0"/>
    <Peak1D F1="1.366278" intensity="2.523973e-002" type="0"/>
    <Peak1D F1="1.358471" intensity="3.782861e-002" type="0"/>
    <Peak1D F1="1.350872" intensity="3.075162e-002" type="0"/>
    <Peak1D F1="1.342665" intensity="2.098350e-002" type="0"/>
    <Peak1D F1="1.330905" intensity="2.714313e-002" type="0"/>
    <Peak1D F1="1.312111" intensity="2.852103e-002" type="0"/>
    <Peak1D F1="1.299318" intensity="2.484966e-002" type="0"/>
    <Peak1D F1="1.291167" intensity="3.706585e-002" type="0"/>
    <Peak1D F1="1.277624" intensity="3.803786e-002" type="0"/>
    <Peak1D F1="1.272381" intensity="3.650917e-002" type="0"/>
    <Peak1D F1="1.264344" intensity="4.719721e-002" type="0"/>
    <Peak1D F1="1.246189" intensity="6.923547e-002" type="0"/>
    <Peak1D F1="1.237611" intensity="9.632601e-002" type="0"/>
    <Peak1D F1="1.223578" intensity="4.121988e-001" type="0"/>
    <Peak1D F1="1.211858" intensity="7.205465e-001" type="0"/>
    <Peak1D F1="1.196609" intensity="1.410338e-001" type="0"/>
    <Peak1D F1="1.180071" intensity="1.253537e+000" type="0"/>
    <Peak1D F1="1.177882" intensity="1.085044e+000" type="0"/>
    <Peak1D F1="1.161213" intensity="9.622224e-002" type="0"/>
    <Peak1D F1="1.145317" intensity="6.796758e-002" type="0"/>
    <Peak1D F1="1.138134" intensity="4.428910e-002" type="0"/>
    <Peak1D F1="1.119675" intensity="7.399620e-002" type="0"/>
    <Peak1D F1="1.111332" intensity="6.503212e-002" type="0"/>
    <Peak1D F1="1.105192" intensity="9.586552e-002" type="0"/>
    <Peak1D F1="1.100555" intensity="1.077865e-001" type="0"/>
    <Peak1D F1="1.086448" intensity="8.482430e-002" type="0"/>
    <Peak1D F1="1.081538" intensity="6.287616e-002" type="0"/>
    <Peak1D F1="1.067702" intensity="5.555220e-002" type="0"/>
    <Peak1D F1="1.054746" intensity="3.879412e-002" type="0"/>
    <Peak1D F1="1.037701" intensity="2.088566e-002" type="0"/>
    <Peak1D F1="1.028006" intensity="2.850929e-002" type="0"/>
    <Peak1D F1="1.018983" intensity="4.663453e-002" type="0"/>
    <Peak1D F1="1.012374" intensity="3.447485e-002" type="0"/>
    <Peak1D F1="1.004614" intensity="3.239813e-002" type="0"/>
    <Peak1D F1="0.998788" intensity="2.382050e-002" type="0"/>
    <Peak1D F1="0.992284" intensity="3.193609e-002" type="0"/>
    <Peak1D F1="0.963917" intensity="2.078851e+000" type="0"/>
    <Peak1D F1="0.949578" intensity="3.983478e+000" type="0"/>
    <Peak1D F1="0.945125" intensity="4.345107e+000" type="0"/>
    <Peak1D F1="0.930743" intensity="7.058511e+000" type="0"/>
    <Peak1D F1="0.926443" intensity="2.876452e+000" type="0"/>
    <Peak1D F1="0.911935" intensity="3.617541e+000" type="0"/>
    <Peak1D F1="0.903009" intensity="5.120777e-001" type="0"/>
    <Peak1D F1="0.884314" intensity="2.338553e-001" type="0"/>
    <Peak1D F1="0.867671" intensity="7.464417e-002" type="0"/>
    <Peak1D F1="0.853782" intensity="3.594702e-002" type="0"/>
    <Peak1D F1="0.848092" intensity="3.562813e-002" type="0"/>
    <Peak1D F1="0.818935" intensity="1.918726e-002" type="0"/>
    <Peak1D F1="0.804545" intensity="2.769147e-002" type="0"/>
    <Peak1D F1="0.798531" intensity="3.483437e-002" type="0"/>
    <Peak1D F1="0.790193" intensity="3.706808e-002" type="0"/>
    <Peak1D F1="0.785805" intensity="4.161927e-002" type="0"/>
    <Peak1D F1="0.781476" intensity="3.592861e-002" type="0"/>
    <Peak1D F1="0.771436" intensity="5.333629e-002" type="0"/>
    <Peak1D F1="0.767177" intensity="2.964930e-002" type="0"/>
    <Peak1D F1="0.752628" intensity="2.776704e-002" type="0"/>
    <Peak1D F1="0.731117" intensity="7.570216e-003" type="0"/>
    <Peak1D F1="0.724756" intensity="8.030012e-003" type="0"/>
    <Peak1D F1="0.711558" intensity="6.350385e-003" type="0"/>
    <Peak1D F1="0.688914" intensity="4.763114e-003" type="0"/>
    <Peak1D F1="0.671233" intensity="4.409437e-003" type="0"/>
    <Peak1D F1="0.630393" intensity="9.035307e-003" type="0"/>
    <Peak1D F1="0.612289" intensity="3.288922e-003" type="0"/>
    <Peak1D F1="0.589147" intensity="2.457587e-003" type="0"/>
    <Peak1D F1="0.552535" intensity="1.848363e-003" type="0"/>
    <Peak1D F1="0.531061" intensity="1.696381e-003" type="0"/>
    <Peak1D F1="0.518022" intensity="1.632331e-003" type="0"/>
    <Peak1D F1="0.007921" intensity="3.160161e-003" type="0"/>
    <Peak1D F1="-0.000153" intensity="8.148399e-002" type="0"/>
    <Peak1D F1="-0.008217" intensity="3.912967e-003" type="0"/>
  </PeakList1D>
</PeakList>
