<?xml version="1.0" encoding="UTF-8"?>
<PeakList>
  <PeakList1D>
    <PeakList1DHeader creator="root" date="2021-09-13T14:03:57.936+08:00" expNo="1" name="0913MDS" owner="" procNo="1" source="D:/Zhi-Ming Zhang">
      <PeakPickDetails>F1=16.232620ppm, F2=-3.792924ppm, MI=0.00cm, MAXI=10000.00cm, PC=1.000
      </PeakPickDetails>
    </PeakList1DHeader>
    <Peak1D F1="11.807387" intensity="9.309788e-002" type="0"/>
    <Peak1D F1="2.561473" intensity="1.895145e-001" type="0"/>
    <Peak1D F1="2.557014" intensity="2.575056e-001" type="0"/>
    <Peak1D F1="2.552563" intensity="1.920287e-001" type="0"/>
    <Peak1D F1="2.453408" intensity="1.352673e-002" type="0"/>
    <Peak1D F1="2.435302" intensity="4.281610e-002" type="0"/>
    <Peak1D F1="2.417284" intensity="4.877613e-002" type="0"/>
    <Peak1D F1="2.399911" intensity="2.391737e-002" type="0"/>
    <Peak1D F1="2.384281" intensity="1.301946e-002" type="0"/>
    <Peak1D F1="2.294274" intensity="3.696290e-001" type="0"/>
    <Peak1D F1="2.276758" intensity="1.563138e+000" type="0"/>
    <Peak1D F1="2.259348" intensity="2.795999e+000" type="0"/>
    <Peak1D F1="2.242640" intensity="2.915506e+000" type="0"/>
    <Peak1D F1="2.225316" intensity="1.765081e+000" type="0"/>
    <Peak1D F1="2.207922" intensity="4.437936e-001" type="0"/>
    <Peak1D F1="2.180295" intensity="2.585254e-002" type="0"/>
    <Peak1D F1="2.162093" intensity="1.449149e-002" type="0"/>
    <Peak1D F1="2.094711" intensity="2.907076e-002" type="0"/>
    <Peak1D F1="2.075801" intensity="4.861039e-002" type="0"/>
    <Peak1D F1="2.066299" intensity="1.604666e-001" type="0"/>
    <Peak1D F1="1.910715" intensity="1.897883e-002" type="0"/>
    <Peak1D F1="1.763582" intensity="1.462628e-002" type="0"/>
    <Peak1D F1="1.748349" intensity="1.513090e-002" type="0"/>
    <Peak1D F1="1.729893" intensity="1.896602e-002" type="0"/>
    <Peak1D F1="1.711414" intensity="1.509891e-002" type="0"/>
    <Peak1D F1="1.643216" intensity="3.538266e-001" type="0"/>
    <Peak1D F1="1.624595" intensity="1.355561e+000" type="0"/>
    <Peak1D F1="1.606048" intensity="2.139876e+000" type="0"/>
    <Peak1D F1="1.590866" intensity="2.129079e+000" type="0"/>
    <Peak1D F1="1.587646" intensity="1.801344e+000" type="0"/>
    <Peak1D F1="1.572340" intensity="2.891250e+000" type="0"/>
    <Peak1D F1="1.553852" intensity="1.988793e+000" type="0"/>
    <Peak1D F1="1.535434" intensity="5.430105e-001" type="0"/>
    <Peak1D F1="1.454376" intensity="4.684995e-001" type="0"/>
    <Peak1D F1="1.435709" intensity="1.512686e+000" type="0"/>
    <Peak1D F1="1.419821" intensity="1.961540e+000" type="0"/>
    <Peak1D F1="1.417259" intensity="1.878679e+000" type="0"/>
    <Peak1D F1="1.401565" intensity="2.486708e+000" type="0"/>
    <Peak1D F1="1.385844" intensity="1.366049e+000" type="0"/>
    <Peak1D F1="1.383302" intensity="1.779863e+000" type="0"/>
    <Peak1D F1="1.367586" intensity="1.141373e+000" type="0"/>
    <Peak1D F1="1.349305" intensity="3.919573e-001" type="0"/>
    <Peak1D F1="1.271063" intensity="2.040991e-002" type="0"/>
    <Peak1D F1="1.258209" intensity="1.933296e-002" type="0"/>
    <Peak1D F1="1.226799" intensity="1.336804e-001" type="0"/>
    <Peak1D F1="1.209340" intensity="1.322985e-001" type="0"/>
    <Peak1D F1="1.069548" intensity="1.462851e+001" type="0"/>
    <Peak1D F1="1.051967" intensity="1.500000e+001" type="0"/>
    <Peak1D F1="1.027673" intensity="2.774882e-001" type="0"/>
    <Peak1D F1="1.008988" intensity="1.001804e-001" type="0"/>
    <Peak1D F1="0.954422" intensity="6.761987e-002" type="0"/>
    <Peak1D F1="0.936170" intensity="1.378782e-001" type="0"/>
    <Peak1D F1="0.927749" intensity="1.851293e-001" type="0"/>
    <Peak1D F1="0.917854" intensity="1.637353e-001" type="0"/>
    <Peak1D F1="0.908956" intensity="3.344869e-001" type="0"/>
    <Peak1D F1="0.891469" intensity="8.644455e+000" type="0"/>
    <Peak1D F1="0.872676" intensity="1.459054e+001" type="0"/>
    <Peak1D F1="0.854142" intensity="8.357283e+000" type="0"/>
    <Peak1D F1="0.733358" intensity="7.427769e-002" type="0"/>
    <Peak1D F1="0.714801" intensity="1.327856e-001" type="0"/>
    <Peak1D F1="0.696216" intensity="6.572990e-002" type="0"/>
    <Peak1D F1="-0.000152" intensity="5.629921e-002" type="0"/>
  </PeakList1D>
</PeakList>
