<?xml version="1.0" encoding="UTF-8"?>
<PeakList>
  <PeakList1D>
    <PeakList1DHeader creator="root" date="2021-09-26T20:01:09.620+08:00" expNo="1" name="0926xj17" owner="" procNo="1" source="D:/Zhi-Ming Zhang">
      <PeakPickDetails>F1=16.210300ppm, F2=-3.815243ppm, MI=0.00cm, MAXI=10000.00cm, PC=1.000
      </PeakPickDetails>
    </PeakList1DHeader>
    <Peak1D F1="16.189396" intensity="2.649965e-003" type="0"/>
    <Peak1D F1="16.079430" intensity="2.372148e-003" type="0"/>
    <Peak1D F1="15.930614" intensity="2.039611e-003" type="0"/>
    <Peak1D F1="15.910675" intensity="2.020609e-003" type="0"/>
    <Peak1D F1="15.858450" intensity="1.902424e-003" type="0"/>
    <Peak1D F1="15.802218" intensity="1.656698e-003" type="0"/>
    <Peak1D F1="15.768167" intensity="1.679171e-003" type="0"/>
    <Peak1D F1="15.707507" intensity="1.551378e-003" type="0"/>
    <Peak1D F1="15.639564" intensity="1.403700e-003" type="0"/>
    <Peak1D F1="15.592178" intensity="1.276116e-003" type="0"/>
    <Peak1D F1="15.568670" intensity="1.218922e-003" type="0"/>
    <Peak1D F1="12.710661" intensity="1.292768e-003" type="0"/>
    <Peak1D F1="12.519462" intensity="3.253609e-003" type="0"/>
    <Peak1D F1="11.923132" intensity="7.223155e-002" type="0"/>
    <Peak1D F1="11.157366" intensity="2.617709e-003" type="0"/>
    <Peak1D F1="11.127130" intensity="2.540529e-003" type="0"/>
    <Peak1D F1="11.120371" intensity="2.391540e-003" type="0"/>
    <Peak1D F1="11.087162" intensity="2.234823e-003" type="0"/>
    <Peak1D F1="11.039868" intensity="1.984146e-003" type="0"/>
    <Peak1D F1="10.990888" intensity="2.176584e-003" type="0"/>
    <Peak1D F1="10.982274" intensity="2.176850e-003" type="0"/>
    <Peak1D F1="10.829225" intensity="4.341589e-003" type="0"/>
    <Peak1D F1="10.180960" intensity="5.518734e-003" type="0"/>
    <Peak1D F1="10.161004" intensity="5.501471e-003" type="0"/>
    <Peak1D F1="10.119419" intensity="1.503428e-003" type="0"/>
    <Peak1D F1="10.108706" intensity="1.352321e-003" type="0"/>
    <Peak1D F1="10.099657" intensity="1.915449e-003" type="0"/>
    <Peak1D F1="10.081638" intensity="4.808514e-003" type="0"/>
    <Peak1D F1="10.071738" intensity="3.525971e-003" type="0"/>
    <Peak1D F1="10.061305" intensity="5.601648e-003" type="0"/>
    <Peak1D F1="10.049444" intensity="1.179551e-002" type="0"/>
    <Peak1D F1="10.029139" intensity="1.143012e-002" type="0"/>
    <Peak1D F1="10.018991" intensity="5.432738e-003" type="0"/>
    <Peak1D F1="10.012971" intensity="5.590871e-003" type="0"/>
    <Peak1D F1="10.001294" intensity="1.243204e-002" type="0"/>
    <Peak1D F1="9.985758" intensity="8.883173e-002" type="0"/>
    <Peak1D F1="9.970984" intensity="9.275930e-001" type="0"/>
    <Peak1D F1="9.950974" intensity="9.356537e-001" type="0"/>
    <Peak1D F1="9.939689" intensity="2.136072e-002" type="0"/>
    <Peak1D F1="9.931819" intensity="1.155747e-002" type="0"/>
    <Peak1D F1="9.919057" intensity="1.090885e-002" type="0"/>
    <Peak1D F1="9.912054" intensity="4.562791e-003" type="0"/>
    <Peak1D F1="9.902184" intensity="7.723576e-003" type="0"/>
    <Peak1D F1="9.871858" intensity="6.962581e-001" type="0"/>
    <Peak1D F1="9.851520" intensity="7.007974e-001" type="0"/>
    <Peak1D F1="9.825850" intensity="3.446941e-003" type="0"/>
    <Peak1D F1="9.819747" intensity="4.197530e-003" type="0"/>
    <Peak1D F1="9.812343" intensity="2.371278e-003" type="0"/>
    <Peak1D F1="9.804667" intensity="1.781120e-003" type="0"/>
    <Peak1D F1="9.796943" intensity="1.569717e-003" type="0"/>
    <Peak1D F1="9.792357" intensity="2.090647e-003" type="0"/>
    <Peak1D F1="9.785197" intensity="1.917597e-003" type="0"/>
    <Peak1D F1="9.754615" intensity="5.218054e-003" type="0"/>
    <Peak1D F1="9.745844" intensity="1.932804e-003" type="0"/>
    <Peak1D F1="9.738281" intensity="4.846476e-003" type="0"/>
    <Peak1D F1="9.734735" intensity="6.640213e-003" type="0"/>
    <Peak1D F1="9.711627" intensity="1.340489e-002" type="0"/>
    <Peak1D F1="9.685297" intensity="5.650567e-003" type="0"/>
    <Peak1D F1="9.655370" intensity="4.165959e-003" type="0"/>
    <Peak1D F1="9.634260" intensity="6.683631e-003" type="0"/>
    <Peak1D F1="9.582392" intensity="1.995796e-003" type="0"/>
    <Peak1D F1="9.566276" intensity="2.253497e-003" type="0"/>
    <Peak1D F1="9.560096" intensity="3.745670e-003" type="0"/>
    <Peak1D F1="9.552275" intensity="1.281713e-003" type="0"/>
    <Peak1D F1="9.544070" intensity="4.659409e-003" type="0"/>
    <Peak1D F1="9.531574" intensity="1.930225e-002" type="0"/>
    <Peak1D F1="9.491389" intensity="2.343309e+000" type="0"/>
    <Peak1D F1="9.460423" intensity="2.276810e-003" type="0"/>
    <Peak1D F1="9.449903" intensity="1.290580e-002" type="0"/>
    <Peak1D F1="9.432055" intensity="4.638380e-003" type="0"/>
    <Peak1D F1="9.265256" intensity="1.196501e-002" type="0"/>
    <Peak1D F1="8.143023" intensity="8.146397e-003" type="0"/>
    <Peak1D F1="8.114482" intensity="3.853515e-002" type="0"/>
    <Peak1D F1="7.611931" intensity="4.048157e-003" type="0"/>
    <Peak1D F1="7.603263" intensity="4.156264e-003" type="0"/>
    <Peak1D F1="7.392879" intensity="9.024221e-001" type="0"/>
    <Peak1D F1="7.384204" intensity="9.161724e-001" type="0"/>
    <Peak1D F1="7.332907" intensity="1.661099e-003" type="0"/>
    <Peak1D F1="7.322871" intensity="1.657294e-003" type="0"/>
    <Peak1D F1="7.169540" intensity="3.498501e-003" type="0"/>
    <Peak1D F1="7.160812" intensity="3.618820e-003" type="0"/>
    <Peak1D F1="6.622551" intensity="3.043474e-003" type="0"/>
    <Peak1D F1="6.615448" intensity="2.964977e-003" type="0"/>
    <Peak1D F1="6.404491" intensity="7.288807e-001" type="0"/>
    <Peak1D F1="6.402738" intensity="7.307121e-001" type="0"/>
    <Peak1D F1="6.395846" intensity="7.316192e-001" type="0"/>
    <Peak1D F1="6.394102" intensity="7.022619e-001" type="0"/>
    <Peak1D F1="6.343246" intensity="1.322151e-003" type="0"/>
    <Peak1D F1="6.334387" intensity="1.744309e-003" type="0"/>
    <Peak1D F1="6.235729" intensity="1.308776e-003" type="0"/>
    <Peak1D F1="6.191061" intensity="2.594396e-003" type="0"/>
    <Peak1D F1="6.180354" intensity="2.724988e-003" type="0"/>
    <Peak1D F1="6.171894" intensity="2.798877e-003" type="0"/>
    <Peak1D F1="6.163685" intensity="3.144067e-003" type="0"/>
    <Peak1D F1="6.147325" intensity="3.143531e-003" type="0"/>
    <Peak1D F1="6.119775" intensity="3.367029e-003" type="0"/>
    <Peak1D F1="6.074233" intensity="4.538294e-003" type="0"/>
    <Peak1D F1="6.057657" intensity="2.853068e-003" type="0"/>
    <Peak1D F1="6.053724" intensity="4.639491e-003" type="0"/>
    <Peak1D F1="6.051030" intensity="4.912537e-003" type="0"/>
    <Peak1D F1="6.038120" intensity="1.723934e-002" type="0"/>
    <Peak1D F1="6.010501" intensity="3.189899e-002" type="0"/>
    <Peak1D F1="5.997511" intensity="7.609521e-001" type="0"/>
    <Peak1D F1="5.970033" intensity="8.389277e-001" type="0"/>
    <Peak1D F1="5.953685" intensity="8.670136e-001" type="0"/>
    <Peak1D F1="5.926215" intensity="8.874413e-001" type="0"/>
    <Peak1D F1="5.903250" intensity="8.907319e-003" type="0"/>
    <Peak1D F1="5.894685" intensity="7.810615e-003" type="0"/>
    <Peak1D F1="5.880365" intensity="8.057788e-003" type="0"/>
    <Peak1D F1="5.877512" intensity="7.910394e-003" type="0"/>
    <Peak1D F1="5.854555" intensity="4.150473e-002" type="0"/>
    <Peak1D F1="5.851960" intensity="4.430012e-002" type="0"/>
    <Peak1D F1="5.849141" intensity="3.933740e-002" type="0"/>
    <Peak1D F1="5.831835" intensity="5.450648e-002" type="0"/>
    <Peak1D F1="5.828774" intensity="5.432681e-002" type="0"/>
    <Peak1D F1="5.816623" intensity="3.191784e-001" type="0"/>
    <Peak1D F1="5.797102" intensity="6.723561e-001" type="0"/>
    <Peak1D F1="5.779670" intensity="3.876345e-001" type="0"/>
    <Peak1D F1="5.777175" intensity="3.778357e-001" type="0"/>
    <Peak1D F1="5.755964" intensity="1.475489e-002" type="0"/>
    <Peak1D F1="5.738129" intensity="9.705151e-003" type="0"/>
    <Peak1D F1="5.735056" intensity="1.058149e-002" type="0"/>
    <Peak1D F1="5.728270" intensity="9.560281e-003" type="0"/>
    <Peak1D F1="5.714571" intensity="7.666617e-003" type="0"/>
    <Peak1D F1="5.701749" intensity="3.825955e-003" type="0"/>
    <Peak1D F1="5.689632" intensity="3.967059e-003" type="0"/>
    <Peak1D F1="5.659429" intensity="2.056396e-002" type="0"/>
    <Peak1D F1="5.619894" intensity="2.880220e-002" type="0"/>
    <Peak1D F1="5.604697" intensity="3.528809e-002" type="0"/>
    <Peak1D F1="5.581541" intensity="9.784687e-003" type="0"/>
    <Peak1D F1="5.558553" intensity="4.969348e-003" type="0"/>
    <Peak1D F1="5.553146" intensity="5.092516e-003" type="0"/>
    <Peak1D F1="5.527098" intensity="7.375222e-003" type="0"/>
    <Peak1D F1="5.509030" intensity="1.505825e-002" type="0"/>
    <Peak1D F1="5.490776" intensity="8.267220e-003" type="0"/>
    <Peak1D F1="5.487909" intensity="7.917584e-003" type="0"/>
    <Peak1D F1="5.469437" intensity="8.251817e-003" type="0"/>
    <Peak1D F1="5.451616" intensity="4.035919e-003" type="0"/>
    <Peak1D F1="5.351274" intensity="7.799922e-003" type="0"/>
    <Peak1D F1="5.320055" intensity="3.618849e-003" type="0"/>
    <Peak1D F1="5.305355" intensity="8.098895e-003" type="0"/>
    <Peak1D F1="5.286040" intensity="9.004024e-003" type="0"/>
    <Peak1D F1="5.283864" intensity="9.083196e-003" type="0"/>
    <Peak1D F1="5.275811" intensity="5.270770e-003" type="0"/>
    <Peak1D F1="5.258662" intensity="9.245588e-003" type="0"/>
    <Peak1D F1="5.223296" intensity="2.938869e-003" type="0"/>
    <Peak1D F1="5.217012" intensity="3.023629e-003" type="0"/>
    <Peak1D F1="5.159245" intensity="1.128831e+000" type="0"/>
    <Peak1D F1="5.157004" intensity="1.167253e+000" type="0"/>
    <Peak1D F1="5.143411" intensity="1.531110e-001" type="0"/>
    <Peak1D F1="5.140671" intensity="1.688142e-001" type="0"/>
    <Peak1D F1="5.137368" intensity="1.461137e-001" type="0"/>
    <Peak1D F1="5.125150" intensity="2.815595e-001" type="0"/>
    <Peak1D F1="5.121863" intensity="3.603061e-001" type="0"/>
    <Peak1D F1="5.115444" intensity="1.177095e+000" type="0"/>
    <Peak1D F1="5.113210" intensity="1.162230e+000" type="0"/>
    <Peak1D F1="5.089702" intensity="1.686974e+000" type="0"/>
    <Peak1D F1="5.087478" intensity="1.604506e+000" type="0"/>
    <Peak1D F1="5.078983" intensity="7.988306e-001" type="0"/>
    <Peak1D F1="5.075669" intensity="8.681519e-001" type="0"/>
    <Peak1D F1="5.072595" intensity="7.770332e-001" type="0"/>
    <Peak1D F1="5.062229" intensity="1.428942e+000" type="0"/>
    <Peak1D F1="5.059987" intensity="1.381885e+000" type="0"/>
    <Peak1D F1="5.031062" intensity="2.192348e-002" type="0"/>
    <Peak1D F1="5.003215" intensity="9.756505e-003" type="0"/>
    <Peak1D F1="5.000679" intensity="9.980688e-003" type="0"/>
    <Peak1D F1="4.962462" intensity="1.065019e-002" type="0"/>
    <Peak1D F1="4.949518" intensity="7.082357e-003" type="0"/>
    <Peak1D F1="4.919052" intensity="1.057358e-002" type="0"/>
    <Peak1D F1="4.893331" intensity="1.598299e-002" type="0"/>
    <Peak1D F1="4.889443" intensity="1.676889e-002" type="0"/>
    <Peak1D F1="4.881901" intensity="1.002162e-002" type="0"/>
    <Peak1D F1="4.877349" intensity="8.064170e-003" type="0"/>
    <Peak1D F1="4.861762" intensity="8.681207e-003" type="0"/>
    <Peak1D F1="4.855170" intensity="4.371068e-003" type="0"/>
    <Peak1D F1="4.850500" intensity="4.880653e-003" type="0"/>
    <Peak1D F1="4.820855" intensity="1.682506e-003" type="0"/>
    <Peak1D F1="4.774841" intensity="8.961394e-003" type="0"/>
    <Peak1D F1="4.741676" intensity="8.065610e-003" type="0"/>
    <Peak1D F1="4.738422" intensity="7.935998e-003" type="0"/>
    <Peak1D F1="4.727602" intensity="6.794298e-003" type="0"/>
    <Peak1D F1="4.689274" intensity="1.266006e-002" type="0"/>
    <Peak1D F1="4.657877" intensity="1.238839e-002" type="0"/>
    <Peak1D F1="4.347504" intensity="3.059661e-003" type="0"/>
    <Peak1D F1="4.326506" intensity="1.601578e-003" type="0"/>
    <Peak1D F1="4.313447" intensity="1.430911e-003" type="0"/>
    <Peak1D F1="4.265079" intensity="2.635095e-003" type="0"/>
    <Peak1D F1="4.249242" intensity="3.952065e-003" type="0"/>
    <Peak1D F1="4.234076" intensity="2.296860e-003" type="0"/>
    <Peak1D F1="4.220233" intensity="4.086982e-003" type="0"/>
    <Peak1D F1="4.180832" intensity="2.262610e-003" type="0"/>
    <Peak1D F1="4.168539" intensity="7.902317e-003" type="0"/>
    <Peak1D F1="4.152722" intensity="2.176807e-003" type="0"/>
    <Peak1D F1="4.136320" intensity="3.558342e-003" type="0"/>
    <Peak1D F1="4.119257" intensity="2.283929e-003" type="0"/>
    <Peak1D F1="4.088454" intensity="3.549798e-003" type="0"/>
    <Peak1D F1="4.070829" intensity="1.032429e-002" type="0"/>
    <Peak1D F1="4.052906" intensity="1.208132e-002" type="0"/>
    <Peak1D F1="4.031448" intensity="9.396164e-003" type="0"/>
    <Peak1D F1="4.014201" intensity="8.120699e-003" type="0"/>
    <Peak1D F1="3.962405" intensity="6.557661e-003" type="0"/>
    <Peak1D F1="3.946430" intensity="6.592312e-003" type="0"/>
    <Peak1D F1="3.916759" intensity="3.622204e-003" type="0"/>
    <Peak1D F1="3.898389" intensity="2.994827e-003" type="0"/>
    <Peak1D F1="3.877852" intensity="3.962579e-003" type="0"/>
    <Peak1D F1="3.862862" intensity="3.258407e-003" type="0"/>
    <Peak1D F1="3.835726" intensity="5.543899e-003" type="0"/>
    <Peak1D F1="3.808455" intensity="5.397152e-003" type="0"/>
    <Peak1D F1="3.776162" intensity="3.479442e-003" type="0"/>
    <Peak1D F1="3.756994" intensity="4.650733e-003" type="0"/>
    <Peak1D F1="3.740154" intensity="5.517000e-003" type="0"/>
    <Peak1D F1="3.720804" intensity="4.856694e-003" type="0"/>
    <Peak1D F1="3.702163" intensity="4.197027e-003" type="0"/>
    <Peak1D F1="3.687013" intensity="4.213904e-003" type="0"/>
    <Peak1D F1="3.670097" intensity="4.149354e-003" type="0"/>
    <Peak1D F1="3.653762" intensity="4.237182e-003" type="0"/>
    <Peak1D F1="3.642645" intensity="4.253502e-003" type="0"/>
    <Peak1D F1="3.613273" intensity="4.436763e-003" type="0"/>
    <Peak1D F1="3.596991" intensity="4.760116e-003" type="0"/>
    <Peak1D F1="3.571237" intensity="5.556569e-003" type="0"/>
    <Peak1D F1="3.555187" intensity="6.513485e-003" type="0"/>
    <Peak1D F1="3.545025" intensity="6.396398e-003" type="0"/>
    <Peak1D F1="3.533244" intensity="6.044974e-003" type="0"/>
    <Peak1D F1="3.500784" intensity="8.737787e-003" type="0"/>
    <Peak1D F1="3.479146" intensity="4.918723e-003" type="0"/>
    <Peak1D F1="3.462575" intensity="4.556357e-003" type="0"/>
    <Peak1D F1="3.443896" intensity="4.876945e-003" type="0"/>
    <Peak1D F1="3.426860" intensity="5.332572e-003" type="0"/>
    <Peak1D F1="3.417465" intensity="4.756760e-003" type="0"/>
    <Peak1D F1="3.408468" intensity="4.636862e-003" type="0"/>
    <Peak1D F1="3.401803" intensity="4.388216e-003" type="0"/>
    <Peak1D F1="3.394294" intensity="4.461065e-003" type="0"/>
    <Peak1D F1="3.374606" intensity="4.045674e-003" type="0"/>
    <Peak1D F1="3.356261" intensity="1.390990e-002" type="0"/>
    <Peak1D F1="3.338786" intensity="3.430338e-003" type="0"/>
    <Peak1D F1="3.322175" intensity="3.066922e-003" type="0"/>
    <Peak1D F1="3.314359" intensity="3.082747e-003" type="0"/>
    <Peak1D F1="3.262993" intensity="1.568858e-003" type="0"/>
    <Peak1D F1="3.235200" intensity="1.644101e-003" type="0"/>
    <Peak1D F1="3.228155" intensity="1.607245e-003" type="0"/>
    <Peak1D F1="3.221822" intensity="1.963455e-003" type="0"/>
    <Peak1D F1="3.215622" intensity="1.382776e-003" type="0"/>
    <Peak1D F1="3.081704" intensity="3.410231e-003" type="0"/>
    <Peak1D F1="2.814340" intensity="3.847317e-003" type="0"/>
    <Peak1D F1="2.808149" intensity="2.304715e-003" type="0"/>
    <Peak1D F1="2.794144" intensity="1.364941e-002" type="0"/>
    <Peak1D F1="2.781196" intensity="1.143774e-002" type="0"/>
    <Peak1D F1="2.776485" intensity="1.054724e-002" type="0"/>
    <Peak1D F1="2.762175" intensity="2.321711e-002" type="0"/>
    <Peak1D F1="2.747438" intensity="2.080295e-002" type="0"/>
    <Peak1D F1="2.743091" intensity="1.535002e-002" type="0"/>
    <Peak1D F1="2.731700" intensity="4.119264e-002" type="0"/>
    <Peak1D F1="2.722222" intensity="1.378585e-002" type="0"/>
    <Peak1D F1="2.715785" intensity="2.265071e-002" type="0"/>
    <Peak1D F1="2.700645" intensity="3.606506e-002" type="0"/>
    <Peak1D F1="2.684883" intensity="5.347090e-002" type="0"/>
    <Peak1D F1="2.669209" intensity="3.974081e-002" type="0"/>
    <Peak1D F1="2.655220" intensity="1.834011e-002" type="0"/>
    <Peak1D F1="2.640125" intensity="2.438593e-002" type="0"/>
    <Peak1D F1="2.616514" intensity="4.530391e-001" type="0"/>
    <Peak1D F1="2.597931" intensity="9.413499e-001" type="0"/>
    <Peak1D F1="2.579359" intensity="5.462700e-001" type="0"/>
    <Peak1D F1="2.551266" intensity="5.619391e-002" type="0"/>
    <Peak1D F1="2.538391" intensity="2.568488e-001" type="0"/>
    <Peak1D F1="2.533949" intensity="3.347476e-001" type="0"/>
    <Peak1D F1="2.529556" intensity="2.493310e-001" type="0"/>
    <Peak1D F1="2.510011" intensity="7.675539e-003" type="0"/>
    <Peak1D F1="2.500721" intensity="4.899880e-003" type="0"/>
    <Peak1D F1="2.488545" intensity="4.050652e-003" type="0"/>
    <Peak1D F1="2.482410" intensity="3.741791e-003" type="0"/>
    <Peak1D F1="2.469111" intensity="2.339303e-003" type="0"/>
    <Peak1D F1="2.459147" intensity="2.124431e-003" type="0"/>
    <Peak1D F1="2.454308" intensity="1.818765e-003" type="0"/>
    <Peak1D F1="2.445084" intensity="1.241593e-002" type="0"/>
    <Peak1D F1="2.434821" intensity="1.791869e-002" type="0"/>
    <Peak1D F1="2.391883" intensity="4.823204e+000" type="0"/>
    <Peak1D F1="2.369473" intensity="5.071894e-002" type="0"/>
    <Peak1D F1="2.361604" intensity="4.469730e-002" type="0"/>
    <Peak1D F1="2.349328" intensity="4.345650e-002" type="0"/>
    <Peak1D F1="2.344896" intensity="4.642509e-002" type="0"/>
    <Peak1D F1="2.341931" intensity="4.853189e-002" type="0"/>
    <Peak1D F1="2.331122" intensity="4.529896e-002" type="0"/>
    <Peak1D F1="2.323508" intensity="3.608709e-002" type="0"/>
    <Peak1D F1="2.317022" intensity="3.469126e-002" type="0"/>
    <Peak1D F1="2.314275" intensity="3.229870e-002" type="0"/>
    <Peak1D F1="2.304424" intensity="2.100455e-002" type="0"/>
    <Peak1D F1="2.293354" intensity="2.261719e-002" type="0"/>
    <Peak1D F1="2.275928" intensity="5.389605e-002" type="0"/>
    <Peak1D F1="2.268132" intensity="3.223130e-002" type="0"/>
    <Peak1D F1="2.258580" intensity="9.776445e-002" type="0"/>
    <Peak1D F1="2.248609" intensity="1.896110e-001" type="0"/>
    <Peak1D F1="2.239129" intensity="3.948388e-001" type="0"/>
    <Peak1D F1="2.219780" intensity="8.979402e-001" type="0"/>
    <Peak1D F1="2.208958" intensity="1.023227e+000" type="0"/>
    <Peak1D F1="2.198874" intensity="8.792581e-001" type="0"/>
    <Peak1D F1="2.183985" intensity="8.873569e-001" type="0"/>
    <Peak1D F1="2.159339" intensity="3.209200e+000" type="0"/>
    <Peak1D F1="2.156705" intensity="3.238703e+000" type="0"/>
    <Peak1D F1="2.130102" intensity="1.659484e-001" type="0"/>
    <Peak1D F1="2.123358" intensity="2.176714e-001" type="0"/>
    <Peak1D F1="2.112432" intensity="1.805840e-001" type="0"/>
    <Peak1D F1="2.092158" intensity="3.613036e+000" type="0"/>
    <Peak1D F1="2.075341" intensity="6.289588e+000" type="0"/>
    <Peak1D F1="2.058882" intensity="1.703095e-001" type="0"/>
    <Peak1D F1="2.042853" intensity="2.816376e-001" type="0"/>
    <Peak1D F1="2.027008" intensity="6.353749e-001" type="0"/>
    <Peak1D F1="2.010825" intensity="1.019590e+000" type="0"/>
    <Peak1D F1="1.994348" intensity="1.145131e+000" type="0"/>
    <Peak1D F1="1.985437" intensity="4.398381e-001" type="0"/>
    <Peak1D F1="1.977231" intensity="9.848157e-001" type="0"/>
    <Peak1D F1="1.975485" intensity="1.028693e+000" type="0"/>
    <Peak1D F1="1.961961" intensity="3.179583e+000" type="0"/>
    <Peak1D F1="1.959008" intensity="3.586323e+000" type="0"/>
    <Peak1D F1="1.952850" intensity="9.999819e+000" type="0"/>
    <Peak1D F1="1.937454" intensity="8.430438e-001" type="0"/>
    <Peak1D F1="1.929751" intensity="1.123987e+000" type="0"/>
    <Peak1D F1="1.912251" intensity="6.558287e-001" type="0"/>
    <Peak1D F1="1.891290" intensity="2.271060e-001" type="0"/>
    <Peak1D F1="1.875514" intensity="4.397189e-001" type="0"/>
    <Peak1D F1="1.858204" intensity="3.241213e-001" type="0"/>
    <Peak1D F1="1.853342" intensity="2.676734e-001" type="0"/>
    <Peak1D F1="1.842998" intensity="6.188321e-001" type="0"/>
    <Peak1D F1="1.836093" intensity="2.179126e-001" type="0"/>
    <Peak1D F1="1.821908" intensity="6.370566e-001" type="0"/>
    <Peak1D F1="1.802282" intensity="3.757142e-001" type="0"/>
    <Peak1D F1="1.790097" intensity="1.106649e-001" type="0"/>
    <Peak1D F1="1.780319" intensity="8.667222e-002" type="0"/>
    <Peak1D F1="1.763246" intensity="5.194665e-001" type="0"/>
    <Peak1D F1="1.747404" intensity="5.436302e-001" type="0"/>
    <Peak1D F1="1.739376" intensity="4.604558e-001" type="0"/>
    <Peak1D F1="1.730733" intensity="3.845550e-001" type="0"/>
    <Peak1D F1="1.722748" intensity="4.447667e-001" type="0"/>
    <Peak1D F1="1.710404" intensity="5.510330e-001" type="0"/>
    <Peak1D F1="1.695962" intensity="1.342791e-001" type="0"/>
    <Peak1D F1="1.689106" intensity="2.781472e-001" type="0"/>
    <Peak1D F1="1.658538" intensity="2.786004e+000" type="0"/>
    <Peak1D F1="1.643567" intensity="6.026491e+000" type="0"/>
    <Peak1D F1="1.611689" intensity="1.773161e-001" type="0"/>
    <Peak1D F1="1.593624" intensity="2.855152e+000" type="0"/>
    <Peak1D F1="1.572084" intensity="2.318446e+000" type="0"/>
    <Peak1D F1="1.557912" intensity="4.947167e+000" type="0"/>
    <Peak1D F1="1.523000" intensity="1.011441e-001" type="0"/>
    <Peak1D F1="1.511236" intensity="1.723291e-001" type="0"/>
    <Peak1D F1="1.488061" intensity="7.696055e+000" type="0"/>
    <Peak1D F1="1.457031" intensity="2.467564e-001" type="0"/>
    <Peak1D F1="1.451287" intensity="1.433410e-001" type="0"/>
    <Peak1D F1="1.436060" intensity="1.162058e-001" type="0"/>
    <Peak1D F1="1.433515" intensity="1.192087e-001" type="0"/>
    <Peak1D F1="1.427315" intensity="1.277828e-001" type="0"/>
    <Peak1D F1="1.414651" intensity="1.382927e-001" type="0"/>
    <Peak1D F1="1.399271" intensity="1.428614e-001" type="0"/>
    <Peak1D F1="1.381245" intensity="1.062311e-001" type="0"/>
    <Peak1D F1="1.365188" intensity="6.072370e-002" type="0"/>
    <Peak1D F1="1.358340" intensity="6.640323e-002" type="0"/>
    <Peak1D F1="1.345180" intensity="1.527260e-001" type="0"/>
    <Peak1D F1="1.326823" intensity="6.854580e-002" type="0"/>
    <Peak1D F1="1.320512" intensity="4.330415e-002" type="0"/>
    <Peak1D F1="1.313497" intensity="3.766652e-002" type="0"/>
    <Peak1D F1="1.298384" intensity="3.342991e-002" type="0"/>
    <Peak1D F1="1.277992" intensity="6.273511e-002" type="0"/>
    <Peak1D F1="1.260355" intensity="5.693613e-002" type="0"/>
    <Peak1D F1="1.250901" intensity="6.585744e-002" type="0"/>
    <Peak1D F1="1.231584" intensity="5.637679e-001" type="0"/>
    <Peak1D F1="1.219834" intensity="1.056621e+000" type="0"/>
    <Peak1D F1="1.202951" intensity="9.208185e-002" type="0"/>
    <Peak1D F1="1.191007" intensity="2.231377e-001" type="0"/>
    <Peak1D F1="1.179934" intensity="1.245428e-001" type="0"/>
    <Peak1D F1="1.173099" intensity="5.097659e-002" type="0"/>
    <Peak1D F1="1.158025" intensity="5.354564e-002" type="0"/>
    <Peak1D F1="1.152977" intensity="5.003601e-002" type="0"/>
    <Peak1D F1="1.146718" intensity="6.640048e-002" type="0"/>
    <Peak1D F1="1.131374" intensity="4.621001e-002" type="0"/>
    <Peak1D F1="1.120456" intensity="7.107489e-002" type="0"/>
    <Peak1D F1="1.107376" intensity="7.121410e-002" type="0"/>
    <Peak1D F1="1.096894" intensity="5.322990e-002" type="0"/>
    <Peak1D F1="1.088583" intensity="8.312533e-002" type="0"/>
    <Peak1D F1="1.081530" intensity="1.606310e-001" type="0"/>
    <Peak1D F1="1.071747" intensity="5.520418e-001" type="0"/>
    <Peak1D F1="1.065267" intensity="1.792472e-001" type="0"/>
    <Peak1D F1="1.054301" intensity="5.102755e-001" type="0"/>
    <Peak1D F1="1.041024" intensity="3.919984e-002" type="0"/>
    <Peak1D F1="1.035392" intensity="3.608495e-002" type="0"/>
    <Peak1D F1="1.031098" intensity="3.586365e-002" type="0"/>
    <Peak1D F1="1.017203" intensity="2.760211e-002" type="0"/>
    <Peak1D F1="1.010828" intensity="2.416490e-002" type="0"/>
    <Peak1D F1="0.995885" intensity="2.564585e-002" type="0"/>
    <Peak1D F1="0.988173" intensity="1.829446e-002" type="0"/>
    <Peak1D F1="0.979372" intensity="3.842586e-002" type="0"/>
    <Peak1D F1="0.971870" intensity="3.246043e-002" type="0"/>
    <Peak1D F1="0.963148" intensity="7.883529e-002" type="0"/>
    <Peak1D F1="0.927137" intensity="1.467545e+001" type="0"/>
    <Peak1D F1="0.910658" intensity="1.500000e+001" type="0"/>
    <Peak1D F1="0.892734" intensity="6.282351e-001" type="0"/>
    <Peak1D F1="0.873918" intensity="6.267899e-001" type="0"/>
    <Peak1D F1="0.855331" intensity="3.204809e-001" type="0"/>
    <Peak1D F1="0.846759" intensity="1.417718e-001" type="0"/>
    <Peak1D F1="0.827467" intensity="1.299779e-001" type="0"/>
    <Peak1D F1="0.808845" intensity="7.517050e-002" type="0"/>
    <Peak1D F1="0.801438" intensity="6.531427e-002" type="0"/>
    <Peak1D F1="0.784399" intensity="5.329054e-002" type="0"/>
    <Peak1D F1="0.769394" intensity="1.273971e-001" type="0"/>
    <Peak1D F1="0.760566" intensity="3.992320e-002" type="0"/>
    <Peak1D F1="0.753182" intensity="1.200149e-001" type="0"/>
    <Peak1D F1="0.744445" intensity="3.442504e-002" type="0"/>
    <Peak1D F1="0.725083" intensity="2.379409e-002" type="0"/>
    <Peak1D F1="0.716311" intensity="2.143352e-002" type="0"/>
    <Peak1D F1="0.697267" intensity="1.669680e-002" type="0"/>
    <Peak1D F1="0.671079" intensity="1.426408e-002" type="0"/>
    <Peak1D F1="0.653903" intensity="1.233221e-002" type="0"/>
    <Peak1D F1="0.632909" intensity="1.118689e-002" type="0"/>
    <Peak1D F1="0.618902" intensity="1.657854e-002" type="0"/>
    <Peak1D F1="0.558226" intensity="7.232056e-003" type="0"/>
    <Peak1D F1="0.541494" intensity="6.721747e-003" type="0"/>
    <Peak1D F1="0.519546" intensity="5.738942e-003" type="0"/>
    <Peak1D F1="0.468218" intensity="4.827560e-003" type="0"/>
    <Peak1D F1="0.440883" intensity="4.207458e-003" type="0"/>
    <Peak1D F1="0.433720" intensity="4.108865e-003" type="0"/>
    <Peak1D F1="0.422662" intensity="4.047769e-003" type="0"/>
    <Peak1D F1="0.404543" intensity="3.634678e-003" type="0"/>
    <Peak1D F1="0.395808" intensity="3.543577e-003" type="0"/>
    <Peak1D F1="0.391452" intensity="3.493455e-003" type="0"/>
    <Peak1D F1="0.383814" intensity="3.393736e-003" type="0"/>
    <Peak1D F1="0.365323" intensity="3.335428e-003" type="0"/>
    <Peak1D F1="0.348160" intensity="3.115057e-003" type="0"/>
    <Peak1D F1="0.296785" intensity="2.729391e-003" type="0"/>
    <Peak1D F1="0.264863" intensity="2.217119e-003" type="0"/>
    <Peak1D F1="0.247025" intensity="1.953457e-003" type="0"/>
    <Peak1D F1="0.216125" intensity="1.797503e-003" type="0"/>
    <Peak1D F1="0.206251" intensity="1.661730e-003" type="0"/>
    <Peak1D F1="0.146513" intensity="1.470318e-003" type="0"/>
    <Peak1D F1="0.007840" intensity="3.603583e-003" type="0"/>
    <Peak1D F1="-0.000157" intensity="7.715964e-002" type="0"/>
    <Peak1D F1="-0.008253" intensity="4.211320e-003" type="0"/>
    <Peak1D F1="-3.210073" intensity="1.202721e-003" type="0"/>
    <Peak1D F1="-3.240808" intensity="1.301066e-003" type="0"/>
    <Peak1D F1="-3.259515" intensity="1.295265e-003" type="0"/>
    <Peak1D F1="-3.278742" intensity="1.310576e-003" type="0"/>
    <Peak1D F1="-3.342483" intensity="1.379963e-003" type="0"/>
    <Peak1D F1="-3.371876" intensity="1.418764e-003" type="0"/>
    <Peak1D F1="-3.440717" intensity="1.544752e-003" type="0"/>
    <Peak1D F1="-3.520593" intensity="1.623829e-003" type="0"/>
    <Peak1D F1="-3.542560" intensity="1.725641e-003" type="0"/>
    <Peak1D F1="-3.566920" intensity="1.723312e-003" type="0"/>
    <Peak1D F1="-3.584419" intensity="1.768135e-003" type="0"/>
    <Peak1D F1="-3.624355" intensity="1.797738e-003" type="0"/>
    <Peak1D F1="-3.797654" intensity="2.061046e-003" type="0"/>
  </PeakList1D>
</PeakList>
